secuencial;anyo;mes;nombre_mes;dia_semana;nombre_dia_semana;hora;cod_provincia;nombre_provincia;cod_municipio;nombre_codigo_municipio;isla;nombre_isla;zona;nombre_zona;zona_agrupada;nombre_zona_agrupada;carretera;km;sentido_1f;nombre_sentido;titularidad_via;nombre_titularidad_via;tipo_via;nombre_tipo_via;tipo_accidente;nombre_tipo_accidente;total_mu24h;total_hg24h;total_hl24h;total_victimas_24h;total_mu30df;total_hg30df;total_hl30df;total_victimas_30df;total_vehiculos;tot_peat_mu24h;tot_bici_mu24h;tot_ciclo_mu24h;tot_moto_mu24h;tot_tur_mu24h;tot_furg_mu24h;tot_cam_menos3500_mu24h;tot_cam_mas3500_mu24h;tot_bus_mu24h;tot_otro_mu24h;tot_sinespecif_mu24h;tot_peat_mu30df;tot_bici_mu30df;tot_ciclo_mu30df;tot_moto_mu30df;tot_tur_mu30df;tot_furg_mu30df;tot_cam_menos3500_mu30df;tot_cam_mas3500_mu30df;tot_bus_mu30df;tot_otro_mu30df;tot_sinespecif_mu30df;nudo;nombre_nudo;nudo_info;nombre_nudo_info;carretera_cruce;priori_norma;nombre_priori_norma;priori_agente;nombre_priori_agente;priori_semaforo;nombre_priori_semaforo;priori_vert_stop;nombre_priori_vert_stop;priori_vert_ceda;nombre_priori_priori_vert_ceda;priori_horiz_stop;nombre_priori_horiz_stop;priori_horiz_ceda;nombre_priori_horiz_ceda;priori_marcas;nombre_priori_marcas;priori_pea_no_elev;nombre_priori_pea_no_elev;priori_pea_elev;nombre_priori_pea_elev;priori_marca_ciclos;nombre_priori_marca_ciclos;priori_circunstancial;nombre_priori_circunstancial;priori_otra;nombre_priori_otra;condicion_nivel_circula;nombre_condicion_nivel_circula;condicion_firme;nombre_condicion_firme;condicion_iluminacion;nombre_condicion_iluminacion;condicion_meteo;nombre_condicion_meteo;condicion_niebla;nombre_condicion_niebla;condicion_viento;nombre_condicion_viento;visib_restringida_por;nombre_visib_restringida_por;acera;nombre_acera;trazado_planta;nombre_trazado_planta;latitud;longitud;geom
76899;2017;8;Agosto;7;DOMINGO;17;35;Palmas, Las;35021;Santa Brígida;7;Gran Canaria;1;Carretera;1;VÍAS INTERURBANAS;GC-15;1.8;1;Ascendente;3;Provincial, Cabildo/Consell;6;Carretera Convencional de calzada única;4;Por alcance                                        ;0;0;2;2;0;0;2;2;2;0;0;0;0;0;0;0;0;0;0;0;0;0;0;0;0;0;0;0;0;0;0;2;Fuera de intersección o nudo;;;;999;Sin especificar;999;Sin especificar;999;Sin especificar;999;Sin especificar;999;Sin especificar;999;Sin especificar;999;Sin especificar;999;Sin especificar;999;Sin especificar;999;Sin especificar;999;Sin especificar;999;Sin especificar;999;Sin especificar;1;Nivel blanco;1;Seco y limpio;1;Luz del día natural, solar;1;Despejado;;;;;1;Buena visibilidad;998;No aplica;1;Recta;280.306;-1.549.134;POINT (-15.49134 28.0306)
70659;2016;4;Abril;7;DOMINGO;17;30;Murcia;30016;Cartagena;;No aplica;1;Carretera;1;VÍAS INTERURBANAS;RM-332;20.8;1;Ascendente;2;Autonómica;6;Carretera Convencional de calzada única;1;Frontal                                            ;0;0;3;3;0;0;3;3;2;0;0;0;0;0;0;0;0;0;0;0;0;0;0;0;0;0;0;0;0;0;0;2;Fuera de intersección o nudo;;;;999;Sin especificar;999;Sin especificar;999;Sin especificar;999;Sin especificar;999;Sin especificar;999;Sin especificar;999;Sin especificar;999;Sin especificar;999;Sin especificar;999;Sin especificar;999;Sin especificar;999;Sin especificar;999;Sin especificar;1;Nivel blanco;1;Seco y limpio;1;Luz del día natural, solar;1;Despejado;;;;;999;Sin especificar;998;No aplica;2;Curva señalizada;3.760.565;-0.9912944;POINT (-0.9912944 37.60565)
45500;2019;2;Febrero;1;LUNES;13;21;Huelva;21041;Huelva;;No aplica;1;Carretera;1;VÍAS INTERURBANAS;N-431;80.8;2;Descendente;1;Estatal;6;Carretera Convencional de calzada única;4;Por alcance                                        ;0;0;1;1;0;0;1;1;2;0;0;0;0;0;0;0;0;0;0;0;0;0;0;0;0;0;0;0;0;0;0;1;En intersección o nudo;2;En T o Y;;0;No;0;No;0;No;1;Sí;0;No;0;No;0;No;0;No;0;No;0;No;0;No;0;No;0;No;1;Nivel blanco;1;Seco y limpio;1;Luz del día natural, solar;1;Despejado;;;;;1;Buena visibilidad;998;No aplica;1;Recta;372.571;-6.949.555;POINT (-6.949555 37.2571)
1310;2020;10;Octubre;7;DOMINGO;12;2;Albacete;0;;;No aplica;1;Carretera;1;VÍAS INTERURBANAS;CM-412;202.65;1;Ascendente;2;Autonómica;6;Carretera Convencional de calzada única;18;Salida de la vía por la derecha con vuelco         ;0;0;1;1;0;0;1;1;2;0;0;0;0;0;0;0;0;0;0;0;0;0;0;0;0;0;0;0;0;0;0;2;Fuera de intersección o nudo;;;;999;Sin especificar;999;Sin especificar;999;Sin especificar;999;Sin especificar;999;Sin especificar;999;Sin especificar;999;Sin especificar;999;Sin especificar;999;Sin especificar;999;Sin especificar;999;Sin especificar;999;Sin especificar;999;Sin especificar;1;Nivel blanco;1;Seco y limpio;1;Luz del día natural, solar;1;Despejado;;;;;1;Buena visibilidad;998;No aplica;1;Recta;3.848.421;-237.249;POINT (-2.37249 38.48421)
82208;2017;12;Diciembre;7;DOMINGO;18;39;Cantabria;0;;;No aplica;1;Carretera;1;VÍAS INTERURBANAS;A-8;222.7;2;Descendente;1;Estatal;3;Autovía;16;Salida de la vía por la derecha con colisión       ;0;0;1;1;0;0;1;1;1;0;0;0;0;0;0;0;0;0;0;0;0;0;0;0;0;0;0;0;0;0;0;1;En intersección o nudo;10;Enlace con carriles de cambio de velocidad paralelos al tronco;N-634;1;Sí;0;No;0;No;0;No;0;No;0;No;0;No;0;No;0;No;0;No;0;No;0;No;0;No;2;Nivel verde;3;Mojado;5;Sin luz natural y con iluminación artificial no en;3;Lluvia débil;;;;;1;Buena visibilidad;998;No aplica;1;Recta;4.331.368;-390.226;POINT (-3.90226 43.31368)
45658;2017;3;Marzo;5;VIERNES;0;20;Gipuzkoa;20067;Errenteria;;No aplica;1;Carretera;1;VÍAS INTERURBANAS;GI-636;3.9;2;Descendente;3;Provincial, Cabildo/Consell;3;Autovía;1;Frontal                                            ;0;1;1;2;0;1;1;2;2;0;0;0;0;0;0;0;0;0;0;0;0;0;0;0;0;0;0;0;0;0;0;2;Fuera de intersección o nudo;;;;999;Sin especificar;999;Sin especificar;999;Sin especificar;999;Sin especificar;999;Sin especificar;999;Sin especificar;999;Sin especificar;999;Sin especificar;999;Sin especificar;999;Sin especificar;999;Sin especificar;999;Sin especificar;999;Sin especificar;1;Nivel blanco;1;Seco y limpio;6;Sin luz natural ni artificial;1;Despejado;;;;;1;Buena visibilidad;998;No aplica;3;Curva sin señalizar;4.331.275;-1.899.633;POINT (-1.899633 43.31275)
64882;2020;8;Agosto;4;JUEVES;13;46;Valencia/València;46111;Chiva;;No aplica;1;Carretera;1;VÍAS INTERURBANAS;A-3;322;2;Descendente;1;Estatal;3;Autovía;3;Lateral                                            ;0;0;1;1;0;0;1;1;2;0;0;0;0;0;0;0;0;0;0;0;0;0;0;0;0;0;0;0;0;0;0;2;Fuera de intersección o nudo;;;;999;Sin especificar;999;Sin especificar;999;Sin especificar;999;Sin especificar;999;Sin especificar;999;Sin especificar;999;Sin especificar;999;Sin especificar;999;Sin especificar;999;Sin especificar;999;Sin especificar;999;Sin especificar;999;Sin especificar;2;Nivel verde;1;Seco y limpio;1;Luz del día natural, solar;1;Despejado;;;;;1;Buena visibilidad;998;No aplica;1;Recta;3.941.825;-0.7907688;POINT (-0.7907688 39.41825)
3634;2019;5;Mayo;1;LUNES;9;3;Alicante/Alacant;3094;Nucia, la;;No aplica;1;Carretera;1;VÍAS INTERURBANAS;CV-70;44.5;1;Ascendente;2;Autonómica;5;Carretera Convencional de doble calzada;2;Fronto-lateral                                     ;0;0;1;1;0;0;1;1;2;0;0;0;0;0;0;0;0;0;0;0;0;0;0;0;0;0;0;0;0;0;0;1;En intersección o nudo;2;En T o Y;;0;No;0;No;0;No;1;Sí;0;No;0;No;0;No;0;No;0;No;0;No;0;No;0;No;0;No;1;Nivel blanco;1;Seco y limpio;1;Luz del día natural, solar;1;Despejado;;;;;1;Buena visibilidad;998;No aplica;1;Recta;3.861.438;-0.1257095;POINT (-0.1257095 38.61438)
5378;2019;12;Diciembre;5;VIERNES;18;4;Almería;4102;Vícar;;No aplica;1;Carretera;1;VÍAS INTERURBANAS;A-391;1.7;3;Ambos;2;Autonómica;6;Carretera Convencional de calzada única;2;Fronto-lateral                                     ;0;0;5;5;0;0;5;5;2;0;0;0;0;0;0;0;0;0;0;0;0;0;0;0;0;0;0;0;0;0;0;2;Fuera de intersección o nudo;;;;999;Sin especificar;999;Sin especificar;999;Sin especificar;999;Sin especificar;999;Sin especificar;999;Sin especificar;999;Sin especificar;999;Sin especificar;999;Sin especificar;999;Sin especificar;999;Sin especificar;999;Sin especificar;999;Sin especificar;1;Nivel blanco;3;Mojado;5;Sin luz natural y con iluminación artificial no en;2;Nublado;;;;;5;Factores atmosféricos;998;No aplica;2;Curva señalizada;3.683.145;-2.642.515;POINT (-2.642515 36.83145)
9100;2020;6;Junio;3;MIÉRCOLES;13;8;Barcelona;0;;;No aplica;1;Carretera;1;VÍAS INTERURBANAS;BV-3003;2.2;2;Descendente;3;Provincial, Cabildo/Consell;5;Carretera Convencional de doble calzada;9;Vuelco                                             ;0;1;0;1;0;1;0;1;2;0;0;0;0;0;0;0;0;0;0;0;0;0;0;0;0;0;0;0;0;0;0;2;Fuera de intersección o nudo;;;;999;Sin especificar;999;Sin especificar;999;Sin especificar;999;Sin especificar;999;Sin especificar;999;Sin especificar;999;Sin especificar;999;Sin especificar;999;Sin especificar;999;Sin especificar;999;Sin especificar;999;Sin especificar;999;Sin especificar;1;Nivel blanco;1;Seco y limpio;1;Luz del día natural, solar;1;Despejado;;;;;4;Configuración del terreno;998;No aplica;2;Curva señalizada;4.178.994;176.506;POINT (1.76506 41.78994)
69088;2017;3;Marzo;7;DOMINGO;23;29;Málaga;29067;Málaga;;No aplica;1;Carretera;1;VÍAS INTERURBANAS;A-357;65.2;2;Descendente;2;Autonómica;3;Autovía;20;Otro tipo de accidente                             ;0;0;1;1;0;0;1;1;2;0;0;0;0;0;0;0;0;0;0;0;0;0;0;0;0;0;0;0;0;0;0;2;Fuera de intersección o nudo;;;;999;Sin especificar;999;Sin especificar;999;Sin especificar;999;Sin especificar;999;Sin especificar;999;Sin especificar;999;Sin especificar;999;Sin especificar;999;Sin especificar;999;Sin especificar;999;Sin especificar;999;Sin especificar;999;Sin especificar;1;Nivel blanco;3;Mojado;6;Sin luz natural ni artificial;4;Lluvia fuerte;;;;;5;Factores atmosféricos;998;No aplica;1;Recta;3.671.965;-4.420.019;POINT (-4.420019 36.71965)
50196;2017;5;Mayo;7;DOMINGO;19;25;Lleida;0;;;No aplica;1;Carretera;1;VÍAS INTERURBANAS;C-14;124.3;4;Se desconoce;4;Municipal;5;Carretera Convencional de doble calzada;2;Fronto-lateral                                     ;0;0;1;1;0;0;1;1;2;0;0;0;0;0;0;0;0;0;0;0;0;0;0;0;0;0;0;0;0;0;0;2;Fuera de intersección o nudo;;;;999;Sin especificar;999;Sin especificar;999;Sin especificar;999;Sin especificar;999;Sin especificar;999;Sin especificar;999;Sin especificar;999;Sin especificar;999;Sin especificar;999;Sin especificar;999;Sin especificar;999;Sin especificar;999;Sin especificar;6;Se desconoce;1;Seco y limpio;1;Luz del día natural, solar;1;Despejado;;;;;18;Se desconoce;998;No aplica;4;Se desconoce;4.194.005;125.829;POINT (1.25829 41.94005)
53729;2021;12;Diciembre;5;VIERNES;19;28;Madrid;0;;;No aplica;1;Carretera;1;VÍAS INTERURBANAS;N-IIIa;35;3;Ambos;1;Estatal;6;Carretera Convencional de calzada única;12;Salida de la vía por la izquierda con colisión     ;0;0;1;1;0;0;1;1;1;0;0;0;0;0;0;0;0;0;0;0;0;0;0;0;0;0;0;0;0;0;0;1;En intersección o nudo;4;Glorieta;N-IIIa;0;No;0;No;0;No;0;No;1;Sí;0;No;0;No;0;No;0;No;0;No;0;No;0;No;0;No;1;Nivel blanco;3;Mojado;1;Luz del día natural, solar;3;Lluvia débil;;;;;1;Buena visibilidad;998;No aplica;2;Curva señalizada;4.025.516;-337.567;POINT (-3.37567 40.25516)
39147;2018;4;Abril;4;JUEVES;13;15;Coruña, A;0;;;No aplica;1;Carretera;1;VÍAS INTERURBANAS;DP-6121;7.3;1;Ascendente;3;Provincial, Cabildo/Consell;6;Carretera Convencional de calzada única;18;Salida de la vía por la derecha con vuelco         ;0;0;1;1;0;0;1;1;1;0;0;0;0;0;0;0;0;0;0;0;0;0;0;0;0;0;0;0;0;0;0;2;Fuera de intersección o nudo;;;;999;Sin especificar;999;Sin especificar;999;Sin especificar;999;Sin especificar;999;Sin especificar;999;Sin especificar;999;Sin especificar;999;Sin especificar;999;Sin especificar;999;Sin especificar;999;Sin especificar;999;Sin especificar;999;Sin especificar;1;Nivel blanco;1;Seco y limpio;1;Luz del día natural, solar;1;Despejado;;;;;1;Buena visibilidad;998;No aplica;1;Recta;437.181;-787.979;POINT (-7.87979 43.7181)
53463;2017;4;Abril;6;SÁBADO;13;28;Madrid;28023;Boalo, El;;No aplica;1;Carretera;1;VÍAS INTERURBANAS;M-608;32;2;Descendente;2;Autonómica;6;Carretera Convencional de calzada única;2;Fronto-lateral                                     ;0;0;1;1;0;0;1;1;2;0;0;0;0;0;0;0;0;0;0;0;0;0;0;0;0;0;0;0;0;0;0;1;En intersección o nudo;4;Glorieta;M-608;0;No;0;No;0;No;0;No;1;Sí;0;No;0;No;0;No;0;No;0;No;0;No;0;No;0;No;1;Nivel blanco;1;Seco y limpio;1;Luz del día natural, solar;1;Despejado;;;;;1;Buena visibilidad;998;No aplica;2;Curva señalizada;4.071.746;-3.920.084;POINT (-3.920084 40.71746)
58741;2020;4;Abril;1;LUNES;22;39;Cantabria;39087;Torrelavega;;No aplica;1;Carretera;1;VÍAS INTERURBANAS;A-8;231;1;Ascendente;1;Estatal;3;Autovía;16;Salida de la vía por la derecha con colisión       ;0;0;2;2;0;0;2;2;1;0;0;0;0;0;0;0;0;0;0;0;0;0;0;0;0;0;0;0;0;0;0;1;En intersección o nudo;4;Glorieta;;1;Sí;0;No;0;No;0;No;0;No;0;No;0;No;0;No;0;No;0;No;0;No;0;No;0;No;1;Nivel blanco;3;Mojado;6;Sin luz natural ni artificial;3;Lluvia débil;;;;;1;Buena visibilidad;998;No aplica;2;Curva señalizada;4.335.146;-4.047.017;POINT (-4.047017 43.35146)
33198;2021;8;Agosto;5;VIERNES;19;17;Girona;0;;;No aplica;2;Travesía;2;VÍAS URBANAS;C-162;4.5;4;Se desconoce;5;Otra;6;Carretera Convencional de calzada única;4;Por alcance                                        ;0;0;4;4;0;0;4;4;5;0;0;0;0;0;0;0;0;0;0;0;0;0;0;0;0;0;0;0;0;0;0;1;En intersección o nudo;2;En T o Y;;1;Sí;0;No;0;No;0;No;0;No;0;No;0;No;0;No;0;No;0;No;0;No;0;No;0;No;999;Sin especificar;1;Seco y limpio;1;Luz del día natural, solar;1;Despejado;;;1;Viento fuerte;999;Sin especificar;998;No aplica;4;Se desconoce;4.236.269;187.315;POINT (1.87315 42.36269)
13741;2016;5;Mayo;1;LUNES;13;8;Barcelona;8252;Barberà del Vallès;;No aplica;1;Carretera;1;VÍAS INTERURBANAS;AP-7;146;4;Se desconoce;1;Estatal;1;Autopista de peaje;3;Lateral                                            ;0;0;1;1;0;0;1;1;2;0;0;0;0;0;0;0;0;0;0;0;0;0;0;0;0;0;0;0;0;0;0;2;Fuera de intersección o nudo;;;;999;Sin especificar;999;Sin especificar;999;Sin especificar;999;Sin especificar;999;Sin especificar;999;Sin especificar;999;Sin especificar;999;Sin especificar;999;Sin especificar;999;Sin especificar;999;Sin especificar;999;Sin especificar;999;Sin especificar;6;Se desconoce;1;Seco y limpio;1;Luz del día natural, solar;1;Despejado;;;;;18;Se desconoce;998;No aplica;4;Se desconoce;4.153.486;2.178.988;POINT (2.178988 41.53486)
23640;2020;10;Octubre;7;DOMINGO;11;12;Castellón/Castelló;0;;;No aplica;1;Carretera;1;VÍAS INTERURBANAS;CV-235;8.95;2;Descendente;2;Autonómica;6;Carretera Convencional de calzada única;17;Salida de la vía por la derecha con despeñamiento  ;0;1;0;1;0;1;0;1;1;0;0;0;0;0;0;0;0;0;0;0;0;0;0;0;0;0;0;0;0;0;0;2;Fuera de intersección o nudo;;;;999;Sin especificar;999;Sin especificar;999;Sin especificar;999;Sin especificar;999;Sin especificar;999;Sin especificar;999;Sin especificar;999;Sin especificar;999;Sin especificar;999;Sin especificar;999;Sin especificar;999;Sin especificar;999;Sin especificar;2;Nivel verde;1;Seco y limpio;1;Luz del día natural, solar;1;Despejado;;;;;4;Configuración del terreno;998;No aplica;2;Curva señalizada;3.989.441;-0.6747;POINT (-0.6747 39.89441)
43867;2019;2;Febrero;4;JUEVES;7;20;Gipuzkoa;20045;Irun;;No aplica;1;Carretera;1;VÍAS INTERURBANAS;N-121-A;69.7;2;Descendente;3;Provincial, Cabildo/Consell;6;Carretera Convencional de calzada única;3;Lateral                                            ;0;0;1;1;0;0;1;1;3;0;0;0;0;0;0;0;0;0;0;0;0;0;0;0;0;0;0;0;0;0;0;1;En intersección o nudo;2;En T o Y;;1;Sí;0;No;0;No;0;No;0;No;0;No;0;No;0;No;0;No;0;No;0;No;0;No;0;No;1;Nivel blanco;1;Seco y limpio;6;Sin luz natural ni artificial;1;Despejado;;;;;1;Buena visibilidad;998;No aplica;3;Curva sin señalizar;4.333.823;-1.789.272;POINT (-1.789272 43.33823)
32174;2017;11;Noviembre;6;SÁBADO;21;9;Burgos;9059;Burgos;;No aplica;1;Carretera;1;VÍAS INTERURBANAS;BU-11;0.2;2;Descendente;1;Estatal;3;Autovía;4;Por alcance                                        ;0;0;2;2;0;0;2;2;2;0;0;0;0;0;0;0;0;0;0;0;0;0;0;0;0;0;0;0;0;0;0;2;Fuera de intersección o nudo;;;;999;Sin especificar;999;Sin especificar;999;Sin especificar;999;Sin especificar;999;Sin especificar;999;Sin especificar;999;Sin especificar;999;Sin especificar;999;Sin especificar;999;Sin especificar;999;Sin especificar;999;Sin especificar;999;Sin especificar;3;Nivel amarillo;1;Seco y limpio;4;Sin luz natural y con iluminación artificial encen;1;Despejado;;;;;1;Buena visibilidad;998;No aplica;1;Recta;4.234.087;-3.699.731;POINT (-3.699731 42.34087)
15332;2017;7;Julio;4;JUEVES;0;8;Barcelona;8181;Roca del Vallès, La;;No aplica;1;Carretera;1;VÍAS INTERURBANAS;BV-5105;2;4;Se desconoce;4;Municipal;5;Carretera Convencional de doble calzada;20;Otro tipo de accidente                             ;0;0;1;1;0;0;1;1;1;0;0;0;0;0;0;0;0;0;0;0;0;0;0;0;0;0;0;0;0;0;0;2;Fuera de intersección o nudo;;;;999;Sin especificar;999;Sin especificar;999;Sin especificar;999;Sin especificar;999;Sin especificar;999;Sin especificar;999;Sin especificar;999;Sin especificar;999;Sin especificar;999;Sin especificar;999;Sin especificar;999;Sin especificar;999;Sin especificar;6;Se desconoce;1;Seco y limpio;6;Sin luz natural ni artificial;1;Despejado;;;;;18;Se desconoce;998;No aplica;4;Se desconoce;4.159.053;2.326.258;POINT (2.326258 41.59053)
22331;2018;4;Abril;2;MARTES;5;8;Barcelona;8019;Barcelona;;No aplica;1;Carretera;1;VÍAS INTERURBANAS;B-10;16.8;4;Se desconoce;1;Estatal;3;Autovía;20;Otro tipo de accidente                             ;0;0;1;1;0;0;1;1;2;0;0;0;0;0;0;0;0;0;0;0;0;0;0;0;0;0;0;0;0;0;0;2;Fuera de intersección o nudo;;;;999;Sin especificar;999;Sin especificar;999;Sin especificar;999;Sin especificar;999;Sin especificar;999;Sin especificar;999;Sin especificar;999;Sin especificar;999;Sin especificar;999;Sin especificar;999;Sin especificar;999;Sin especificar;999;Sin especificar;6;Se desconoce;1;Seco y limpio;5;Sin luz natural y con iluminación artificial no en;1;Despejado;1;Niebla ligera;;;18;Se desconoce;998;No aplica;4;Se desconoce;4.138.792;2.169.919;POINT (2.169919 41.38792)
48195;2017;11;Noviembre;6;SÁBADO;10;23;Jaén;0;;;No aplica;1;Carretera;1;VÍAS INTERURBANAS;JA-3207;5.2;1;Ascendente;3;Provincial, Cabildo/Consell;6;Carretera Convencional de calzada única;13;Salida de la vía por la izquierda con despeñamiento;0;0;1;1;0;0;1;1;1;0;0;0;0;0;0;0;0;0;0;0;0;0;0;0;0;0;0;0;0;0;0;2;Fuera de intersección o nudo;;;;999;Sin especificar;999;Sin especificar;999;Sin especificar;999;Sin especificar;999;Sin especificar;999;Sin especificar;999;Sin especificar;999;Sin especificar;999;Sin especificar;999;Sin especificar;999;Sin especificar;999;Sin especificar;999;Sin especificar;1;Nivel blanco;1;Seco y limpio;1;Luz del día natural, solar;1;Despejado;;;;;1;Buena visibilidad;998;No aplica;3;Curva sin señalizar;3.763.578;-357.292;POINT (-3.57292 37.63578)
93346;2016;7;Julio;6;SÁBADO;13;46;Valencia/València;46249;Utiel;;No aplica;1;Carretera;1;VÍAS INTERURBANAS;N-III;263.35;2;Descendente;1;Estatal;6;Carretera Convencional de calzada única;2;Fronto-lateral                                     ;0;0;2;2;0;0;2;2;2;0;0;0;0;0;0;0;0;0;0;0;0;0;0;0;0;0;0;0;0;0;0;1;En intersección o nudo;2;En T o Y;;0;No;0;No;0;No;1;Sí;0;No;0;No;0;No;0;No;0;No;0;No;0;No;0;No;0;No;1;Nivel blanco;4;Muy encharcado o inundado;1;Luz del día natural, solar;1;Despejado;;;;;999;Sin especificar;998;No aplica;1;Recta;3.956.762;-1.203.385;POINT (-1.203385 39.56762)
15098;2021;7;Julio;6;SÁBADO;10;8;Barcelona;8123;Molins de Rei;;No aplica;1;Carretera;1;VÍAS INTERURBANAS;BV-1468;4;4;Se desconoce;5;Otra;6;Carretera Convencional de calzada única;9;Vuelco                                             ;0;0;2;2;0;0;2;2;1;0;0;0;0;0;0;0;0;0;0;0;0;0;0;0;0;0;0;0;0;0;0;2;Fuera de intersección o nudo;;;;999;Sin especificar;999;Sin especificar;999;Sin especificar;999;Sin especificar;999;Sin especificar;999;Sin especificar;999;Sin especificar;999;Sin especificar;999;Sin especificar;999;Sin especificar;999;Sin especificar;999;Sin especificar;999;Sin especificar;999;Sin especificar;1;Seco y limpio;1;Luz del día natural, solar;1;Despejado;;;1;Viento fuerte;999;Sin especificar;998;No aplica;4;Se desconoce;4.141.392;2.015.836;POINT (2.015836 41.41392)
52264;2020;1;Enero;4;JUEVES;0;33;Asturias;33035;Llanera;;No aplica;1;Carretera;1;VÍAS INTERURBANAS;AS-II;10.3;2;Descendente;2;Autonómica;3;Autovía;16;Salida de la vía por la derecha con colisión       ;0;1;0;1;0;1;0;1;1;0;0;0;0;0;0;0;0;0;0;0;0;0;0;0;0;0;0;0;0;0;0;2;Fuera de intersección o nudo;;;;999;Sin especificar;999;Sin especificar;999;Sin especificar;999;Sin especificar;999;Sin especificar;999;Sin especificar;999;Sin especificar;999;Sin especificar;999;Sin especificar;999;Sin especificar;999;Sin especificar;999;Sin especificar;999;Sin especificar;1;Nivel blanco;3;Mojado;6;Sin luz natural ni artificial;2;Nublado;2;Niebla intensa;;;5;Factores atmosféricos;998;No aplica;1;Recta;4.346.667;-5.933.333;POINT (-5.933333 43.46667)
77861;2016;7;Julio;6;SÁBADO;0;36;Pontevedra;36035;Nigrán;;No aplica;1;Carretera;1;VÍAS INTERURBANAS;PO-552;11.5;2;Descendente;2;Autonómica;6;Carretera Convencional de calzada única;19;Salida de la vía por la derecha otro tipo          ;0;0;2;2;0;0;2;2;2;0;0;0;0;0;0;0;0;0;0;0;0;0;0;0;0;0;0;0;0;0;0;2;Fuera de intersección o nudo;;;;999;Sin especificar;999;Sin especificar;999;Sin especificar;999;Sin especificar;999;Sin especificar;999;Sin especificar;999;Sin especificar;999;Sin especificar;999;Sin especificar;999;Sin especificar;999;Sin especificar;999;Sin especificar;999;Sin especificar;1;Nivel blanco;1;Seco y limpio;4;Sin luz natural y con iluminación artificial encen;1;Despejado;;;;;1;Buena visibilidad;998;No aplica;1;Recta;421.452;-8.807.062;POINT (-8.807062 42.1452)
15479;2017;7;Julio;3;MIÉRCOLES;19;8;Barcelona;8005;Ametlla del Vallès, L';;No aplica;1;Carretera;1;VÍAS INTERURBANAS;C-17;27.5;4;Se desconoce;4;Municipal;3;Autovía;4;Por alcance                                        ;0;0;2;2;0;0;2;2;2;0;0;0;0;0;0;0;0;0;0;0;0;0;0;0;0;0;0;0;0;0;0;2;Fuera de intersección o nudo;;;;999;Sin especificar;999;Sin especificar;999;Sin especificar;999;Sin especificar;999;Sin especificar;999;Sin especificar;999;Sin especificar;999;Sin especificar;999;Sin especificar;999;Sin especificar;999;Sin especificar;999;Sin especificar;999;Sin especificar;6;Se desconoce;1;Seco y limpio;1;Luz del día natural, solar;1;Despejado;;;;;18;Se desconoce;998;No aplica;4;Se desconoce;4.166.976;2.261.185;POINT (2.261185 41.66976)
5067;2016;2;Febrero;6;SÁBADO;20;4;Almería;0;;;No aplica;1;Carretera;1;VÍAS INTERURBANAS;AL-6103;1.5;2;Descendente;3;Provincial, Cabildo/Consell;6;Carretera Convencional de calzada única;19;Salida de la vía por la derecha otro tipo          ;0;0;2;2;0;0;2;2;1;0;0;0;0;0;0;0;0;0;0;0;0;0;0;0;0;0;0;0;0;0;0;2;Fuera de intersección o nudo;;;;999;Sin especificar;999;Sin especificar;999;Sin especificar;999;Sin especificar;999;Sin especificar;999;Sin especificar;999;Sin especificar;999;Sin especificar;999;Sin especificar;999;Sin especificar;999;Sin especificar;999;Sin especificar;999;Sin especificar;1;Nivel blanco;1;Seco y limpio;6;Sin luz natural ni artificial;1;Despejado;;;1;Viento fuerte;999;Sin especificar;998;No aplica;3;Curva sin señalizar;3.735.992;-236.175;POINT (-2.36175 37.35992)
25238;2017;7;Julio;4;JUEVES;8;8;Barcelona;8019;Barcelona;;No aplica;1;Carretera;1;VÍAS INTERURBANAS;B-10;12.9;4;Se desconoce;1;Estatal;3;Autovía;20;Otro tipo de accidente                             ;0;0;3;3;0;0;3;3;3;0;0;0;0;0;0;0;0;0;0;0;0;0;0;0;0;0;0;0;0;0;0;2;Fuera de intersección o nudo;;;;999;Sin especificar;999;Sin especificar;999;Sin especificar;999;Sin especificar;999;Sin especificar;999;Sin especificar;999;Sin especificar;999;Sin especificar;999;Sin especificar;999;Sin especificar;999;Sin especificar;999;Sin especificar;999;Sin especificar;6;Se desconoce;1;Seco y limpio;1;Luz del día natural, solar;1;Despejado;1;Niebla ligera;;;18;Se desconoce;998;No aplica;4;Se desconoce;4.138.792;2.169.919;POINT (2.169919 41.38792)