secuencial;anyo;mes;nombre_mes;dia_semana;nombre_dia_semana;hora;cod_provincia;nombre_provincia;cod_municipio;nombre_codigo_municipio;isla;nombre_isla;zona;nombre_zona;zona_agrupada;nombre_zona_agrupada;carretera;km;sentido_1f;nombre_sentido;titularidad_via;nombre_titularidad_via;tipo_via;nombre_tipo_via;tipo_accidente;nombre_tipo_accidente;total_mu24h;total_hg24h;total_hl24h;total_victimas_24h;total_mu30df;total_hg30df;total_hl30df;total_victimas_30df;total_vehiculos;tot_peat_mu24h;tot_bici_mu24h;tot_ciclo_mu24h;tot_moto_mu24h;tot_tur_mu24h;tot_furg_mu24h;tot_cam_menos3500_mu24h;tot_cam_mas3500_mu24h;tot_bus_mu24h;tot_otro_mu24h;tot_sinespecif_mu24h;tot_peat_mu30df;tot_bici_mu30df;tot_ciclo_mu30df;tot_moto_mu30df;tot_tur_mu30df;tot_furg_mu30df;tot_cam_menos3500_mu30df;tot_cam_mas3500_mu30df;tot_bus_mu30df;tot_otro_mu30df;tot_sinespecif_mu30df;nudo;nombre_nudo;nudo_info;nombre_nudo_info;carretera_cruce;priori_norma;nombre_priori_norma;priori_agente;nombre_priori_agente;priori_semaforo;nombre_priori_semaforo;priori_vert_stop;nombre_priori_vert_stop;priori_vert_ceda;nombre_priori_priori_vert_ceda;priori_horiz_stop;nombre_priori_horiz_stop;priori_horiz_ceda;nombre_priori_horiz_ceda;priori_marcas;nombre_priori_marcas;priori_pea_no_elev;nombre_priori_pea_no_elev;priori_pea_elev;nombre_priori_pea_elev;priori_marca_ciclos;nombre_priori_marca_ciclos;priori_circunstancial;nombre_priori_circunstancial;priori_otra;nombre_priori_otra;condicion_nivel_circula;nombre_condicion_nivel_circula;condicion_firme;nombre_condicion_firme;condicion_iluminacion;nombre_condicion_iluminacion;condicion_meteo;nombre_condicion_meteo;condicion_niebla;nombre_condicion_niebla;condicion_viento;nombre_condicion_viento;visib_restringida_por;nombre_visib_restringida_por;acera;nombre_acera;trazado_planta;nombre_trazado_planta;latitud;longitud;geom
15371;2017;8;Agosto;3;MIÉRCOLES;19;8;Barcelona;8305;Vilafranca del Penedès;;No aplica;1;Carretera;1;VÍAS INTERURBANAS;AP-7;198.5;2;Descendente;1;Estatal;1;Autopista de peaje;9;Vuelco                                             ;0;1;0;1;0;1;0;1;1;0;0;0;0;0;0;0;0;0;0;0;0;0;0;0;0;0;0;0;0;0;0;1;En intersección o nudo;999;Sin especificar;;0;No;0;No;0;No;0;No;0;No;0;No;0;No;0;No;0;No;0;No;0;No;0;No;1;Sí;2;Nivel verde;1;Seco y limpio;1;Luz del día natural, solar;1;Despejado;;;;;4;Configuración del terreno;998;No aplica;2;Curva señalizada;4.134.509;1.699.849;POINT (1.699849 41.34509)
67448;2021;10;Octubre;2;MARTES;17;36;Pontevedra;36038;Pontevedra;;No aplica;1;Carretera;1;VÍAS INTERURBANAS;N-541;87.5;3;Ambos;1;Estatal;6;Carretera Convencional de calzada única;3;Lateral                                            ;0;1;1;2;0;1;1;2;2;0;0;0;0;0;0;0;0;0;0;0;0;0;0;0;0;0;0;0;0;0;0;2;Fuera de intersección o nudo;;;;999;Sin especificar;999;Sin especificar;999;Sin especificar;999;Sin especificar;999;Sin especificar;999;Sin especificar;999;Sin especificar;999;Sin especificar;999;Sin especificar;999;Sin especificar;999;Sin especificar;999;Sin especificar;999;Sin especificar;1;Nivel blanco;1;Seco y limpio;1;Luz del día natural, solar;1;Despejado;;;;;1;Buena visibilidad;998;No aplica;3;Curva sin señalizar;4.244.529;-858.561;POINT (-8.58561 42.44529)
91320;2017;3;Marzo;6;SÁBADO;14;46;Valencia/València;46147;Llíria;;No aplica;1;Carretera;1;VÍAS INTERURBANAS;CV-245;8.5;2;Descendente;2;Autonómica;6;Carretera Convencional de calzada única;19;Salida de la vía por la derecha otro tipo          ;0;0;1;1;0;0;1;1;1;0;0;0;0;0;0;0;0;0;0;0;0;0;0;0;0;0;0;0;0;0;0;2;Fuera de intersección o nudo;;;;999;Sin especificar;999;Sin especificar;999;Sin especificar;999;Sin especificar;999;Sin especificar;999;Sin especificar;999;Sin especificar;999;Sin especificar;999;Sin especificar;999;Sin especificar;999;Sin especificar;999;Sin especificar;999;Sin especificar;2;Nivel verde;1;Seco y limpio;1;Luz del día natural, solar;1;Despejado;;;;;4;Configuración del terreno;998;No aplica;2;Curva señalizada;3.962.458;-0.5947581;POINT (-0.5947581 39.62458)
43395;2018;7;Julio;5;VIERNES;8;18;Granada;18165;Pulianas;;No aplica;1;Carretera;1;VÍAS INTERURBANAS;A-44a;123.1;1;Ascendente;1;Estatal;3;Autovía;3;Lateral                                            ;0;0;1;1;0;0;1;1;2;0;0;0;0;0;0;0;0;0;0;0;0;0;0;0;0;0;0;0;0;0;0;1;En intersección o nudo;4;Glorieta;A-44a;1;Sí;0;No;0;No;0;No;0;No;0;No;0;No;0;No;0;No;0;No;0;No;0;No;0;No;1;Nivel blanco;1;Seco y limpio;1;Luz del día natural, solar;1;Despejado;;;;;1;Buena visibilidad;998;No aplica;1;Recta;3.722.264;-3.608.163;POINT (-3.608163 37.22264)
32753;2017;10;Octubre;6;SÁBADO;15;10;Cáceres;0;;;No aplica;1;Carretera;1;VÍAS INTERURBANAS;N-630;526.7;1;Ascendente;1;Estatal;6;Carretera Convencional de calzada única;10;Caída                                              ;0;0;3;3;0;0;3;3;2;0;0;0;0;0;0;0;0;0;0;0;0;0;0;0;0;0;0;0;0;0;0;2;Fuera de intersección o nudo;;;;999;Sin especificar;999;Sin especificar;999;Sin especificar;999;Sin especificar;999;Sin especificar;999;Sin especificar;999;Sin especificar;999;Sin especificar;999;Sin especificar;999;Sin especificar;999;Sin especificar;999;Sin especificar;999;Sin especificar;1;Nivel blanco;1;Seco y limpio;1;Luz del día natural, solar;1;Despejado;;;;;1;Buena visibilidad;998;No aplica;2;Curva señalizada;3.966.774;-64.759;POINT (-6.4759 39.66774)
36890;2016;3;Marzo;6;SÁBADO;13;14;Córdoba;14021;Córdoba;;No aplica;1;Carretera;1;VÍAS INTERURBANAS;N-437;3.3;1;Ascendente;1;Estatal;6;Carretera Convencional de calzada única;4;Por alcance                                        ;0;0;1;1;0;0;1;1;2;0;0;0;0;0;0;0;0;0;0;0;0;0;0;0;0;0;0;0;0;0;0;1;En intersección o nudo;4;Glorieta;;0;No;0;No;0;No;0;No;1;Sí;0;No;0;No;0;No;0;No;0;No;0;No;0;No;0;No;1;Nivel blanco;1;Seco y limpio;1;Luz del día natural, solar;1;Despejado;;;;;999;Sin especificar;998;No aplica;1;Recta;3.788.473;-4.779.152;POINT (-4.779152 37.88473)
59934;2020;7;Julio;3;MIÉRCOLES;11;41;Sevilla;41087;Sanlúcar la Mayor;;No aplica;1;Carretera;1;VÍAS INTERURBANAS;A-472;1.5;2;Descendente;2;Autonómica;6;Carretera Convencional de calzada única;4;Por alcance                                        ;0;0;1;1;0;0;1;1;2;0;0;0;0;0;0;0;0;0;0;0;0;0;0;0;0;0;0;0;0;0;0;2;Fuera de intersección o nudo;;;;999;Sin especificar;999;Sin especificar;999;Sin especificar;999;Sin especificar;999;Sin especificar;999;Sin especificar;999;Sin especificar;999;Sin especificar;999;Sin especificar;999;Sin especificar;999;Sin especificar;999;Sin especificar;999;Sin especificar;1;Nivel blanco;1;Seco y limpio;1;Luz del día natural, solar;1;Despejado;;;;;1;Buena visibilidad;998;No aplica;2;Curva señalizada;3.738.578;-6.201.977;POINT (-6.201977 37.38578)
67115;2020;10;Octubre;7;DOMINGO;22;47;Valladolid;0;;;No aplica;1;Carretera;1;VÍAS INTERURBANAS;VA-140;26.95;2;Descendente;2;Autonómica;6;Carretera Convencional de calzada única;16;Salida de la vía por la derecha con colisión       ;0;1;0;1;0;1;0;1;1;0;0;0;0;0;0;0;0;0;0;0;0;0;0;0;0;0;0;0;0;0;0;2;Fuera de intersección o nudo;;;;999;Sin especificar;999;Sin especificar;999;Sin especificar;999;Sin especificar;999;Sin especificar;999;Sin especificar;999;Sin especificar;999;Sin especificar;999;Sin especificar;999;Sin especificar;999;Sin especificar;999;Sin especificar;999;Sin especificar;1;Nivel blanco;1;Seco y limpio;6;Sin luz natural ni artificial;1;Despejado;;;;;1;Buena visibilidad;998;No aplica;1;Recta;4.173.116;-442.374;POINT (-4.42374 41.73116)
53428;2016;9;Septiembre;3;MIÉRCOLES;9;28;Madrid;28023;Boalo, El;;No aplica;1;Carretera;1;VÍAS INTERURBANAS;M-607;48.5;2;Descendente;2;Autonómica;6;Carretera Convencional de calzada única;7;Atropello a personas                               ;0;1;0;1;0;1;0;1;1;0;0;0;0;0;0;0;0;0;0;0;0;0;0;0;0;0;0;0;0;0;0;1;En intersección o nudo;4;Glorieta;M-608;0;No;0;No;0;No;0;No;1;Sí;0;No;0;No;0;No;0;No;0;No;0;No;0;No;0;No;1;Nivel blanco;1;Seco y limpio;1;Luz del día natural, solar;1;Despejado;;;;;6;Deslumbramiento por sol;3;Sí, no elevada;1;Recta;4.071.746;-3.920.084;POINT (-3.920084 40.71746)
15845;2016;10;Octubre;7;DOMINGO;11;8;Barcelona;8270;Sitges;;No aplica;1;Carretera;1;VÍAS INTERURBANAS;C-246a;39;4;Se desconoce;4;Municipal;5;Carretera Convencional de doble calzada;2;Fronto-lateral                                     ;0;0;1;1;0;0;1;1;2;0;0;0;0;0;0;0;0;0;0;0;0;0;0;0;0;0;0;0;0;0;0;1;En intersección o nudo;5;Glorieta partida;;0;No;0;No;0;No;0;No;0;No;0;No;0;No;0;No;0;No;0;No;0;No;0;No;1;Sí;6;Se desconoce;1;Seco y limpio;1;Luz del día natural, solar;1;Despejado;;;;;18;Se desconoce;998;No aplica;4;Se desconoce;4.123.478;1.811.222;POINT (1.811222 41.23478)
88972;2016;11;Noviembre;2;MARTES;18;43;Tarragona;43038;Cambrils;;No aplica;1;Carretera;1;VÍAS INTERURBANAS;TV-3141;1;4;Se desconoce;4;Municipal;5;Carretera Convencional de doble calzada;1;Frontal                                            ;0;0;1;1;0;0;1;1;2;0;0;0;0;0;0;0;0;0;0;0;0;0;0;0;0;0;0;0;0;0;0;2;Fuera de intersección o nudo;;;;999;Sin especificar;999;Sin especificar;999;Sin especificar;999;Sin especificar;999;Sin especificar;999;Sin especificar;999;Sin especificar;999;Sin especificar;999;Sin especificar;999;Sin especificar;999;Sin especificar;999;Sin especificar;999;Sin especificar;6;Se desconoce;1;Seco y limpio;1;Luz del día natural, solar;1;Despejado;;;;;18;Se desconoce;998;No aplica;4;Se desconoce;4.106.705;1.056.419;POINT (1.056419 41.06705)
9578;2020;7;Julio;4;JUEVES;11;8;Barcelona;0;;;No aplica;1;Carretera;1;VÍAS INTERURBANAS;BV-4031;18;4;Se desconoce;4;Municipal;5;Carretera Convencional de doble calzada;19;Salida de la vía por la derecha otro tipo          ;0;0;1;1;0;0;1;1;1;0;0;0;0;0;0;0;0;0;0;0;0;0;0;0;0;0;0;0;0;0;0;2;Fuera de intersección o nudo;;;;999;Sin especificar;999;Sin especificar;999;Sin especificar;999;Sin especificar;999;Sin especificar;999;Sin especificar;999;Sin especificar;999;Sin especificar;999;Sin especificar;999;Sin especificar;999;Sin especificar;999;Sin especificar;999;Sin especificar;6;Se desconoce;1;Seco y limpio;1;Luz del día natural, solar;1;Despejado;;;;;18;Se desconoce;998;No aplica;4;Se desconoce;4.229.844;202.043;POINT (2.02043 42.29844)
80876;2018;12;Diciembre;3;MIÉRCOLES;13;38;Santa Cruz de Tenerife;38008;Breña Alta;11;La Palma;1;Carretera;1;VÍAS INTERURBANAS;LP-204;2.3;1;Ascendente;3;Provincial, Cabildo/Consell;6;Carretera Convencional de calzada única;2;Fronto-lateral                                     ;0;0;1;1;0;0;1;1;2;0;0;0;0;0;0;0;0;0;0;0;0;0;0;0;0;0;0;0;0;0;0;1;En intersección o nudo;2;En T o Y;;0;No;0;No;0;No;1;Sí;0;No;1;Sí;0;No;0;No;0;No;0;No;0;No;0;No;0;No;1;Nivel blanco;1;Seco y limpio;1;Luz del día natural, solar;1;Despejado;;;;;18;Se desconoce;998;No aplica;3;Curva sin señalizar;2.865.905;-1.779.119;POINT (-17.79119 28.65905)
7783;2019;11;Noviembre;2;MARTES;11;7;Balears, Illes;7036;Marratxí;1;Mallorca;1;Carretera;1;VÍAS INTERURBANAS;Ma-13A;8.8;1;Ascendente;3;Provincial, Cabildo/Consell;6;Carretera Convencional de calzada única;5;Múltiple o en caravana                             ;0;0;1;1;0;0;1;1;4;0;0;0;0;0;0;0;0;0;0;0;0;0;0;0;0;0;0;0;0;0;0;1;En intersección o nudo;2;En T o Y;;0;No;0;No;0;No;0;No;0;No;0;No;0;No;1;Sí;0;No;0;No;0;No;0;No;0;No;2;Nivel verde;1;Seco y limpio;1;Luz del día natural, solar;1;Despejado;1;Niebla ligera;;;1;Buena visibilidad;998;No aplica;1;Recta;3.964.213;2.752.193;POINT (2.752193 39.64213)
29344;2020;7;Julio;4;JUEVES;10;19;Guadalajara;0;;;No aplica;1;Carretera;1;VÍAS INTERURBANAS;GU-206;2.8;3;Ambos;3;Provincial, Cabildo/Consell;6;Carretera Convencional de calzada única;2;Fronto-lateral                                     ;0;0;2;2;0;0;2;2;2;0;0;0;0;0;0;0;0;0;0;0;0;0;0;0;0;0;0;0;0;0;0;2;Fuera de intersección o nudo;;;;999;Sin especificar;999;Sin especificar;999;Sin especificar;999;Sin especificar;999;Sin especificar;999;Sin especificar;999;Sin especificar;999;Sin especificar;999;Sin especificar;999;Sin especificar;999;Sin especificar;999;Sin especificar;999;Sin especificar;1;Nivel blanco;1;Seco y limpio;1;Luz del día natural, solar;1;Despejado;;;;;1;Buena visibilidad;998;No aplica;2;Curva señalizada;4.045.436;-312.538;POINT (-3.12538 40.45436)
84519;2016;9;Septiembre;2;MARTES;18;41;Sevilla;41091;Sevilla;;No aplica;1;Carretera;1;VÍAS INTERURBANAS;A-92;4.5;2;Descendente;2;Autonómica;3;Autovía;3;Lateral                                            ;0;0;2;2;0;0;2;2;2;0;0;0;0;0;0;0;0;0;0;0;0;0;0;0;0;0;0;0;0;0;0;2;Fuera de intersección o nudo;;;;999;Sin especificar;999;Sin especificar;999;Sin especificar;999;Sin especificar;999;Sin especificar;999;Sin especificar;999;Sin especificar;999;Sin especificar;999;Sin especificar;999;Sin especificar;999;Sin especificar;999;Sin especificar;999;Sin especificar;2;Nivel verde;1;Seco y limpio;1;Luz del día natural, solar;1;Despejado;;;;;1;Buena visibilidad;998;No aplica;1;Recta;3.738.264;-5.996.295;POINT (-5.996295 37.38264)
27637;2020;11;Noviembre;1;LUNES;19;17;Girona;0;;;No aplica;1;Carretera;1;VÍAS INTERURBANAS;GIV-6701;2.8;4;Se desconoce;4;Municipal;5;Carretera Convencional de doble calzada;19;Salida de la vía por la derecha otro tipo          ;0;0;2;2;0;0;2;2;1;0;0;0;0;0;0;0;0;0;0;0;0;0;0;0;0;0;0;0;0;0;0;2;Fuera de intersección o nudo;;;;999;Sin especificar;999;Sin especificar;999;Sin especificar;999;Sin especificar;999;Sin especificar;999;Sin especificar;999;Sin especificar;999;Sin especificar;999;Sin especificar;999;Sin especificar;999;Sin especificar;999;Sin especificar;999;Sin especificar;6;Se desconoce;1;Seco y limpio;6;Sin luz natural ni artificial;1;Despejado;;;;;18;Se desconoce;998;No aplica;4;Se desconoce;4.202.106;293.498;POINT (2.93498 42.02106)
7177;2017;4;Abril;3;MIÉRCOLES;12;7;Balears, Illes;7010;Bunyola;1;Mallorca;1;Carretera;1;VÍAS INTERURBANAS;Ma-11;11.7;1;Ascendente;3;Provincial, Cabildo/Consell;6;Carretera Convencional de calzada única;10;Caída                                              ;0;0;1;1;0;0;1;1;1;0;0;0;0;0;0;0;0;0;0;0;0;0;0;0;0;0;0;0;0;0;0;1;En intersección o nudo;1;En X o +;;1;Sí;0;No;0;No;0;No;0;No;0;No;0;No;0;No;0;No;0;No;0;No;0;No;0;No;2;Nivel verde;1;Seco y limpio;1;Luz del día natural, solar;1;Despejado;;;;;1;Buena visibilidad;998;No aplica;1;Recta;3.969.663;2.699.386;POINT (2.699386 39.69663)
54747;2020;3;Marzo;4;JUEVES;14;36;Pontevedra;36005;Caldas de Reis;;No aplica;1;Carretera;1;VÍAS INTERURBANAS;N-640;227.1;2;Descendente;1;Estatal;6;Carretera Convencional de calzada única;4;Por alcance                                        ;0;0;4;4;0;0;4;4;3;0;0;0;0;0;0;0;0;0;0;0;0;0;0;0;0;0;0;0;0;0;0;2;Fuera de intersección o nudo;;;;999;Sin especificar;999;Sin especificar;999;Sin especificar;999;Sin especificar;999;Sin especificar;999;Sin especificar;999;Sin especificar;999;Sin especificar;999;Sin especificar;999;Sin especificar;999;Sin especificar;999;Sin especificar;999;Sin especificar;6;Se desconoce;1;Seco y limpio;1;Luz del día natural, solar;1;Despejado;;;;;1;Buena visibilidad;998;No aplica;1;Recta;426.055;-8.643.308;POINT (-8.643308 42.6055)
49395;2018;11;Noviembre;1;LUNES;17;25;Lleida;0;;;No aplica;1;Carretera;1;VÍAS INTERURBANAS;N-230;13;4;Se desconoce;1;Estatal;5;Carretera Convencional de doble calzada;19;Salida de la vía por la derecha otro tipo          ;0;0;1;1;0;0;1;1;1;0;0;0;0;0;0;0;0;0;0;0;0;0;0;0;0;0;0;0;0;0;0;2;Fuera de intersección o nudo;;;;999;Sin especificar;999;Sin especificar;999;Sin especificar;999;Sin especificar;999;Sin especificar;999;Sin especificar;999;Sin especificar;999;Sin especificar;999;Sin especificar;999;Sin especificar;999;Sin especificar;999;Sin especificar;999;Sin especificar;6;Se desconoce;1;Seco y limpio;5;Sin luz natural y con iluminación artificial no en;1;Despejado;;;;;18;Se desconoce;998;No aplica;4;Se desconoce;4.171.535;0.59466;POINT (0.59466 41.71535)
3167;2020;8;Agosto;6;SÁBADO;22;3;Alicante/Alacant;3902;Pilar de la Horadada;;No aplica;1;Carretera;1;VÍAS INTERURBANAS;N-332;40;3;Ambos;1;Estatal;6;Carretera Convencional de calzada única;4;Por alcance                                        ;0;0;1;1;0;0;1;1;2;0;0;0;0;0;0;0;0;0;0;0;0;0;0;0;0;0;0;0;0;0;0;1;En intersección o nudo;4;Glorieta;;0;No;0;No;0;No;0;No;1;Sí;0;No;0;No;0;No;0;No;0;No;0;No;0;No;0;No;1;Nivel blanco;1;Seco y limpio;4;Sin luz natural y con iluminación artificial encen;1;Despejado;;;;;1;Buena visibilidad;998;No aplica;1;Recta;3.786.538;-0.7925081;POINT (-0.7925081 37.86538)
43275;2019;10;Octubre;7;DOMINGO;17;19;Guadalajara;0;;;No aplica;1;Carretera;1;VÍAS INTERURBANAS;A-2;87.95;2;Descendente;1;Estatal;3;Autovía;12;Salida de la vía por la izquierda con colisión     ;0;0;1;1;0;0;1;1;2;0;0;0;0;0;0;0;0;0;0;0;0;0;0;0;0;0;0;0;0;0;0;2;Fuera de intersección o nudo;;;;999;Sin especificar;999;Sin especificar;999;Sin especificar;999;Sin especificar;999;Sin especificar;999;Sin especificar;999;Sin especificar;999;Sin especificar;999;Sin especificar;999;Sin especificar;999;Sin especificar;999;Sin especificar;999;Sin especificar;1;Nivel blanco;1;Seco y limpio;1;Luz del día natural, solar;1;Despejado;;;;;1;Buena visibilidad;998;No aplica;1;Recta;408.192;-292.675;POINT (-2.92675 40.8192)
82132;2016;6;Junio;6;SÁBADO;12;39;Cantabria;0;;;No aplica;1;Carretera;1;VÍAS INTERURBANAS;N-629;68.3;1;Ascendente;1;Estatal;6;Carretera Convencional de calzada única;4;Por alcance                                        ;0;0;1;1;0;0;1;1;2;0;0;0;0;0;0;0;0;0;0;0;0;0;0;0;0;0;0;0;0;0;0;2;Fuera de intersección o nudo;;;;999;Sin especificar;999;Sin especificar;999;Sin especificar;999;Sin especificar;999;Sin especificar;999;Sin especificar;999;Sin especificar;999;Sin especificar;999;Sin especificar;999;Sin especificar;999;Sin especificar;999;Sin especificar;999;Sin especificar;1;Nivel blanco;1;Seco y limpio;1;Luz del día natural, solar;1;Despejado;;;;;999;Sin especificar;998;No aplica;1;Recta;4.325.464;-346.344;POINT (-3.46344 43.25464)
23535;2020;7;Julio;6;SÁBADO;21;12;Castellón/Castelló;12084;Onda;;No aplica;1;Carretera;1;VÍAS INTERURBANAS;CV-20;6.61;2;Descendente;2;Autonómica;5;Carretera Convencional de doble calzada;12;Salida de la vía por la izquierda con colisión     ;0;0;1;1;0;0;1;1;1;0;0;0;0;0;0;0;0;0;0;0;0;0;0;0;0;0;0;0;0;0;0;2;Fuera de intersección o nudo;;;;999;Sin especificar;999;Sin especificar;999;Sin especificar;999;Sin especificar;999;Sin especificar;999;Sin especificar;999;Sin especificar;999;Sin especificar;999;Sin especificar;999;Sin especificar;999;Sin especificar;999;Sin especificar;999;Sin especificar;999;Sin especificar;1;Seco y limpio;4;Sin luz natural y con iluminación artificial encen;1;Despejado;;;;;1;Buena visibilidad;998;No aplica;1;Recta;399.653;-0.2626455;POINT (-0.2626455 39.9653)
55329;2020;12;Diciembre;4;JUEVES;17;36;Pontevedra;36041;Poio;;No aplica;1;Carretera;1;VÍAS INTERURBANAS;PO-308;3.5;1;Ascendente;2;Autonómica;6;Carretera Convencional de calzada única;2;Fronto-lateral                                     ;0;0;1;1;0;0;1;1;2;0;0;0;0;0;0;0;0;0;0;0;0;0;0;0;0;0;0;0;0;0;0;1;En intersección o nudo;4;Glorieta;PO-535;0;No;0;No;0;No;0;No;1;Sí;0;No;1;Sí;0;No;0;No;0;No;0;No;0;No;0;No;1;Nivel blanco;3;Mojado;1;Luz del día natural, solar;1;Despejado;;;;;1;Buena visibilidad;998;No aplica;2;Curva señalizada;4.244.446;-8.715.083;POINT (-8.715083 42.44446)
10826;2016;1;Enero;7;DOMINGO;14;8;Barcelona;8125;Montcada i Reixac;;No aplica;1;Carretera;1;VÍAS INTERURBANAS;C-58;5;4;Se desconoce;4;Municipal;1;Autopista de peaje;19;Salida de la vía por la derecha otro tipo          ;0;0;1;1;0;0;1;1;1;0;0;0;0;0;0;0;0;0;0;0;0;0;0;0;0;0;0;0;0;0;0;2;Fuera de intersección o nudo;;;;999;Sin especificar;999;Sin especificar;999;Sin especificar;999;Sin especificar;999;Sin especificar;999;Sin especificar;999;Sin especificar;999;Sin especificar;999;Sin especificar;999;Sin especificar;999;Sin especificar;999;Sin especificar;999;Sin especificar;6;Se desconoce;1;Seco y limpio;1;Luz del día natural, solar;1;Despejado;;;;;18;Se desconoce;998;No aplica;4;Se desconoce;4.149.137;2.140.769;POINT (2.140769 41.49137)
5035;2020;10;Octubre;4;JUEVES;21;7;Balears, Illes;7011;Calvià;1;Mallorca;1;Carretera;1;VÍAS INTERURBANAS;Ma-1015;8;1;Ascendente;3;Provincial, Cabildo/Consell;6;Carretera Convencional de calzada única;3;Lateral                                            ;0;0;4;4;0;0;4;4;2;0;0;0;0;0;0;0;0;0;0;0;0;0;0;0;0;0;0;0;0;0;0;2;Fuera de intersección o nudo;;;;999;Sin especificar;999;Sin especificar;999;Sin especificar;999;Sin especificar;999;Sin especificar;999;Sin especificar;999;Sin especificar;999;Sin especificar;999;Sin especificar;999;Sin especificar;999;Sin especificar;999;Sin especificar;999;Sin especificar;1;Nivel blanco;1;Seco y limpio;6;Sin luz natural ni artificial;1;Despejado;;;;;1;Buena visibilidad;998;No aplica;1;Recta;3.956.524;2.504.216;POINT (2.504216 39.56524)
78368;2016;10;Octubre;6;SÁBADO;16;36;Pontevedra;36049;Salceda de Caselas;;No aplica;1;Carretera;1;VÍAS INTERURBANAS;S/DN;0.8;2;Descendente;4;Municipal;10;Camino vecinal;17;Salida de la vía por la derecha con despeñamiento  ;0;0;2;2;0;0;2;2;1;0;0;0;0;0;0;0;0;0;0;0;0;0;0;0;0;0;0;0;0;0;0;2;Fuera de intersección o nudo;;;;999;Sin especificar;999;Sin especificar;999;Sin especificar;999;Sin especificar;999;Sin especificar;999;Sin especificar;999;Sin especificar;999;Sin especificar;999;Sin especificar;999;Sin especificar;999;Sin especificar;999;Sin especificar;999;Sin especificar;1;Nivel blanco;1;Seco y limpio;1;Luz del día natural, solar;1;Despejado;;;;;1;Buena visibilidad;998;No aplica;3;Curva sin señalizar;4.210.196;-8.558.377;POINT (-8.558377 42.10196)
21220;2021;11;Noviembre;5;VIERNES;14;8;Barcelona;0;;;No aplica;1;Carretera;1;VÍAS INTERURBANAS;B-431;50.3;4;Se desconoce;5;Otra;6;Carretera Convencional de calzada única;19;Salida de la vía por la derecha otro tipo          ;0;0;1;1;0;0;1;1;1;0;0;0;0;0;0;0;0;0;0;0;0;0;0;0;0;0;0;0;0;0;0;2;Fuera de intersección o nudo;;;;999;Sin especificar;999;Sin especificar;999;Sin especificar;999;Sin especificar;999;Sin especificar;999;Sin especificar;999;Sin especificar;999;Sin especificar;999;Sin especificar;999;Sin especificar;999;Sin especificar;999;Sin especificar;999;Sin especificar;999;Sin especificar;3;Mojado;1;Luz del día natural, solar;1;Despejado;;;1;Viento fuerte;999;Sin especificar;998;No aplica;4;Se desconoce;4.184.693;196.806;POINT (1.96806 41.84693)
15288;2018;9;Septiembre;6;SÁBADO;9;8;Barcelona;0;;;No aplica;1;Carretera;1;VÍAS INTERURBANAS;C-1413a;4.8;4;Se desconoce;4;Municipal;5;Carretera Convencional de doble calzada;9;Vuelco                                             ;0;0;1;1;0;0;1;1;1;0;0;0;0;0;0;0;0;0;0;0;0;0;0;0;0;0;0;0;0;0;0;1;En intersección o nudo;4;Glorieta;;0;No;0;No;0;No;0;No;0;No;0;No;0;No;0;No;0;No;0;No;0;No;0;No;1;Sí;6;Se desconoce;1;Seco y limpio;1;Luz del día natural, solar;1;Despejado;;;;;18;Se desconoce;998;No aplica;4;Se desconoce;4.144.972;199.659;POINT (1.99659 41.44972)
68476;2017;6;Junio;6;SÁBADO;14;29;Málaga;29008;Alhaurín el Grande;;No aplica;1;Carretera;1;VÍAS INTERURBANAS;MA-3304;5.8;1;Ascendente;3;Provincial, Cabildo/Consell;6;Carretera Convencional de calzada única;18;Salida de la vía por la derecha con vuelco         ;0;0;1;1;0;0;1;1;1;0;0;0;0;0;0;0;0;0;0;0;0;0;0;0;0;0;0;0;0;0;0;2;Fuera de intersección o nudo;;;;999;Sin especificar;999;Sin especificar;999;Sin especificar;999;Sin especificar;999;Sin especificar;999;Sin especificar;999;Sin especificar;999;Sin especificar;999;Sin especificar;999;Sin especificar;999;Sin especificar;999;Sin especificar;999;Sin especificar;1;Nivel blanco;1;Seco y limpio;1;Luz del día natural, solar;1;Despejado;;;;;4;Configuración del terreno;998;No aplica;3;Curva sin señalizar;3.664.186;-4.691.447;POINT (-4.691447 36.64186)
48048;2017;7;Julio;3;MIÉRCOLES;21;23;Jaén;23002;Alcalá la Real;;No aplica;1;Carretera;1;VÍAS INTERURBANAS;N-432;393.6;2;Descendente;1;Estatal;6;Carretera Convencional de calzada única;16;Salida de la vía por la derecha con colisión       ;0;0;1;1;0;0;1;1;1;0;0;0;0;0;0;0;0;0;0;0;0;0;0;0;0;0;0;0;0;0;0;2;Fuera de intersección o nudo;;;;999;Sin especificar;999;Sin especificar;999;Sin especificar;999;Sin especificar;999;Sin especificar;999;Sin especificar;999;Sin especificar;999;Sin especificar;999;Sin especificar;999;Sin especificar;999;Sin especificar;999;Sin especificar;999;Sin especificar;1;Nivel blanco;1;Seco y limpio;6;Sin luz natural ni artificial;1;Despejado;;;;;1;Buena visibilidad;998;No aplica;1;Recta;3.746.358;-3.925.078;POINT (-3.925078 37.46358)