secuencial;anyo;mes;nombre_mes;dia_semana;nombre_dia_semana;hora;cod_provincia;nombre_provincia;cod_municipio;nombre_codigo_municipio;isla;nombre_isla;zona;nombre_zona;zona_agrupada;nombre_zona_agrupada;carretera;km;sentido_1f;nombre_sentido;titularidad_via;nombre_titularidad_via;tipo_via;nombre_tipo_via;tipo_accidente;nombre_tipo_accidente;total_mu24h;total_hg24h;total_hl24h;total_victimas_24h;total_mu30df;total_hg30df;total_hl30df;total_victimas_30df;total_vehiculos;tot_peat_mu24h;tot_bici_mu24h;tot_ciclo_mu24h;tot_moto_mu24h;tot_tur_mu24h;tot_furg_mu24h;tot_cam_menos3500_mu24h;tot_cam_mas3500_mu24h;tot_bus_mu24h;tot_otro_mu24h;tot_sinespecif_mu24h;tot_peat_mu30df;tot_bici_mu30df;tot_ciclo_mu30df;tot_moto_mu30df;tot_tur_mu30df;tot_furg_mu30df;tot_cam_menos3500_mu30df;tot_cam_mas3500_mu30df;tot_bus_mu30df;tot_otro_mu30df;tot_sinespecif_mu30df;nudo;nombre_nudo;nudo_info;nombre_nudo_info;carretera_cruce;priori_norma;nombre_priori_norma;priori_agente;nombre_priori_agente;priori_semaforo;nombre_priori_semaforo;priori_vert_stop;nombre_priori_vert_stop;priori_vert_ceda;nombre_priori_priori_vert_ceda;priori_horiz_stop;nombre_priori_horiz_stop;priori_horiz_ceda;nombre_priori_horiz_ceda;priori_marcas;nombre_priori_marcas;priori_pea_no_elev;nombre_priori_pea_no_elev;priori_pea_elev;nombre_priori_pea_elev;priori_marca_ciclos;nombre_priori_marca_ciclos;priori_circunstancial;nombre_priori_circunstancial;priori_otra;nombre_priori_otra;condicion_nivel_circula;nombre_condicion_nivel_circula;condicion_firme;nombre_condicion_firme;condicion_iluminacion;nombre_condicion_iluminacion;condicion_meteo;nombre_condicion_meteo;condicion_niebla;nombre_condicion_niebla;condicion_viento;nombre_condicion_viento;visib_restringida_por;nombre_visib_restringida_por;acera;nombre_acera;trazado_planta;nombre_trazado_planta;latitud;longitud;geom
82088;2017;6;Junio;5;VIERNES;1;39;Cantabria;39040;Marina de Cudeyo;;No aplica;1;Carretera;1;VÍAS INTERURBANAS;CA-141;2.4;2;Descendente;2;Autonómica;6;Carretera Convencional de calzada única;16;Salida de la vía por la derecha con colisión       ;0;0;1;1;0;0;1;1;1;0;0;0;0;0;0;0;0;0;0;0;0;0;0;0;0;0;0;0;0;0;0;2;Fuera de intersección o nudo;;;;999;Sin especificar;999;Sin especificar;999;Sin especificar;999;Sin especificar;999;Sin especificar;999;Sin especificar;999;Sin especificar;999;Sin especificar;999;Sin especificar;999;Sin especificar;999;Sin especificar;999;Sin especificar;999;Sin especificar;1;Nivel blanco;1;Seco y limpio;4;Sin luz natural y con iluminación artificial encen;1;Despejado;;;;;1;Buena visibilidad;998;No aplica;3;Curva sin señalizar;4.341.667;-3.75;POINT (-3.75 43.41667)
50759;2019;6;Junio;1;LUNES;9;28;Madrid;28006;Alcobendas;;No aplica;1;Carretera;1;VÍAS INTERURBANAS;A-1;15.5;3;Ambos;1;Estatal;3;Autovía;2;Fronto-lateral                                     ;0;0;1;1;0;0;1;1;2;0;0;0;0;0;0;0;0;0;0;0;0;0;0;0;0;0;0;0;0;0;0;1;En intersección o nudo;4;Glorieta;;1;Sí;0;No;0;No;0;No;0;No;0;No;0;No;0;No;0;No;0;No;0;No;0;No;0;No;1;Nivel blanco;1;Seco y limpio;1;Luz del día natural, solar;1;Despejado;;;;;1;Buena visibilidad;998;No aplica;2;Curva señalizada;4.054.754;-3.642.091;POINT (-3.642091 40.54754)
21626;2017;2;Febrero;2;MARTES;13;8;Barcelona;8019;Barcelona;;No aplica;1;Carretera;1;VÍAS INTERURBANAS;B-10;8.1;4;Se desconoce;4;Municipal;3;Autovía;4;Por alcance                                        ;0;0;1;1;0;0;1;1;3;0;0;0;0;0;0;0;0;0;0;0;0;0;0;0;0;0;0;0;0;0;0;2;Fuera de intersección o nudo;;;;999;Sin especificar;999;Sin especificar;999;Sin especificar;999;Sin especificar;999;Sin especificar;999;Sin especificar;999;Sin especificar;999;Sin especificar;999;Sin especificar;999;Sin especificar;999;Sin especificar;999;Sin especificar;999;Sin especificar;6;Se desconoce;1;Seco y limpio;1;Luz del día natural, solar;1;Despejado;;;;;18;Se desconoce;998;No aplica;4;Se desconoce;4.138.792;2.169.919;POINT (2.169919 41.38792)
27041;2020;7;Julio;6;SÁBADO;10;17;Girona;17095;Lloret de Mar;;No aplica;1;Carretera;1;VÍAS INTERURBANAS;GI-682;15;4;Se desconoce;4;Municipal;5;Carretera Convencional de doble calzada;9;Vuelco                                             ;0;0;1;1;0;0;1;1;1;0;0;0;0;0;0;0;0;0;0;0;0;0;0;0;0;0;0;0;0;0;0;2;Fuera de intersección o nudo;;;;999;Sin especificar;999;Sin especificar;999;Sin especificar;999;Sin especificar;999;Sin especificar;999;Sin especificar;999;Sin especificar;999;Sin especificar;999;Sin especificar;999;Sin especificar;999;Sin especificar;999;Sin especificar;999;Sin especificar;6;Se desconoce;1;Seco y limpio;1;Luz del día natural, solar;1;Despejado;;;;;18;Se desconoce;998;No aplica;4;Se desconoce;4.171.107;287.963;POINT (2.87963 41.71107)
28154;2020;12;Diciembre;1;LUNES;14;18;Granada;18013;Alhama de Granada;;No aplica;1;Carretera;1;VÍAS INTERURBANAS;A-4155;21;2;Descendente;2;Autonómica;6;Carretera Convencional de calzada única;1;Frontal                                            ;0;1;0;1;0;1;0;1;2;0;0;0;0;0;0;0;0;0;0;0;0;0;0;0;0;0;0;0;0;0;0;2;Fuera de intersección o nudo;;;;999;Sin especificar;999;Sin especificar;999;Sin especificar;999;Sin especificar;999;Sin especificar;999;Sin especificar;999;Sin especificar;999;Sin especificar;999;Sin especificar;999;Sin especificar;999;Sin especificar;999;Sin especificar;999;Sin especificar;1;Nivel blanco;3;Mojado;1;Luz del día natural, solar;3;Lluvia débil;1;Niebla ligera;;;1;Buena visibilidad;998;No aplica;2;Curva señalizada;3.700.252;-3.988.389;POINT (-3.988389 37.00252)
35954;2019;3;Marzo;5;VIERNES;14;14;Córdoba;14021;Córdoba;;No aplica;1;Carretera;1;VÍAS INTERURBANAS;A-4;402.8;1;Ascendente;1;Estatal;3;Autovía;4;Por alcance                                        ;0;0;1;1;0;0;1;1;2;0;0;0;0;0;0;0;0;0;0;0;0;0;0;0;0;0;0;0;0;0;0;2;Fuera de intersección o nudo;;;;999;Sin especificar;999;Sin especificar;999;Sin especificar;999;Sin especificar;999;Sin especificar;999;Sin especificar;999;Sin especificar;999;Sin especificar;999;Sin especificar;999;Sin especificar;999;Sin especificar;999;Sin especificar;999;Sin especificar;3;Nivel amarillo;1;Seco y limpio;1;Luz del día natural, solar;1;Despejado;;;;;1;Buena visibilidad;998;No aplica;1;Recta;3.788.473;-4.779.152;POINT (-4.779152 37.88473)
70968;2019;3;Marzo;7;DOMINGO;17;29;Málaga;29080;Pizarra;;No aplica;1;Carretera;1;VÍAS INTERURBANAS;MA-3400;0.45;1;Ascendente;3;Provincial, Cabildo/Consell;6;Carretera Convencional de calzada única;8;Atropello a animales                               ;0;0;1;1;0;0;1;1;2;0;0;0;0;0;0;0;0;0;0;0;0;0;0;0;0;0;0;0;0;0;0;2;Fuera de intersección o nudo;;;;999;Sin especificar;999;Sin especificar;999;Sin especificar;999;Sin especificar;999;Sin especificar;999;Sin especificar;999;Sin especificar;999;Sin especificar;999;Sin especificar;999;Sin especificar;999;Sin especificar;999;Sin especificar;999;Sin especificar;1;Nivel blanco;1;Seco y limpio;1;Luz del día natural, solar;1;Despejado;;;;;4;Configuración del terreno;998;No aplica;1;Recta;3.676.717;-4.707.456;POINT (-4.707456 36.76717)
59030;2020;1;Enero;2;MARTES;8;41;Sevilla;41004;Alcalá de Guadaíra;;No aplica;1;Carretera;1;VÍAS INTERURBANAS;SE-40;6;1;Ascendente;1;Estatal;3;Autovía;3;Lateral                                            ;0;0;1;1;0;0;1;1;2;0;0;0;0;0;0;0;0;0;0;0;0;0;0;0;0;0;0;0;0;0;0;2;Fuera de intersección o nudo;;;;999;Sin especificar;999;Sin especificar;999;Sin especificar;999;Sin especificar;999;Sin especificar;999;Sin especificar;999;Sin especificar;999;Sin especificar;999;Sin especificar;999;Sin especificar;999;Sin especificar;999;Sin especificar;999;Sin especificar;1;Nivel blanco;1;Seco y limpio;1;Luz del día natural, solar;1;Despejado;;;;;1;Buena visibilidad;998;No aplica;1;Recta;3.733.833;-5.844.032;POINT (-5.844032 37.33833)
84046;2019;1;Enero;3;MIÉRCOLES;16;41;Sevilla;41004;Alcalá de Guadaíra;;No aplica;1;Carretera;1;VÍAS INTERURBANAS;A-8026;5.2;1;Ascendente;2;Autonómica;6;Carretera Convencional de calzada única;2;Fronto-lateral                                     ;0;1;2;3;0;1;2;3;2;0;0;0;0;0;0;0;0;0;0;0;0;0;0;0;0;0;0;0;0;0;0;1;En intersección o nudo;5;Glorieta partida;;0;No;0;No;0;No;1;Sí;0;No;0;No;0;No;0;No;0;No;0;No;0;No;0;No;0;No;1;Nivel blanco;1;Seco y limpio;1;Luz del día natural, solar;1;Despejado;;;;;1;Buena visibilidad;998;No aplica;1;Recta;3.733.833;-5.844.032;POINT (-5.844032 37.33833)
26211;2021;11;Noviembre;5;VIERNES;15;11;Cádiz;11008;Barrios, Los;;No aplica;1;Carretera;1;VÍAS INTERURBANAS;A-7;112.236;2;Descendente;1;Estatal;3;Autovía;5;Múltiple o en caravana                             ;0;0;1;1;0;0;1;1;3;0;0;0;0;0;0;0;0;0;0;0;0;0;0;0;0;0;0;0;0;0;0;2;Fuera de intersección o nudo;;;;999;Sin especificar;999;Sin especificar;999;Sin especificar;999;Sin especificar;999;Sin especificar;999;Sin especificar;999;Sin especificar;999;Sin especificar;999;Sin especificar;999;Sin especificar;999;Sin especificar;999;Sin especificar;999;Sin especificar;3;Nivel amarillo;1;Seco y limpio;1;Luz del día natural, solar;1;Despejado;;;;;1;Buena visibilidad;998;No aplica;1;Recta;3.614.827;-54.544;POINT (-5.4544 36.14827)
39279;2021;5;Mayo;6;SÁBADO;10;23;Jaén;23097;Villanueva del Arzobispo;;No aplica;1;Carretera;1;VÍAS INTERURBANAS;A-6202;2.136;3;Ambos;2;Autonómica;6;Carretera Convencional de calzada única;19;Salida de la vía por la derecha otro tipo          ;0;0;1;1;0;0;1;1;1;0;0;0;0;0;0;0;0;0;0;0;0;0;0;0;0;0;0;0;0;0;0;2;Fuera de intersección o nudo;;;;999;Sin especificar;999;Sin especificar;999;Sin especificar;999;Sin especificar;999;Sin especificar;999;Sin especificar;999;Sin especificar;999;Sin especificar;999;Sin especificar;999;Sin especificar;999;Sin especificar;999;Sin especificar;999;Sin especificar;1;Nivel blanco;1;Seco y limpio;1;Luz del día natural, solar;1;Despejado;;;;;4;Configuración del terreno;998;No aplica;2;Curva señalizada;3.817.521;-297.549;POINT (-2.97549 38.17521)
45684;2018;3;Marzo;5;VIERNES;9;21;Huelva;0;;;No aplica;1;Carretera;1;VÍAS INTERURBANAS;N-435;147.5;1;Ascendente;1;Estatal;6;Carretera Convencional de calzada única;14;Salida de la vía por la izquierda con vuelco       ;0;0;1;1;0;0;1;1;1;0;0;0;0;0;0;0;0;0;0;0;0;0;0;0;0;0;0;0;0;0;0;2;Fuera de intersección o nudo;;;;999;Sin especificar;999;Sin especificar;999;Sin especificar;999;Sin especificar;999;Sin especificar;999;Sin especificar;999;Sin especificar;999;Sin especificar;999;Sin especificar;999;Sin especificar;999;Sin especificar;999;Sin especificar;999;Sin especificar;1;Nivel blanco;3;Mojado;1;Luz del día natural, solar;4;Lluvia fuerte;;;1;Viento fuerte;5;Factores atmosféricos;998;No aplica;2;Curva señalizada;3.781.893;-672.349;POINT (-6.72349 37.81893)
94406;2017;8;Agosto;6;SÁBADO;10;47;Valladolid;0;;;No aplica;1;Carretera;1;VÍAS INTERURBANAS;VP-3007;5.4;1;Ascendente;3;Provincial, Cabildo/Consell;6;Carretera Convencional de calzada única;16;Salida de la vía por la derecha con colisión       ;0;0;1;1;0;0;1;1;1;0;0;0;0;0;0;0;0;0;0;0;0;0;0;0;0;0;0;0;0;0;0;2;Fuera de intersección o nudo;;;;999;Sin especificar;999;Sin especificar;999;Sin especificar;999;Sin especificar;999;Sin especificar;999;Sin especificar;999;Sin especificar;999;Sin especificar;999;Sin especificar;999;Sin especificar;999;Sin especificar;999;Sin especificar;999;Sin especificar;1;Nivel blanco;1;Seco y limpio;1;Luz del día natural, solar;1;Despejado;;;;;4;Configuración del terreno;998;No aplica;2;Curva señalizada;4.170.437;-438.698;POINT (-4.38698 41.70437)
91646;2016;8;Agosto;7;DOMINGO;8;46;Valencia/València;46105;Cullera;;No aplica;1;Carretera;1;VÍAS INTERURBANAS;CV-605;4.4;2;Descendente;3;Provincial, Cabildo/Consell;6;Carretera Convencional de calzada única;19;Salida de la vía por la derecha otro tipo          ;0;0;1;1;0;0;1;1;1;0;0;0;0;0;0;0;0;0;0;0;0;0;0;0;0;0;0;0;0;0;0;2;Fuera de intersección o nudo;;;;999;Sin especificar;999;Sin especificar;999;Sin especificar;999;Sin especificar;999;Sin especificar;999;Sin especificar;999;Sin especificar;999;Sin especificar;999;Sin especificar;999;Sin especificar;999;Sin especificar;999;Sin especificar;999;Sin especificar;2;Nivel verde;1;Seco y limpio;1;Luz del día natural, solar;1;Despejado;;;;;1;Buena visibilidad;998;No aplica;1;Recta;3.916.514;-0.2559119;POINT (-0.2559119 39.16514)
3733;2017;4;Abril;5;VIERNES;16;3;Alicante/Alacant;3082;Jávea/Xàbia;;No aplica;1;Carretera;1;VÍAS INTERURBANAS;CV-734;4.65;2;Descendente;2;Autonómica;6;Carretera Convencional de calzada única;5;Múltiple o en caravana                             ;0;0;4;4;0;0;4;4;3;0;0;0;0;0;0;0;0;0;0;0;0;0;0;0;0;0;0;0;0;0;0;2;Fuera de intersección o nudo;;;;999;Sin especificar;999;Sin especificar;999;Sin especificar;999;Sin especificar;999;Sin especificar;999;Sin especificar;999;Sin especificar;999;Sin especificar;999;Sin especificar;999;Sin especificar;999;Sin especificar;999;Sin especificar;999;Sin especificar;3;Nivel amarillo;1;Seco y limpio;1;Luz del día natural, solar;1;Despejado;;;;;1;Buena visibilidad;998;No aplica;1;Recta;3.879.546;0.1166293;POINT (0.1166293 38.79546)
70773;2021;10;Octubre;7;DOMINGO;10;38;Santa Cruz de Tenerife;0;;0;;1;Carretera;1;VÍAS INTERURBANAS;TF-21;61.433;2;Descendente;3;Provincial, Cabildo/Consell;6;Carretera Convencional de calzada única;10;Caída                                              ;0;0;1;1;0;0;1;1;1;0;0;0;0;0;0;0;0;0;0;0;0;0;0;0;0;0;0;0;0;0;0;2;Fuera de intersección o nudo;;;;999;Sin especificar;999;Sin especificar;999;Sin especificar;999;Sin especificar;999;Sin especificar;999;Sin especificar;999;Sin especificar;999;Sin especificar;999;Sin especificar;999;Sin especificar;999;Sin especificar;999;Sin especificar;999;Sin especificar;1;Nivel blanco;1;Seco y limpio;1;Luz del día natural, solar;1;Despejado;;;;;1;Buena visibilidad;998;No aplica;3;Curva sin señalizar;2.817.715;-1.665.561;POINT (-16.65561 28.17715)
89285;2019;6;Junio;5;VIERNES;21;43;Tarragona;43145;Selva del Camp, La;;No aplica;1;Carretera;1;VÍAS INTERURBANAS;C-14;14;4;Se desconoce;4;Municipal;3;Autovía;20;Otro tipo de accidente                             ;0;0;2;2;0;0;2;2;1;0;0;0;0;0;0;0;0;0;0;0;0;0;0;0;0;0;0;0;0;0;0;2;Fuera de intersección o nudo;;;;999;Sin especificar;999;Sin especificar;999;Sin especificar;999;Sin especificar;999;Sin especificar;999;Sin especificar;999;Sin especificar;999;Sin especificar;999;Sin especificar;999;Sin especificar;999;Sin especificar;999;Sin especificar;999;Sin especificar;6;Se desconoce;1;Seco y limpio;6;Sin luz natural ni artificial;1;Despejado;;;;;18;Se desconoce;998;No aplica;4;Se desconoce;4.121.413;1.139.606;POINT (1.139606 41.21413)
47614;2020;8;Agosto;3;MIÉRCOLES;11;29;Málaga;29068;Manilva;;No aplica;1;Carretera;1;VÍAS INTERURBANAS;A-7;139.3;2;Descendente;1;Estatal;3;Autovía;10;Caída                                              ;0;0;1;1;0;0;1;1;1;0;0;0;0;0;0;0;0;0;0;0;0;0;0;0;0;0;0;0;0;0;0;2;Fuera de intersección o nudo;;;;999;Sin especificar;999;Sin especificar;999;Sin especificar;999;Sin especificar;999;Sin especificar;999;Sin especificar;999;Sin especificar;999;Sin especificar;999;Sin especificar;999;Sin especificar;999;Sin especificar;999;Sin especificar;999;Sin especificar;1;Nivel blanco;1;Seco y limpio;1;Luz del día natural, solar;1;Despejado;;;;;1;Buena visibilidad;998;No aplica;1;Recta;3.637.706;-5.249.271;POINT (-5.249271 36.37706)
78165;2018;3;Marzo;7;DOMINGO;23;36;Pontevedra;36005;Caldas de Reis;;No aplica;1;Carretera;1;VÍAS INTERURBANAS;EP-8003;0.6;2;Descendente;3;Provincial, Cabildo/Consell;6;Carretera Convencional de calzada única;17;Salida de la vía por la derecha con despeñamiento  ;0;0;2;2;0;0;2;2;1;0;0;0;0;0;0;0;0;0;0;0;0;0;0;0;0;0;0;0;0;0;0;2;Fuera de intersección o nudo;;;;999;Sin especificar;999;Sin especificar;999;Sin especificar;999;Sin especificar;999;Sin especificar;999;Sin especificar;999;Sin especificar;999;Sin especificar;999;Sin especificar;999;Sin especificar;999;Sin especificar;999;Sin especificar;999;Sin especificar;1;Nivel blanco;1;Seco y limpio;6;Sin luz natural ni artificial;1;Despejado;;;;;1;Buena visibilidad;998;No aplica;3;Curva sin señalizar;426.055;-8.643.308;POINT (-8.643308 42.6055)
40944;2021;4;Abril;3;MIÉRCOLES;7;26;Rioja, La;0;;;No aplica;1;Carretera;1;VÍAS INTERURBANAS;AP-68;155.6;1;Ascendente;1;Estatal;1;Autopista de peaje;20;Otro tipo de accidente                             ;0;0;3;3;0;0;3;3;2;0;0;0;0;0;0;0;0;0;0;0;0;0;0;0;0;0;0;0;0;0;0;2;Fuera de intersección o nudo;;;;999;Sin especificar;999;Sin especificar;999;Sin especificar;999;Sin especificar;999;Sin especificar;999;Sin especificar;999;Sin especificar;999;Sin especificar;999;Sin especificar;999;Sin especificar;999;Sin especificar;999;Sin especificar;999;Sin especificar;1;Nivel blanco;1;Seco y limpio;1;Luz del día natural, solar;1;Despejado;;;;;1;Buena visibilidad;998;No aplica;3;Curva sin señalizar;4.238.518;-217.134;POINT (-2.17134 42.38518)
77520;2021;10;Octubre;3;MIÉRCOLES;18;43;Tarragona;43163;Vendrell, El;;No aplica;1;Carretera;1;VÍAS INTERURBANAS;N-340;1191.6;4;Se desconoce;1;Estatal;6;Carretera Convencional de calzada única;19;Salida de la vía por la derecha otro tipo          ;0;0;1;1;0;0;1;1;1;0;0;0;0;0;0;0;0;0;0;0;0;0;0;0;0;0;0;0;0;0;0;2;Fuera de intersección o nudo;;;;999;Sin especificar;999;Sin especificar;999;Sin especificar;999;Sin especificar;999;Sin especificar;999;Sin especificar;999;Sin especificar;999;Sin especificar;999;Sin especificar;999;Sin especificar;999;Sin especificar;999;Sin especificar;999;Sin especificar;999;Sin especificar;1;Seco y limpio;1;Luz del día natural, solar;1;Despejado;;;1;Viento fuerte;999;Sin especificar;998;No aplica;4;Se desconoce;4.121.468;154.254;POINT (1.54254 41.21468)
55022;2020;7;Julio;4;JUEVES;12;36;Pontevedra;36033;Mos;;No aplica;1;Carretera;1;VÍAS INTERURBANAS;A-55;14;2;Descendente;1;Estatal;3;Autovía;4;Por alcance                                        ;0;0;4;4;0;0;4;4;2;0;0;0;0;0;0;0;0;0;0;0;0;0;0;0;0;0;0;0;0;0;0;2;Fuera de intersección o nudo;;;;999;Sin especificar;999;Sin especificar;999;Sin especificar;999;Sin especificar;999;Sin especificar;999;Sin especificar;999;Sin especificar;999;Sin especificar;999;Sin especificar;999;Sin especificar;999;Sin especificar;999;Sin especificar;999;Sin especificar;4;Nivel rojo;1;Seco y limpio;1;Luz del día natural, solar;1;Despejado;;;;;1;Buena visibilidad;998;No aplica;1;Recta;4.219.545;-8.654.388;POINT (-8.654388 42.19545)
65647;2020;7;Julio;6;SÁBADO;19;46;Valencia/València;46230;Silla;;No aplica;1;Carretera;1;VÍAS INTERURBANAS;A-7;355;2;Descendente;1;Estatal;3;Autovía;4;Por alcance                                        ;0;0;2;2;0;0;2;2;2;0;0;0;0;0;0;0;0;0;0;0;0;0;0;0;0;0;0;0;0;0;0;1;En intersección o nudo;10;Enlace con carriles de cambio de velocidad paralelos al tronco;V-31;1;Sí;0;No;0;No;0;No;0;No;0;No;0;No;0;No;0;No;0;No;0;No;0;No;0;No;1;Nivel blanco;1;Seco y limpio;1;Luz del día natural, solar;1;Despejado;;;;;1;Buena visibilidad;998;No aplica;1;Recta;39.36;-0.4626281;POINT (-0.4626281 39.36)
83991;2018;10;Octubre;4;JUEVES;21;41;Sevilla;41038;Dos Hermanas;;No aplica;1;Carretera;1;VÍAS INTERURBANAS;SE-3206;4.7;2;Descendente;3;Provincial, Cabildo/Consell;6;Carretera Convencional de calzada única;2;Fronto-lateral                                     ;0;0;1;1;0;0;1;1;2;0;0;0;0;0;0;0;0;0;0;0;0;0;0;0;0;0;0;0;0;0;0;1;En intersección o nudo;4;Glorieta;SE-3205;0;No;0;No;0;No;0;No;1;Sí;0;No;0;No;0;No;0;No;0;No;0;No;0;No;0;No;1;Nivel blanco;1;Seco y limpio;4;Sin luz natural y con iluminación artificial encen;1;Despejado;;;;;1;Buena visibilidad;998;No aplica;1;Recta;3.728.318;-5.922.242;POINT (-5.922242 37.28318)
13905;2016;6;Junio;4;JUEVES;3;8;Barcelona;8123;Molins de Rei;;No aplica;1;Carretera;1;VÍAS INTERURBANAS;B-23;9;4;Se desconoce;1;Estatal;1;Autopista de peaje;4;Por alcance                                        ;0;0;1;1;0;0;1;1;2;0;0;0;0;0;0;0;0;0;0;0;0;0;0;0;0;0;0;0;0;0;0;2;Fuera de intersección o nudo;;;;999;Sin especificar;999;Sin especificar;999;Sin especificar;999;Sin especificar;999;Sin especificar;999;Sin especificar;999;Sin especificar;999;Sin especificar;999;Sin especificar;999;Sin especificar;999;Sin especificar;999;Sin especificar;999;Sin especificar;6;Se desconoce;1;Seco y limpio;4;Sin luz natural y con iluminación artificial encen;1;Despejado;;;;;18;Se desconoce;998;No aplica;4;Se desconoce;4.141.392;2.015.836;POINT (2.015836 41.41392)
31629;2020;5;Mayo;1;LUNES;8;22;Huesca;22125;Huesca;;No aplica;1;Carretera;1;VÍAS INTERURBANAS;HU-324;7;2;Descendente;2;Autonómica;6;Carretera Convencional de calzada única;16;Salida de la vía por la derecha con colisión       ;0;0;1;1;0;0;1;1;1;0;0;0;0;0;0;0;0;0;0;0;0;0;0;0;0;0;0;0;0;0;0;2;Fuera de intersección o nudo;;;;999;Sin especificar;999;Sin especificar;999;Sin especificar;999;Sin especificar;999;Sin especificar;999;Sin especificar;999;Sin especificar;999;Sin especificar;999;Sin especificar;999;Sin especificar;999;Sin especificar;999;Sin especificar;999;Sin especificar;1;Nivel blanco;1;Seco y limpio;1;Luz del día natural, solar;1;Despejado;;;;;1;Buena visibilidad;998;No aplica;3;Curva sin señalizar;421.401;-0.408898;POINT (-0.408898 42.1401)
43419;2018;1;Enero;1;LUNES;9;18;Granada;18173;Salobreña;;No aplica;1;Carretera;1;VÍAS INTERURBANAS;GR-5300;12.7;3;Ambos;3;Provincial, Cabildo/Consell;6;Carretera Convencional de calzada única;12;Salida de la vía por la izquierda con colisión     ;0;0;1;1;0;0;1;1;2;0;0;0;0;0;0;0;0;0;0;0;0;0;0;0;0;0;0;0;0;0;0;2;Fuera de intersección o nudo;;;;999;Sin especificar;999;Sin especificar;999;Sin especificar;999;Sin especificar;999;Sin especificar;999;Sin especificar;999;Sin especificar;999;Sin especificar;999;Sin especificar;999;Sin especificar;999;Sin especificar;999;Sin especificar;999;Sin especificar;2;Nivel verde;3;Mojado;1;Luz del día natural, solar;3;Lluvia débil;;;;;17;Otras restricciones;998;No aplica;2;Curva señalizada;3.674.626;-3.587.108;POINT (-3.587108 36.74626)
79836;2016;5;Mayo;5;VIERNES;16;38;Santa Cruz de Tenerife;38006;Arona;10;Tenerife;1;Carretera;1;VÍAS INTERURBANAS;TF-1;72;2;Descendente;3;Provincial, Cabildo/Consell;2;Autopista libre;5;Múltiple o en caravana                             ;0;0;1;1;0;0;1;1;3;0;0;0;0;0;0;0;0;0;0;0;0;0;0;0;0;0;0;0;0;0;0;2;Fuera de intersección o nudo;;;;999;Sin especificar;999;Sin especificar;999;Sin especificar;999;Sin especificar;999;Sin especificar;999;Sin especificar;999;Sin especificar;999;Sin especificar;999;Sin especificar;999;Sin especificar;999;Sin especificar;999;Sin especificar;999;Sin especificar;3;Nivel amarillo;1;Seco y limpio;1;Luz del día natural, solar;1;Despejado;;;;;999;Sin especificar;998;No aplica;1;Recta;2.810.047;-1.668.066;POINT (-16.68066 28.10047)
10755;2019;2;Febrero;5;VIERNES;11;8;Barcelona;8196;Sant Andreu de la Barca;;No aplica;1;Carretera;1;VÍAS INTERURBANAS;A-2;594.4;4;Se desconoce;1;Estatal;3;Autovía;4;Por alcance                                        ;0;0;3;3;0;0;3;3;3;0;0;0;0;0;0;0;0;0;0;0;0;0;0;0;0;0;0;0;0;0;0;2;Fuera de intersección o nudo;;;;999;Sin especificar;999;Sin especificar;999;Sin especificar;999;Sin especificar;999;Sin especificar;999;Sin especificar;999;Sin especificar;999;Sin especificar;999;Sin especificar;999;Sin especificar;999;Sin especificar;999;Sin especificar;999;Sin especificar;6;Se desconoce;3;Mojado;1;Luz del día natural, solar;3;Lluvia débil;;;;;18;Se desconoce;998;No aplica;4;Se desconoce;4.144.718;1.975.935;POINT (1.975935 41.44718)
81958;2016;8;Agosto;2;MARTES;7;39;Cantabria;0;;;No aplica;1;Carretera;1;VÍAS INTERURBANAS;CA-280;39;1;Ascendente;2;Autonómica;6;Carretera Convencional de calzada única;19;Salida de la vía por la derecha otro tipo          ;0;0;1;1;0;0;1;1;1;0;0;0;0;0;0;0;0;0;0;0;0;0;0;0;0;0;0;0;0;0;0;2;Fuera de intersección o nudo;;;;999;Sin especificar;999;Sin especificar;999;Sin especificar;999;Sin especificar;999;Sin especificar;999;Sin especificar;999;Sin especificar;999;Sin especificar;999;Sin especificar;999;Sin especificar;999;Sin especificar;999;Sin especificar;999;Sin especificar;1;Nivel blanco;1;Seco y limpio;2;Amanecer o atardecer, sin luz artificial;1;Despejado;;;;;1;Buena visibilidad;998;No aplica;1;Recta;4.298.216;-424.129;POINT (-4.24129 42.98216)