secuencial;anyo;mes;nombre_mes;dia_semana;nombre_dia_semana;hora;cod_provincia;nombre_provincia;cod_municipio;nombre_codigo_municipio;isla;nombre_isla;zona;nombre_zona;zona_agrupada;nombre_zona_agrupada;carretera;km;sentido_1f;nombre_sentido;titularidad_via;nombre_titularidad_via;tipo_via;nombre_tipo_via;tipo_accidente;nombre_tipo_accidente;total_mu24h;total_hg24h;total_hl24h;total_victimas_24h;total_mu30df;total_hg30df;total_hl30df;total_victimas_30df;total_vehiculos;tot_peat_mu24h;tot_bici_mu24h;tot_ciclo_mu24h;tot_moto_mu24h;tot_tur_mu24h;tot_furg_mu24h;tot_cam_menos3500_mu24h;tot_cam_mas3500_mu24h;tot_bus_mu24h;tot_otro_mu24h;tot_sinespecif_mu24h;tot_peat_mu30df;tot_bici_mu30df;tot_ciclo_mu30df;tot_moto_mu30df;tot_tur_mu30df;tot_furg_mu30df;tot_cam_menos3500_mu30df;tot_cam_mas3500_mu30df;tot_bus_mu30df;tot_otro_mu30df;tot_sinespecif_mu30df;nudo;nombre_nudo;nudo_info;nombre_nudo_info;carretera_cruce;priori_norma;nombre_priori_norma;priori_agente;nombre_priori_agente;priori_semaforo;nombre_priori_semaforo;priori_vert_stop;nombre_priori_vert_stop;priori_vert_ceda;nombre_priori_priori_vert_ceda;priori_horiz_stop;nombre_priori_horiz_stop;priori_horiz_ceda;nombre_priori_horiz_ceda;priori_marcas;nombre_priori_marcas;priori_pea_no_elev;nombre_priori_pea_no_elev;priori_pea_elev;nombre_priori_pea_elev;priori_marca_ciclos;nombre_priori_marca_ciclos;priori_circunstancial;nombre_priori_circunstancial;priori_otra;nombre_priori_otra;condicion_nivel_circula;nombre_condicion_nivel_circula;condicion_firme;nombre_condicion_firme;condicion_iluminacion;nombre_condicion_iluminacion;condicion_meteo;nombre_condicion_meteo;condicion_niebla;nombre_condicion_niebla;condicion_viento;nombre_condicion_viento;visib_restringida_por;nombre_visib_restringida_por;acera;nombre_acera;trazado_planta;nombre_trazado_planta;latitud;longitud;geom
73;2019;9;Septiembre;5;VIERNES;16;1;Araba/Álava;0;;;No aplica;1;Carretera;1;VÍAS INTERURBANAS;A-624;49.2;1;Ascendente;3;Provincial, Cabildo/Consell;6;Carretera Convencional de calzada única;4;Por alcance                                        ;0;0;1;1;0;0;1;1;2;0;0;0;0;0;0;0;0;0;0;0;0;0;0;0;0;0;0;0;0;0;0;2;Fuera de intersección o nudo;;;;999;Sin especificar;999;Sin especificar;999;Sin especificar;999;Sin especificar;999;Sin especificar;999;Sin especificar;999;Sin especificar;999;Sin especificar;999;Sin especificar;999;Sin especificar;999;Sin especificar;999;Sin especificar;999;Sin especificar;1;Nivel blanco;1;Seco y limpio;1;Luz del día natural, solar;1;Despejado;;;;;1;Buena visibilidad;998;No aplica;4;Se desconoce;4.309.456;-307.017;POINT (-3.07017 43.09456)
36807;2021;4;Abril;5;VIERNES;17;20;Gipuzkoa;20018;Azpeitia;;No aplica;1;Carretera;1;VÍAS INTERURBANAS;GI-2635;2.5;1;Ascendente;3;Provincial, Cabildo/Consell;6;Carretera Convencional de calzada única;16;Salida de la vía por la derecha con colisión       ;0;0;1;1;0;0;1;1;2;0;0;0;0;0;0;0;0;0;0;0;0;0;0;0;0;0;0;0;0;0;0;1;En intersección o nudo;2;En T o Y;;0;No;0;No;0;No;1;Sí;0;No;0;No;0;No;1;Sí;0;No;0;No;0;No;0;No;0;No;1;Nivel blanco;1;Seco y limpio;1;Luz del día natural, solar;1;Despejado;;;;;1;Buena visibilidad;998;No aplica;1;Recta;4.315.937;-224.488;POINT (-2.24488 43.15937)
6619;2016;1;Enero;6;SÁBADO;17;6;Badajoz;0;;;No aplica;1;Carretera;1;VÍAS INTERURBANAS;EX-107;55.6;1;Ascendente;2;Autonómica;6;Carretera Convencional de calzada única;16;Salida de la vía por la derecha con colisión       ;0;1;0;1;0;1;0;1;1;0;0;0;0;0;0;0;0;0;0;0;0;0;0;0;0;0;0;0;0;0;0;2;Fuera de intersección o nudo;;;;999;Sin especificar;999;Sin especificar;999;Sin especificar;999;Sin especificar;999;Sin especificar;999;Sin especificar;999;Sin especificar;999;Sin especificar;999;Sin especificar;999;Sin especificar;999;Sin especificar;999;Sin especificar;999;Sin especificar;1;Nivel blanco;1;Seco y limpio;1;Luz del día natural, solar;1;Despejado;;;;;1;Buena visibilidad;998;No aplica;2;Curva señalizada;3.843.289;-71.219;POINT (-7.1219 38.43289)
30681;2021;12;Diciembre;3;MIÉRCOLES;16;15;Coruña, A;15017;Cambre;;No aplica;1;Carretera;1;VÍAS INTERURBANAS;AP-9;7.576;2;Descendente;1;Estatal;1;Autopista de peaje;4;Por alcance                                        ;0;0;1;1;0;0;1;1;2;0;0;0;0;0;0;0;0;0;0;0;0;0;0;0;0;0;0;0;0;0;0;2;Fuera de intersección o nudo;;;;999;Sin especificar;999;Sin especificar;999;Sin especificar;999;Sin especificar;999;Sin especificar;999;Sin especificar;999;Sin especificar;999;Sin especificar;999;Sin especificar;999;Sin especificar;999;Sin especificar;999;Sin especificar;999;Sin especificar;1;Nivel blanco;1;Seco y limpio;1;Luz del día natural, solar;1;Despejado;;;;;1;Buena visibilidad;998;No aplica;1;Recta;4.331.197;-835.858;POINT (-8.35858 43.31197)
13879;2018;6;Junio;7;DOMINGO;21;8;Barcelona;8114;Martorell;;No aplica;1;Carretera;1;VÍAS INTERURBANAS;AP-7;171.5;4;Se desconoce;1;Estatal;1;Autopista de peaje;19;Salida de la vía por la derecha otro tipo          ;0;0;1;1;0;0;1;1;1;0;0;0;0;0;0;0;0;0;0;0;0;0;0;0;0;0;0;0;0;0;0;2;Fuera de intersección o nudo;;;;999;Sin especificar;999;Sin especificar;999;Sin especificar;999;Sin especificar;999;Sin especificar;999;Sin especificar;999;Sin especificar;999;Sin especificar;999;Sin especificar;999;Sin especificar;999;Sin especificar;999;Sin especificar;999;Sin especificar;6;Se desconoce;3;Mojado;6;Sin luz natural ni artificial;1;Despejado;;;;;18;Se desconoce;998;No aplica;4;Se desconoce;4.147.355;1.927.682;POINT (1.927682 41.47355)
47653;2018;7;Julio;7;DOMINGO;12;24;León;0;;;No aplica;1;Carretera;1;VÍAS INTERURBANAS;LE-495;4.4;1;Ascendente;2;Autonómica;6;Carretera Convencional de calzada única;10;Caída                                              ;0;0;1;1;0;0;1;1;1;0;0;0;0;0;0;0;0;0;0;0;0;0;0;0;0;0;0;0;0;0;0;2;Fuera de intersección o nudo;;;;999;Sin especificar;999;Sin especificar;999;Sin especificar;999;Sin especificar;999;Sin especificar;999;Sin especificar;999;Sin especificar;999;Sin especificar;999;Sin especificar;999;Sin especificar;999;Sin especificar;999;Sin especificar;999;Sin especificar;1;Nivel blanco;1;Seco y limpio;1;Luz del día natural, solar;1;Despejado;;;;;1;Buena visibilidad;998;No aplica;3;Curva sin señalizar;4.297.826;-622.434;POINT (-6.22434 42.97826)
15832;2017;9;Septiembre;2;MARTES;6;8;Barcelona;8157;Pallejà;;No aplica;1;Carretera;1;VÍAS INTERURBANAS;A-2;597;4;Se desconoce;1;Estatal;3;Autovía;20;Otro tipo de accidente                             ;0;0;1;1;0;0;1;1;5;0;0;0;0;0;0;0;0;0;0;0;0;0;0;0;0;0;0;0;0;0;0;2;Fuera de intersección o nudo;;;;999;Sin especificar;999;Sin especificar;999;Sin especificar;999;Sin especificar;999;Sin especificar;999;Sin especificar;999;Sin especificar;999;Sin especificar;999;Sin especificar;999;Sin especificar;999;Sin especificar;999;Sin especificar;999;Sin especificar;6;Se desconoce;1;Seco y limpio;6;Sin luz natural ni artificial;1;Despejado;;;;;18;Se desconoce;998;No aplica;4;Se desconoce;4.142.372;1.996.701;POINT (1.996701 41.42372)
54435;2016;5;Mayo;3;MIÉRCOLES;19;28;Madrid;28065;Getafe;;No aplica;1;Carretera;1;VÍAS INTERURBANAS;M-50;50;1;Ascendente;1;Estatal;2;Autopista libre;4;Por alcance                                        ;0;0;2;2;0;0;2;2;2;0;0;0;0;0;0;0;0;0;0;0;0;0;0;0;0;0;0;0;0;0;0;2;Fuera de intersección o nudo;;;;999;Sin especificar;999;Sin especificar;999;Sin especificar;999;Sin especificar;999;Sin especificar;999;Sin especificar;999;Sin especificar;999;Sin especificar;999;Sin especificar;999;Sin especificar;999;Sin especificar;999;Sin especificar;999;Sin especificar;1;Nivel blanco;1;Seco y limpio;1;Luz del día natural, solar;1;Despejado;;;;;999;Sin especificar;998;No aplica;1;Recta;4.030.498;-3.732.677;POINT (-3.732677 40.30498)
40430;2021;8;Agosto;7;DOMINGO;18;25;Lleida;0;;;No aplica;1;Carretera;1;VÍAS INTERURBANAS;C-13;55.5;4;Se desconoce;5;Otra;6;Carretera Convencional de calzada única;9;Vuelco                                             ;0;0;1;1;0;0;1;1;1;0;0;0;0;0;0;0;0;0;0;0;0;0;0;0;0;0;0;0;0;0;0;2;Fuera de intersección o nudo;;;;999;Sin especificar;999;Sin especificar;999;Sin especificar;999;Sin especificar;999;Sin especificar;999;Sin especificar;999;Sin especificar;999;Sin especificar;999;Sin especificar;999;Sin especificar;999;Sin especificar;999;Sin especificar;999;Sin especificar;999;Sin especificar;1;Seco y limpio;1;Luz del día natural, solar;1;Despejado;;;1;Viento fuerte;999;Sin especificar;998;No aplica;4;Se desconoce;4.194.657;0.87687;POINT (0.87687 41.94657)
17480;2018;12;Diciembre;4;JUEVES;16;8;Barcelona;0;;;No aplica;1;Carretera;1;VÍAS INTERURBANAS;C-35;49.1;4;Se desconoce;4;Municipal;5;Carretera Convencional de doble calzada;3;Lateral                                            ;0;0;1;1;0;0;1;1;2;0;0;0;0;0;0;0;0;0;0;0;0;0;0;0;0;0;0;0;0;0;0;2;Fuera de intersección o nudo;;;;999;Sin especificar;999;Sin especificar;999;Sin especificar;999;Sin especificar;999;Sin especificar;999;Sin especificar;999;Sin especificar;999;Sin especificar;999;Sin especificar;999;Sin especificar;999;Sin especificar;999;Sin especificar;999;Sin especificar;6;Se desconoce;1;Seco y limpio;1;Luz del día natural, solar;1;Despejado;;;;;18;Se desconoce;998;No aplica;4;Se desconoce;4.165.269;24.369;POINT (2.4369 41.65269)
66164;2018;9;Septiembre;4;JUEVES;18;28;Madrid;28127;Rozas de Madrid, Las;;No aplica;1;Carretera;1;VÍAS INTERURBANAS;M-505;2.9;1;Ascendente;2;Autonómica;5;Carretera Convencional de doble calzada;5;Múltiple o en caravana                             ;0;0;1;1;0;0;1;1;3;0;0;0;0;0;0;0;0;0;0;0;0;0;0;0;0;0;0;0;0;0;0;2;Fuera de intersección o nudo;;;;999;Sin especificar;999;Sin especificar;999;Sin especificar;999;Sin especificar;999;Sin especificar;999;Sin especificar;999;Sin especificar;999;Sin especificar;999;Sin especificar;999;Sin especificar;999;Sin especificar;999;Sin especificar;999;Sin especificar;3;Nivel amarillo;1;Seco y limpio;1;Luz del día natural, solar;1;Despejado;;;;;1;Buena visibilidad;998;No aplica;1;Recta;4.031.007;-4.490.765;POINT (-4.490765 40.31007)
3501;2021;9;Septiembre;2;MARTES;7;3;Alicante/Alacant;3121;Santa Pola;;No aplica;1;Carretera;1;VÍAS INTERURBANAS;N-332;93.3;1;Ascendente;1;Estatal;6;Carretera Convencional de calzada única;5;Múltiple o en caravana                             ;0;0;1;1;0;0;1;1;3;0;0;0;0;0;0;0;0;0;0;0;0;0;0;0;0;0;0;0;0;0;0;2;Fuera de intersección o nudo;;;;999;Sin especificar;999;Sin especificar;999;Sin especificar;999;Sin especificar;999;Sin especificar;999;Sin especificar;999;Sin especificar;999;Sin especificar;999;Sin especificar;999;Sin especificar;999;Sin especificar;999;Sin especificar;999;Sin especificar;3;Nivel amarillo;3;Mojado;1;Luz del día natural, solar;3;Lluvia débil;;;;;1;Buena visibilidad;998;No aplica;1;Recta;3.824.298;-0.54726;POINT (-0.54726 38.24298)
40760;2016;4;Abril;4;JUEVES;9;17;Girona;17160;Sant Feliu de Guíxols;;No aplica;1;Carretera;1;VÍAS INTERURBANAS;GI-682;40;4;Se desconoce;4;Municipal;5;Carretera Convencional de doble calzada;19;Salida de la vía por la derecha otro tipo          ;0;0;1;1;0;0;1;1;1;0;0;0;0;0;0;0;0;0;0;0;0;0;0;0;0;0;0;0;0;0;0;2;Fuera de intersección o nudo;;;;999;Sin especificar;999;Sin especificar;999;Sin especificar;999;Sin especificar;999;Sin especificar;999;Sin especificar;999;Sin especificar;999;Sin especificar;999;Sin especificar;999;Sin especificar;999;Sin especificar;999;Sin especificar;999;Sin especificar;6;Se desconoce;3;Mojado;1;Luz del día natural, solar;3;Lluvia débil;;;;;18;Se desconoce;998;No aplica;4;Se desconoce;4.178.058;3.030.733;POINT (3.030733 41.78058)
33781;2021;11;Noviembre;1;LUNES;9;17;Girona;0;;;No aplica;1;Carretera;1;VÍAS INTERURBANAS;C-153;50.4;1;Ascendente;2;Autonómica;6;Carretera Convencional de calzada única;1;Frontal                                            ;1;1;1;3;1;1;1;3;2;0;0;0;0;1;0;0;0;0;0;0;0;0;0;0;1;0;0;0;0;0;0;2;Fuera de intersección o nudo;;;;999;Sin especificar;999;Sin especificar;999;Sin especificar;999;Sin especificar;999;Sin especificar;999;Sin especificar;999;Sin especificar;999;Sin especificar;999;Sin especificar;999;Sin especificar;999;Sin especificar;999;Sin especificar;999;Sin especificar;2;Nivel verde;1;Seco y limpio;1;Luz del día natural, solar;1;Despejado;;;1;Viento fuerte;17;Otras restricciones;998;No aplica;1;Recta;421.211;245.069;POINT (2.45069 42.1211)
23761;2020;7;Julio;2;MARTES;14;12;Castellón/Castelló;12138;Vinaròs;;No aplica;1;Carretera;1;VÍAS INTERURBANAS;N-340;1057;1;Ascendente;1;Estatal;6;Carretera Convencional de calzada única;3;Lateral                                            ;0;0;1;1;0;0;1;1;2;0;0;0;0;0;0;0;0;0;0;0;0;0;0;0;0;0;0;0;0;0;0;1;En intersección o nudo;4;Glorieta;N-340a;1;Sí;0;No;0;No;0;No;0;No;0;No;0;No;0;No;0;No;0;No;0;No;0;No;0;No;1;Nivel blanco;1;Seco y limpio;1;Luz del día natural, solar;1;Despejado;;;;;1;Buena visibilidad;998;No aplica;2;Curva señalizada;40.471;0.4747435;POINT (0.4747435 40.471)
70780;2017;8;Agosto;1;LUNES;12;30;Murcia;30026;Mazarrón;;No aplica;1;Carretera;1;VÍAS INTERURBANAS;RM-332;28;1;Ascendente;2;Autonómica;6;Carretera Convencional de calzada única;2;Fronto-lateral                                     ;0;0;1;1;0;0;1;1;2;0;0;0;0;0;0;0;0;0;0;0;0;0;0;0;0;0;0;0;0;0;0;1;En intersección o nudo;4;Glorieta;RM-332;0;No;0;No;0;No;0;No;0;No;0;No;0;No;1;Sí;0;No;0;No;0;No;0;No;0;No;1;Nivel blanco;1;Seco y limpio;1;Luz del día natural, solar;2;Nublado;;;;;1;Buena visibilidad;998;No aplica;3;Curva sin señalizar;3.759.907;-1.313.669;POINT (-1.313669 37.59907)
96538;2018;10;Octubre;2;MARTES;13;48;Bizkaia;48902;Erandio;;No aplica;1;Carretera;1;VÍAS INTERURBANAS;BI-604;6.3;1;Ascendente;3;Provincial, Cabildo/Consell;5;Carretera Convencional de doble calzada;5;Múltiple o en caravana                             ;0;0;1;1;0;0;1;1;3;0;0;0;0;0;0;0;0;0;0;0;0;0;0;0;0;0;0;0;0;0;0;2;Fuera de intersección o nudo;;;;999;Sin especificar;999;Sin especificar;999;Sin especificar;999;Sin especificar;999;Sin especificar;999;Sin especificar;999;Sin especificar;999;Sin especificar;999;Sin especificar;999;Sin especificar;999;Sin especificar;999;Sin especificar;999;Sin especificar;3;Nivel amarillo;1;Seco y limpio;1;Luz del día natural, solar;1;Despejado;;;;;1;Buena visibilidad;998;No aplica;1;Recta;4.330.746;-2.946.418;POINT (-2.946418 43.30746)
48864;2020;10;Octubre;6;SÁBADO;14;30;Murcia;30016;Cartagena;;No aplica;1;Carretera;1;VÍAS INTERURBANAS;RM-E22;8.15;2;Descendente;2;Autonómica;6;Carretera Convencional de calzada única;4;Por alcance                                        ;0;0;2;2;0;0;2;2;4;0;0;0;0;0;0;0;0;0;0;0;0;0;0;0;0;0;0;0;0;0;0;1;En intersección o nudo;2;En T o Y;;1;Sí;0;No;0;No;0;No;0;No;0;No;0;No;0;No;0;No;0;No;0;No;0;No;0;No;1;Nivel blanco;1;Seco y limpio;1;Luz del día natural, solar;1;Despejado;;;;;1;Buena visibilidad;998;No aplica;1;Recta;3.760.565;-0.9912944;POINT (-0.9912944 37.60565)
10212;2018;2;Febrero;6;SÁBADO;13;7;Balears, Illes;0;;1;Mallorca;1;Carretera;1;VÍAS INTERURBANAS;Ma-3011;15.55;2;Descendente;3;Provincial, Cabildo/Consell;6;Carretera Convencional de calzada única;3;Lateral                                            ;0;1;0;1;0;1;0;1;2;0;0;0;0;0;0;0;0;0;0;0;0;0;0;0;0;0;0;0;0;0;0;1;En intersección o nudo;2;En T o Y;;1;Sí;0;No;0;No;0;No;0;No;0;No;0;No;0;No;0;No;0;No;0;No;0;No;0;No;1;Nivel blanco;1;Seco y limpio;1;Luz del día natural, solar;1;Despejado;;;;;1;Buena visibilidad;998;No aplica;1;Recta;3.961.248;283.493;POINT (2.83493 39.61248)
60954;2020;7;Julio;6;SÁBADO;13;41;Sevilla;41091;Sevilla;;No aplica;1;Carretera;1;VÍAS INTERURBANAS;A-376;0.5;1;Ascendente;2;Autonómica;5;Carretera Convencional de doble calzada;10;Caída                                              ;0;0;1;1;0;0;1;1;2;0;0;0;0;0;0;0;0;0;0;0;0;0;0;0;0;0;0;0;0;0;0;1;En intersección o nudo;10;Enlace con carriles de cambio de velocidad paralelos al tronco;A-376;0;No;0;No;0;No;0;No;0;No;0;No;0;No;1;Sí;0;No;0;No;0;No;0;No;0;No;999;Sin especificar;1;Seco y limpio;1;Luz del día natural, solar;1;Despejado;;;;;1;Buena visibilidad;998;No aplica;1;Recta;3.738.264;-5.996.295;POINT (-5.996295 37.38264)
67671;2021;6;Junio;5;VIERNES;11;36;Pontevedra;36045;Redondela;;No aplica;1;Carretera;1;VÍAS INTERURBANAS;N-550;139.1;1;Ascendente;1;Estatal;6;Carretera Convencional de calzada única;2;Fronto-lateral                                     ;0;1;2;3;0;1;2;3;2;0;0;0;0;0;0;0;0;0;0;0;0;0;0;0;0;0;0;0;0;0;0;2;Fuera de intersección o nudo;;;;999;Sin especificar;999;Sin especificar;999;Sin especificar;999;Sin especificar;999;Sin especificar;999;Sin especificar;999;Sin especificar;999;Sin especificar;999;Sin especificar;999;Sin especificar;999;Sin especificar;999;Sin especificar;999;Sin especificar;2;Nivel verde;2;Con barro o gravilla suelta;1;Luz del día natural, solar;1;Despejado;;;;;4;Configuración del terreno;998;No aplica;1;Recta;4.230.757;-860.659;POINT (-8.60659 42.30757)
33778;2021;10;Octubre;7;DOMINGO;15;17;Girona;17193;Sils;;No aplica;1;Carretera;1;VÍAS INTERURBANAS;C-63;14.4;4;Se desconoce;5;Otra;6;Carretera Convencional de calzada única;19;Salida de la vía por la derecha otro tipo          ;0;0;2;2;0;0;2;2;1;0;0;0;0;0;0;0;0;0;0;0;0;0;0;0;0;0;0;0;0;0;0;2;Fuera de intersección o nudo;;;;999;Sin especificar;999;Sin especificar;999;Sin especificar;999;Sin especificar;999;Sin especificar;999;Sin especificar;999;Sin especificar;999;Sin especificar;999;Sin especificar;999;Sin especificar;999;Sin especificar;999;Sin especificar;999;Sin especificar;999;Sin especificar;1;Seco y limpio;1;Luz del día natural, solar;1;Despejado;;;1;Viento fuerte;999;Sin especificar;998;No aplica;4;Se desconoce;4.180.917;2.743.466;POINT (2.743466 41.80917)
89548;2017;8;Agosto;4;JUEVES;12;45;Toledo;45014;Añover de Tajo;;No aplica;1;Carretera;1;VÍAS INTERURBANAS;CM-4004;37.9;1;Ascendente;2;Autonómica;6;Carretera Convencional de calzada única;2;Fronto-lateral                                     ;1;0;0;1;1;0;0;1;2;0;0;0;1;0;0;0;0;0;0;0;0;0;0;1;0;0;0;0;0;0;0;1;En intersección o nudo;2;En T o Y;CM-4004;0;No;0;No;0;No;1;Sí;0;No;0;No;0;No;0;No;0;No;0;No;0;No;0;No;0;No;1;Nivel blanco;1;Seco y limpio;1;Luz del día natural, solar;1;Despejado;;;;;1;Buena visibilidad;998;No aplica;1;Recta;3.998.945;-3.764.771;POINT (-3.764771 39.98945)
98187;2018;1;Enero;5;VIERNES;14;50;Zaragoza;50297;Zaragoza;;No aplica;1;Carretera;1;VÍAS INTERURBANAS;A-68;244.95;1;Ascendente;1;Estatal;4;Vía para automóviles;3;Lateral                                            ;0;0;2;2;0;0;2;2;3;0;0;0;0;0;0;0;0;0;0;0;0;0;0;0;0;0;0;0;0;0;0;2;Fuera de intersección o nudo;;;;999;Sin especificar;999;Sin especificar;999;Sin especificar;999;Sin especificar;999;Sin especificar;999;Sin especificar;999;Sin especificar;999;Sin especificar;999;Sin especificar;999;Sin especificar;999;Sin especificar;999;Sin especificar;999;Sin especificar;1;Nivel blanco;1;Seco y limpio;1;Luz del día natural, solar;1;Despejado;;;;;1;Buena visibilidad;998;No aplica;1;Recta;4.165.629;-0.8765379;POINT (-0.8765379 41.65629)
2688;2020;11;Noviembre;2;MARTES;18;3;Alicante/Alacant;3099;Orihuela;;No aplica;1;Carretera;1;VÍAS INTERURBANAS;N-332;48.8;1;Ascendente;1;Estatal;5;Carretera Convencional de doble calzada;2;Fronto-lateral                                     ;0;0;1;1;0;0;1;1;2;0;0;0;0;0;0;0;0;0;0;0;0;0;0;0;0;0;0;0;0;0;0;1;En intersección o nudo;1;En X o +;;1;Sí;0;No;0;No;0;No;0;No;0;No;0;No;0;No;0;No;0;No;0;No;0;No;0;No;1;Nivel blanco;1;Seco y limpio;6;Sin luz natural ni artificial;1;Despejado;;;;;1;Buena visibilidad;998;No aplica;1;Recta;3.808.395;-0.9447829;POINT (-0.9447829 38.08395)
43107;2017;8;Agosto;1;LUNES;8;18;Granada;18013;Alhama de Granada;;No aplica;1;Carretera;1;VÍAS INTERURBANAS;A-402;19.6;2;Descendente;2;Autonómica;6;Carretera Convencional de calzada única;3;Lateral                                            ;0;0;2;2;0;0;2;2;2;0;0;0;0;0;0;0;0;0;0;0;0;0;0;0;0;0;0;0;0;0;0;2;Fuera de intersección o nudo;;;;999;Sin especificar;999;Sin especificar;999;Sin especificar;999;Sin especificar;999;Sin especificar;999;Sin especificar;999;Sin especificar;999;Sin especificar;999;Sin especificar;999;Sin especificar;999;Sin especificar;999;Sin especificar;999;Sin especificar;1;Nivel blanco;1;Seco y limpio;1;Luz del día natural, solar;1;Despejado;;;;;1;Buena visibilidad;998;No aplica;4;Se desconoce;3.700.252;-3.988.389;POINT (-3.988389 37.00252)
58916;2020;11;Noviembre;1;LUNES;8;40;Segovia;0;;;No aplica;1;Carretera;1;VÍAS INTERURBANAS;A-601;45.5;2;Descendente;2;Autonómica;3;Autovía;5;Múltiple o en caravana                             ;0;0;1;1;0;0;1;1;4;0;0;0;0;0;0;0;0;0;0;0;0;0;0;0;0;0;0;0;0;0;0;2;Fuera de intersección o nudo;;;;999;Sin especificar;999;Sin especificar;999;Sin especificar;999;Sin especificar;999;Sin especificar;999;Sin especificar;999;Sin especificar;999;Sin especificar;999;Sin especificar;999;Sin especificar;999;Sin especificar;999;Sin especificar;999;Sin especificar;1;Nivel blanco;1;Seco y limpio;1;Luz del día natural, solar;1;Despejado;;;;;1;Buena visibilidad;998;No aplica;1;Recta;4.143.213;-437.843;POINT (-4.37843 41.43213)
31799;2018;11;Noviembre;6;SÁBADO;16;9;Burgos;0;;;No aplica;1;Carretera;1;VÍAS INTERURBANAS;N-122;280.1;2;Descendente;1;Estatal;5;Carretera Convencional de doble calzada;18;Salida de la vía por la derecha con vuelco         ;0;0;2;2;0;0;2;2;1;0;0;0;0;0;0;0;0;0;0;0;0;0;0;0;0;0;0;0;0;0;0;2;Fuera de intersección o nudo;;;;999;Sin especificar;999;Sin especificar;999;Sin especificar;999;Sin especificar;999;Sin especificar;999;Sin especificar;999;Sin especificar;999;Sin especificar;999;Sin especificar;999;Sin especificar;999;Sin especificar;999;Sin especificar;999;Sin especificar;1;Nivel blanco;1;Seco y limpio;1;Luz del día natural, solar;1;Despejado;;;;;1;Buena visibilidad;998;No aplica;1;Recta;416.387;-38.066;POINT (-3.8066 41.6387)
22174;2021;11;Noviembre;7;DOMINGO;22;8;Barcelona;8260;Santa Perpètua de Mogoda;;No aplica;1;Carretera;1;VÍAS INTERURBANAS;AP-7;144;4;Se desconoce;1;Estatal;1;Autopista de peaje;19;Salida de la vía por la derecha otro tipo          ;0;0;1;1;0;0;1;1;1;0;0;0;0;0;0;0;0;0;0;0;0;0;0;0;0;0;0;0;0;0;0;2;Fuera de intersección o nudo;;;;999;Sin especificar;999;Sin especificar;999;Sin especificar;999;Sin especificar;999;Sin especificar;999;Sin especificar;999;Sin especificar;999;Sin especificar;999;Sin especificar;999;Sin especificar;999;Sin especificar;999;Sin especificar;999;Sin especificar;999;Sin especificar;1;Seco y limpio;5;Sin luz natural y con iluminación artificial no en;1;Despejado;;;1;Viento fuerte;999;Sin especificar;998;No aplica;4;Se desconoce;4.153.486;2.178.988;POINT (2.178988 41.53486)
5312;2020;4;Abril;6;SÁBADO;21;7;Balears, Illes;7027;Inca;1;Mallorca;1;Carretera;1;VÍAS INTERURBANAS;Ma-2112;0.5;2;Descendente;3;Provincial, Cabildo/Consell;6;Carretera Convencional de calzada única;16;Salida de la vía por la derecha con colisión       ;0;1;0;1;0;1;0;1;1;0;0;0;0;0;0;0;0;0;0;0;0;0;0;0;0;0;0;0;0;0;0;2;Fuera de intersección o nudo;;;;999;Sin especificar;999;Sin especificar;999;Sin especificar;999;Sin especificar;999;Sin especificar;999;Sin especificar;999;Sin especificar;999;Sin especificar;999;Sin especificar;999;Sin especificar;999;Sin especificar;999;Sin especificar;999;Sin especificar;1;Nivel blanco;1;Seco y limpio;6;Sin luz natural ni artificial;1;Despejado;;;;;1;Buena visibilidad;998;No aplica;3;Curva sin señalizar;3.971.875;2.915.544;POINT (2.915544 39.71875)
98095;2016;12;Diciembre;3;MIÉRCOLES;22;50;Zaragoza;50182;Muela, La;;No aplica;1;Carretera;1;VÍAS INTERURBANAS;A-2;301.35;2;Descendente;1;Estatal;3;Autovía;4;Por alcance                                        ;0;0;1;1;0;0;1;1;2;0;0;0;0;0;0;0;0;0;0;0;0;0;0;0;0;0;0;0;0;0;0;2;Fuera de intersección o nudo;;;;999;Sin especificar;999;Sin especificar;999;Sin especificar;999;Sin especificar;999;Sin especificar;999;Sin especificar;999;Sin especificar;999;Sin especificar;999;Sin especificar;999;Sin especificar;999;Sin especificar;999;Sin especificar;999;Sin especificar;6;Se desconoce;1;Seco y limpio;6;Sin luz natural ni artificial;1;Despejado;;;;;1;Buena visibilidad;998;No aplica;3;Curva sin señalizar;4.158.038;-1.119.097;POINT (-1.119097 41.58038)