secuencial;anyo;mes;nombre_mes;dia_semana;nombre_dia_semana;hora;cod_provincia;nombre_provincia;cod_municipio;nombre_codigo_municipio;isla;nombre_isla;zona;nombre_zona;zona_agrupada;nombre_zona_agrupada;carretera;km;sentido_1f;nombre_sentido;titularidad_via;nombre_titularidad_via;tipo_via;nombre_tipo_via;tipo_accidente;nombre_tipo_accidente;total_mu24h;total_hg24h;total_hl24h;total_victimas_24h;total_mu30df;total_hg30df;total_hl30df;total_victimas_30df;total_vehiculos;tot_peat_mu24h;tot_bici_mu24h;tot_ciclo_mu24h;tot_moto_mu24h;tot_tur_mu24h;tot_furg_mu24h;tot_cam_menos3500_mu24h;tot_cam_mas3500_mu24h;tot_bus_mu24h;tot_otro_mu24h;tot_sinespecif_mu24h;tot_peat_mu30df;tot_bici_mu30df;tot_ciclo_mu30df;tot_moto_mu30df;tot_tur_mu30df;tot_furg_mu30df;tot_cam_menos3500_mu30df;tot_cam_mas3500_mu30df;tot_bus_mu30df;tot_otro_mu30df;tot_sinespecif_mu30df;nudo;nombre_nudo;nudo_info;nombre_nudo_info;carretera_cruce;priori_norma;nombre_priori_norma;priori_agente;nombre_priori_agente;priori_semaforo;nombre_priori_semaforo;priori_vert_stop;nombre_priori_vert_stop;priori_vert_ceda;nombre_priori_priori_vert_ceda;priori_horiz_stop;nombre_priori_horiz_stop;priori_horiz_ceda;nombre_priori_horiz_ceda;priori_marcas;nombre_priori_marcas;priori_pea_no_elev;nombre_priori_pea_no_elev;priori_pea_elev;nombre_priori_pea_elev;priori_marca_ciclos;nombre_priori_marca_ciclos;priori_circunstancial;nombre_priori_circunstancial;priori_otra;nombre_priori_otra;condicion_nivel_circula;nombre_condicion_nivel_circula;condicion_firme;nombre_condicion_firme;condicion_iluminacion;nombre_condicion_iluminacion;condicion_meteo;nombre_condicion_meteo;condicion_niebla;nombre_condicion_niebla;condicion_viento;nombre_condicion_viento;visib_restringida_por;nombre_visib_restringida_por;acera;nombre_acera;trazado_planta;nombre_trazado_planta;latitud;longitud;geom
48109;2018;9;Septiembre;6;SÁBADO;15;24;León;0;;;No aplica;1;Carretera;1;VÍAS INTERURBANAS;LE-5418;12.7;1;Ascendente;3;Provincial, Cabildo/Consell;6;Carretera Convencional de calzada única;12;Salida de la vía por la izquierda con colisión     ;0;0;1;1;0;0;1;1;1;0;0;0;0;0;0;0;0;0;0;0;0;0;0;0;0;0;0;0;0;0;0;2;Fuera de intersección o nudo;;;;999;Sin especificar;999;Sin especificar;999;Sin especificar;999;Sin especificar;999;Sin especificar;999;Sin especificar;999;Sin especificar;999;Sin especificar;999;Sin especificar;999;Sin especificar;999;Sin especificar;999;Sin especificar;999;Sin especificar;1;Nivel blanco;1;Seco y limpio;1;Luz del día natural, solar;1;Despejado;;;;;4;Configuración del terreno;998;No aplica;1;Recta;4.262.505;-593.898;POINT (-5.93898 42.62505)
33052;2021;7;Julio;6;SÁBADO;11;17;Girona;0;;;No aplica;1;Carretera;1;VÍAS INTERURBANAS;GI-503;4.4;4;Se desconoce;5;Otra;6;Carretera Convencional de calzada única;19;Salida de la vía por la derecha otro tipo          ;0;0;1;1;0;0;1;1;1;0;0;0;0;0;0;0;0;0;0;0;0;0;0;0;0;0;0;0;0;0;0;2;Fuera de intersección o nudo;;;;999;Sin especificar;999;Sin especificar;999;Sin especificar;999;Sin especificar;999;Sin especificar;999;Sin especificar;999;Sin especificar;999;Sin especificar;999;Sin especificar;999;Sin especificar;999;Sin especificar;999;Sin especificar;999;Sin especificar;999;Sin especificar;1;Seco y limpio;1;Luz del día natural, solar;1;Despejado;;;1;Viento fuerte;999;Sin especificar;998;No aplica;4;Se desconoce;4.237.905;279.113;POINT (2.79113 42.37905)
53284;2020;1;Enero;4;JUEVES;13;35;Palmas, Las;35016;Palmas de Gran Canaria, Las;7;Gran Canaria;1;Carretera;1;VÍAS INTERURBANAS;GC-1 AM;5.7;1;Ascendente;2;Autonómica;3;Autovía;4;Por alcance                                        ;0;0;2;2;0;0;2;2;2;0;0;0;0;0;0;0;0;0;0;0;0;0;0;0;0;0;0;0;0;0;0;2;Fuera de intersección o nudo;;;;999;Sin especificar;999;Sin especificar;999;Sin especificar;999;Sin especificar;999;Sin especificar;999;Sin especificar;999;Sin especificar;999;Sin especificar;999;Sin especificar;999;Sin especificar;999;Sin especificar;999;Sin especificar;999;Sin especificar;999;Sin especificar;1;Seco y limpio;1;Luz del día natural, solar;1;Despejado;;;;;1;Buena visibilidad;998;No aplica;1;Recta;2.812.482;-1.543.001;POINT (-15.43001 28.12482)
31647;2021;2;Febrero;5;VIERNES;21;15;Coruña, A;15078;Santiago de Compostela;;No aplica;1;Carretera;1;VÍAS INTERURBANAS;AP-9;75;2;Descendente;1;Estatal;1;Autopista de peaje;16;Salida de la vía por la derecha con colisión       ;0;0;1;1;0;0;1;1;1;0;0;0;0;0;0;0;0;0;0;0;0;0;0;0;0;0;0;0;0;0;0;2;Fuera de intersección o nudo;;;;999;Sin especificar;999;Sin especificar;999;Sin especificar;999;Sin especificar;999;Sin especificar;999;Sin especificar;999;Sin especificar;999;Sin especificar;999;Sin especificar;999;Sin especificar;999;Sin especificar;999;Sin especificar;999;Sin especificar;1;Nivel blanco;1;Seco y limpio;6;Sin luz natural ni artificial;1;Despejado;;;;;1;Buena visibilidad;998;No aplica;2;Curva señalizada;4.288.045;-8.546.304;POINT (-8.546304 42.88045)
43087;2016;1;Enero;2;MARTES;13;18;Granada;18022;Atarfe;;No aplica;1;Carretera;1;VÍAS INTERURBANAS;N-432;427.8;2;Descendente;1;Estatal;6;Carretera Convencional de calzada única;5;Múltiple o en caravana                             ;0;0;2;2;0;0;2;2;4;0;0;0;0;0;0;0;0;0;0;0;0;0;0;0;0;0;0;0;0;0;0;1;En intersección o nudo;5;Glorieta partida;GR-3417;0;No;0;No;1;Sí;0;No;0;No;0;No;0;No;0;No;0;No;0;No;0;No;0;No;0;No;2;Nivel verde;1;Seco y limpio;1;Luz del día natural, solar;1;Despejado;;;;;999;Sin especificar;998;No aplica;1;Recta;372.229;-3.687.416;POINT (-3.687416 37.2229)
47187;2017;8;Agosto;5;VIERNES;12;21;Huelva;21042;Isla Cristina;;No aplica;1;Carretera;1;VÍAS INTERURBANAS;N-431;127.3;3;Ambos;5;Otra;6;Carretera Convencional de calzada única;2;Fronto-lateral                                     ;0;1;0;1;0;1;0;1;2;0;0;0;0;0;0;0;0;0;0;0;0;0;0;0;0;0;0;0;0;0;0;1;En intersección o nudo;2;En T o Y;N-446;0;No;0;No;0;No;1;Sí;0;No;1;Sí;0;No;0;No;0;No;0;No;0;No;0;No;0;No;1;Nivel blanco;1;Seco y limpio;1;Luz del día natural, solar;1;Despejado;;;;;1;Buena visibilidad;998;No aplica;1;Recta;3.719.943;-7.325.246;POINT (-7.325246 37.19943)
77245;2017;12;Diciembre;5;VIERNES;14;35;Palmas, Las;35026;Telde;7;Gran Canaria;1;Carretera;1;VÍAS INTERURBANAS;GC-1;8.5;1;Ascendente;2;Autonómica;3;Autovía;5;Múltiple o en caravana                             ;0;0;2;2;0;0;2;2;3;0;0;0;0;0;0;0;0;0;0;0;0;0;0;0;0;0;0;0;0;0;0;2;Fuera de intersección o nudo;;;;999;Sin especificar;999;Sin especificar;999;Sin especificar;999;Sin especificar;999;Sin especificar;999;Sin especificar;999;Sin especificar;999;Sin especificar;999;Sin especificar;999;Sin especificar;999;Sin especificar;999;Sin especificar;999;Sin especificar;3;Nivel amarillo;1;Seco y limpio;1;Luz del día natural, solar;1;Despejado;;;;;1;Buena visibilidad;998;No aplica;1;Recta;2.799.604;-1.541.789;POINT (-15.41789 27.99604)
16860;2018;12;Diciembre;2;MARTES;9;8;Barcelona;0;;;No aplica;1;Carretera;1;VÍAS INTERURBANAS;B-212;8.5;4;Se desconoce;4;Municipal;5;Carretera Convencional de doble calzada;4;Por alcance                                        ;0;0;1;1;0;0;1;1;2;0;0;0;0;0;0;0;0;0;0;0;0;0;0;0;0;0;0;0;0;0;0;2;Fuera de intersección o nudo;;;;999;Sin especificar;999;Sin especificar;999;Sin especificar;999;Sin especificar;999;Sin especificar;999;Sin especificar;999;Sin especificar;999;Sin especificar;999;Sin especificar;999;Sin especificar;999;Sin especificar;999;Sin especificar;999;Sin especificar;6;Se desconoce;1;Seco y limpio;1;Luz del día natural, solar;1;Despejado;;;;;18;Se desconoce;998;No aplica;4;Se desconoce;4.132.036;160.222;POINT (1.60222 41.32036)
229;2019;5;Mayo;3;MIÉRCOLES;15;1;Araba/Álava;0;;;No aplica;1;Carretera;1;VÍAS INTERURBANAS;A-2128;30.6;1;Ascendente;3;Provincial, Cabildo/Consell;6;Carretera Convencional de calzada única;10;Caída                                              ;0;0;2;2;0;0;2;2;1;0;0;0;0;0;0;0;0;0;0;0;0;0;0;0;0;0;0;0;0;0;0;2;Fuera de intersección o nudo;;;;999;Sin especificar;999;Sin especificar;999;Sin especificar;999;Sin especificar;999;Sin especificar;999;Sin especificar;999;Sin especificar;999;Sin especificar;999;Sin especificar;999;Sin especificar;999;Sin especificar;999;Sin especificar;999;Sin especificar;1;Nivel blanco;1;Seco y limpio;1;Luz del día natural, solar;1;Despejado;;;;;12;Vegetacion o árboles;998;No aplica;2;Curva señalizada;4.282.294;-234.315;POINT (-2.34315 42.82294)
70178;2021;1;Enero;2;MARTES;10;38;Santa Cruz de Tenerife;38032;Rosario, El;;No aplica;1;Carretera;1;VÍAS INTERURBANAS;TF-226;0.616;2;Descendente;3;Provincial, Cabildo/Consell;6;Carretera Convencional de calzada única;7;Atropello a personas                               ;0;0;1;1;0;0;1;1;1;0;0;0;0;0;0;0;0;0;0;0;0;0;0;0;0;0;0;0;0;0;0;1;En intersección o nudo;2;En T o Y;;0;No;0;No;0;No;0;No;0;No;0;No;1;Sí;0;No;0;No;0;No;0;No;0;No;0;No;1;Nivel blanco;1;Seco y limpio;1;Luz del día natural, solar;1;Despejado;;;;;1;Buena visibilidad;1;No;1;Recta;2.845.363;-1.637.044;POINT (-16.37044 28.45363)
65050;2019;9;Septiembre;7;DOMINGO;14;28;Madrid;28106;Parla;;No aplica;1;Carretera;1;VÍAS INTERURBANAS;A-42;21;1;Ascendente;1;Estatal;3;Autovía;5;Múltiple o en caravana                             ;0;0;1;1;0;0;1;1;3;0;0;0;0;0;0;0;0;0;0;0;0;0;0;0;0;0;0;0;0;0;0;1;En intersección o nudo;4;Glorieta;;1;Sí;0;No;0;No;0;No;0;No;0;No;0;No;0;No;0;No;0;No;0;No;0;No;0;No;1;Nivel blanco;1;Seco y limpio;1;Luz del día natural, solar;1;Despejado;;;;;1;Buena visibilidad;998;No aplica;1;Recta;4.028.387;-3.800.329;POINT (-3.800329 40.28387)
41469;2021;4;Abril;7;DOMINGO;10;27;Lugo;0;;;No aplica;1;Carretera;1;VÍAS INTERURBANAS;LU-P-0101;5.2;2;Descendente;3;Provincial, Cabildo/Consell;5;Carretera Convencional de doble calzada;18;Salida de la vía por la derecha con vuelco         ;0;0;1;1;0;0;1;1;1;0;0;0;0;0;0;0;0;0;0;0;0;0;0;0;0;0;0;0;0;0;0;2;Fuera de intersección o nudo;;;;999;Sin especificar;999;Sin especificar;999;Sin especificar;999;Sin especificar;999;Sin especificar;999;Sin especificar;999;Sin especificar;999;Sin especificar;999;Sin especificar;999;Sin especificar;999;Sin especificar;999;Sin especificar;999;Sin especificar;1;Nivel blanco;3;Mojado;1;Luz del día natural, solar;1;Despejado;;;;;18;Se desconoce;998;No aplica;3;Curva sin señalizar;4.340.827;-747.539;POINT (-7.47539 43.40827)
4433;2018;9;Septiembre;4;JUEVES;15;3;Alicante/Alacant;3133;Torrevieja;;No aplica;1;Carretera;1;VÍAS INTERURBANAS;N-332;56.3;2;Descendente;1;Estatal;6;Carretera Convencional de calzada única;5;Múltiple o en caravana                             ;0;0;5;5;0;0;5;5;5;0;0;0;0;0;0;0;0;0;0;0;0;0;0;0;0;0;0;0;0;0;0;2;Fuera de intersección o nudo;;;;999;Sin especificar;999;Sin especificar;999;Sin especificar;999;Sin especificar;999;Sin especificar;999;Sin especificar;999;Sin especificar;999;Sin especificar;999;Sin especificar;999;Sin especificar;999;Sin especificar;999;Sin especificar;999;Sin especificar;3;Nivel amarillo;1;Seco y limpio;1;Luz del día natural, solar;1;Despejado;;;;;1;Buena visibilidad;998;No aplica;1;Recta;3.797.747;-0.6832271;POINT (-0.6832271 37.97747)
83025;2018;3;Marzo;7;DOMINGO;14;40;Segovia;40076;Espinar, El;;No aplica;1;Carretera;1;VÍAS INTERURBANAS;N-VI;70.9;1;Ascendente;1;Estatal;6;Carretera Convencional de calzada única;10;Caída                                              ;0;0;1;1;0;0;1;1;1;0;0;0;0;0;0;0;0;0;0;0;0;0;0;0;0;0;0;0;0;0;0;2;Fuera de intersección o nudo;;;;999;Sin especificar;999;Sin especificar;999;Sin especificar;999;Sin especificar;999;Sin especificar;999;Sin especificar;999;Sin especificar;999;Sin especificar;999;Sin especificar;999;Sin especificar;999;Sin especificar;999;Sin especificar;999;Sin especificar;1;Nivel blanco;8;Otra;1;Luz del día natural, solar;2;Nublado;;;;;1;Buena visibilidad;998;No aplica;1;Recta;4.071.771;-4.247.441;POINT (-4.247441 40.71771)
54136;2021;7;Julio;6;SÁBADO;2;28;Madrid;28127;Rozas de Madrid, Las;;No aplica;1;Carretera;1;VÍAS INTERURBANAS;A-6;24.7;1;Ascendente;1;Estatal;3;Autovía;18;Salida de la vía por la derecha con vuelco         ;0;0;1;1;0;0;1;1;1;0;0;0;0;0;0;0;0;0;0;0;0;0;0;0;0;0;0;0;0;0;0;2;Fuera de intersección o nudo;;;;999;Sin especificar;999;Sin especificar;999;Sin especificar;999;Sin especificar;999;Sin especificar;999;Sin especificar;999;Sin especificar;999;Sin especificar;999;Sin especificar;999;Sin especificar;999;Sin especificar;999;Sin especificar;999;Sin especificar;1;Nivel blanco;1;Seco y limpio;4;Sin luz natural y con iluminación artificial encen;1;Despejado;;;;;18;Se desconoce;998;No aplica;1;Recta;4.031.007;-4.490.765;POINT (-4.490765 40.31007)
82221;2018;1;Enero;2;MARTES;18;38;Santa Cruz de Tenerife;38043;Tacoronte;10;Tenerife;1;Carretera;1;VÍAS INTERURBANAS;TF-5;16.8;1;Ascendente;3;Provincial, Cabildo/Consell;2;Autopista libre;4;Por alcance                                        ;0;0;1;1;0;0;1;1;2;0;0;0;0;0;0;0;0;0;0;0;0;0;0;0;0;0;0;0;0;0;0;2;Fuera de intersección o nudo;;;;999;Sin especificar;999;Sin especificar;999;Sin especificar;999;Sin especificar;999;Sin especificar;999;Sin especificar;999;Sin especificar;999;Sin especificar;999;Sin especificar;999;Sin especificar;999;Sin especificar;999;Sin especificar;999;Sin especificar;3;Nivel amarillo;3;Mojado;4;Sin luz natural y con iluminación artificial encen;1;Despejado;;;;;1;Buena visibilidad;998;No aplica;1;Recta;2.848.153;-16.412;POINT (-16.412 28.48153)
7958;2020;2;Febrero;4;JUEVES;12;8;Barcelona;0;;;No aplica;1;Carretera;1;VÍAS INTERURBANAS;B-522;4;4;Se desconoce;4;Municipal;5;Carretera Convencional de doble calzada;4;Por alcance                                        ;0;0;1;1;0;0;1;1;2;0;0;0;0;0;0;0;0;0;0;0;0;0;0;0;0;0;0;0;0;0;0;2;Fuera de intersección o nudo;;;;999;Sin especificar;999;Sin especificar;999;Sin especificar;999;Sin especificar;999;Sin especificar;999;Sin especificar;999;Sin especificar;999;Sin especificar;999;Sin especificar;999;Sin especificar;999;Sin especificar;999;Sin especificar;999;Sin especificar;6;Se desconoce;1;Seco y limpio;1;Luz del día natural, solar;1;Despejado;;;;;18;Se desconoce;998;No aplica;4;Se desconoce;4.197.058;227.089;POINT (2.27089 41.97058)
56054;2020;12;Diciembre;4;JUEVES;14;36;Pontevedra;36057;Vigo;;No aplica;1;Carretera;1;VÍAS INTERURBANAS;A-55;7;1;Ascendente;1;Estatal;3;Autovía;16;Salida de la vía por la derecha con colisión       ;0;0;1;1;0;0;1;1;1;0;0;0;0;0;0;0;0;0;0;0;0;0;0;0;0;0;0;0;0;0;0;2;Fuera de intersección o nudo;;;;999;Sin especificar;999;Sin especificar;999;Sin especificar;999;Sin especificar;999;Sin especificar;999;Sin especificar;999;Sin especificar;999;Sin especificar;999;Sin especificar;999;Sin especificar;999;Sin especificar;999;Sin especificar;999;Sin especificar;2;Nivel verde;3;Mojado;1;Luz del día natural, solar;2;Nublado;;;;;1;Buena visibilidad;998;No aplica;2;Curva señalizada;4.219.545;-8.654.388;POINT (-8.654388 42.19545)
67539;2018;8;Agosto;7;DOMINGO;22;29;Málaga;29015;Antequera;;No aplica;1;Carretera;1;VÍAS INTERURBANAS;A-45;89;1;Ascendente;1;Estatal;3;Autovía;4;Por alcance                                        ;1;0;1;2;1;0;1;2;2;0;0;0;1;0;0;0;0;0;0;0;0;0;0;1;0;0;0;0;0;0;0;2;Fuera de intersección o nudo;;;;999;Sin especificar;999;Sin especificar;999;Sin especificar;999;Sin especificar;999;Sin especificar;999;Sin especificar;999;Sin especificar;999;Sin especificar;999;Sin especificar;999;Sin especificar;999;Sin especificar;999;Sin especificar;999;Sin especificar;1;Nivel blanco;1;Seco y limpio;6;Sin luz natural ni artificial;1;Despejado;;;;;1;Buena visibilidad;998;No aplica;1;Recta;3.701.938;-4.562.885;POINT (-4.562885 37.01938)
42280;2021;12;Diciembre;3;MIÉRCOLES;3;28;Madrid;28134;San Sebastián de los Reyes;;No aplica;1;Carretera;1;VÍAS INTERURBANAS;A-1;18.696;2;Descendente;1;Estatal;3;Autovía;4;Por alcance                                        ;0;0;4;4;0;0;4;4;2;0;0;0;0;0;0;0;0;0;0;0;0;0;0;0;0;0;0;0;0;0;0;2;Fuera de intersección o nudo;;;;999;Sin especificar;999;Sin especificar;999;Sin especificar;999;Sin especificar;999;Sin especificar;999;Sin especificar;999;Sin especificar;999;Sin especificar;999;Sin especificar;999;Sin especificar;999;Sin especificar;999;Sin especificar;999;Sin especificar;1;Nivel blanco;1;Seco y limpio;4;Sin luz natural y con iluminación artificial encen;1;Despejado;;;;;18;Se desconoce;998;No aplica;1;Recta;4.053.698;-361.132;POINT (-3.61132 40.53698)
79472;2016;6;Junio;2;MARTES;13;37;Salamanca;0;;;No aplica;1;Carretera;1;VÍAS INTERURBANAS;CL-510;8.6;1;Ascendente;2;Autonómica;6;Carretera Convencional de calzada única;4;Por alcance                                        ;0;0;2;2;0;0;2;2;4;0;0;0;0;0;0;0;0;0;0;0;0;0;0;0;0;0;0;0;0;0;0;1;En intersección o nudo;4;Glorieta;;0;No;0;No;0;No;0;No;1;Sí;0;No;0;No;0;No;0;No;0;No;0;No;0;No;0;No;1;Nivel blanco;1;Seco y limpio;1;Luz del día natural, solar;1;Despejado;;;;;999;Sin especificar;998;No aplica;1;Recta;4.088.271;-558.002;POINT (-5.58002 40.88271)
10637;2020;10;Octubre;1;LUNES;10;8;Barcelona;8114;Martorell;;No aplica;1;Carretera;1;VÍAS INTERURBANAS;A-2;586;4;Se desconoce;1;Estatal;3;Autovía;19;Salida de la vía por la derecha otro tipo          ;0;1;0;1;0;1;0;1;1;0;0;0;0;0;0;0;0;0;0;0;0;0;0;0;0;0;0;0;0;0;0;2;Fuera de intersección o nudo;;;;999;Sin especificar;999;Sin especificar;999;Sin especificar;999;Sin especificar;999;Sin especificar;999;Sin especificar;999;Sin especificar;999;Sin especificar;999;Sin especificar;999;Sin especificar;999;Sin especificar;999;Sin especificar;999;Sin especificar;6;Se desconoce;1;Seco y limpio;1;Luz del día natural, solar;1;Despejado;;;;;18;Se desconoce;998;No aplica;4;Se desconoce;4.151.609;1.902.142;POINT (1.902142 41.51609)
90256;2016;8;Agosto;6;SÁBADO;21;45;Toledo;0;;;No aplica;1;Carretera;1;VÍAS INTERURBANAS;CM-3000;20.2;3;Ambos;2;Autonómica;6;Carretera Convencional de calzada única;3;Lateral                                            ;0;0;4;4;0;0;4;4;2;0;0;0;0;0;0;0;0;0;0;0;0;0;0;0;0;0;0;0;0;0;0;2;Fuera de intersección o nudo;;;;999;Sin especificar;999;Sin especificar;999;Sin especificar;999;Sin especificar;999;Sin especificar;999;Sin especificar;999;Sin especificar;999;Sin especificar;999;Sin especificar;999;Sin especificar;999;Sin especificar;999;Sin especificar;999;Sin especificar;1;Nivel blanco;1;Seco y limpio;5;Sin luz natural y con iluminación artificial no en;1;Despejado;;;;;1;Buena visibilidad;998;No aplica;1;Recta;3.973.402;-327.258;POINT (-3.27258 39.73402)
35839;2019;12;Diciembre;7;DOMINGO;18;14;Córdoba;14017;Carlota, La;;No aplica;1;Carretera;1;VÍAS INTERURBANAS;N-IVa;424.2;2;Descendente;1;Estatal;6;Carretera Convencional de calzada única;2;Fronto-lateral                                     ;0;0;1;1;0;0;1;1;2;0;0;0;0;0;0;0;0;0;0;0;0;0;0;0;0;0;0;0;0;0;0;1;En intersección o nudo;5;Glorieta partida;A-3052;0;No;0;No;0;No;1;Sí;0;No;1;Sí;0;No;0;No;0;No;0;No;0;No;0;No;0;No;1;Nivel blanco;1;Seco y limpio;2;Amanecer o atardecer, sin luz artificial;1;Despejado;;;;;1;Buena visibilidad;998;No aplica;1;Recta;3.767.361;-4.932.553;POINT (-4.932553 37.67361)
58921;2021;8;Agosto;6;SÁBADO;10;29;Málaga;29070;Mijas;;No aplica;1;Carretera;1;VÍAS INTERURBANAS;A-387;9.181;2;Descendente;2;Autonómica;6;Carretera Convencional de calzada única;2;Fronto-lateral                                     ;0;0;1;1;0;0;1;1;2;0;0;0;0;0;0;0;0;0;0;0;0;0;0;0;0;0;0;0;0;0;0;1;En intersección o nudo;2;En T o Y;;1;Sí;0;No;0;No;0;No;0;No;0;No;0;No;0;No;0;No;0;No;0;No;0;No;0;No;2;Nivel verde;1;Seco y limpio;1;Luz del día natural, solar;1;Despejado;;;;;1;Buena visibilidad;998;No aplica;1;Recta;3.659.672;-4.66;POINT (-4.66 36.59672)
11369;2019;2;Febrero;5;VIERNES;16;8;Barcelona;8252;Barberà del Vallès;;No aplica;1;Carretera;1;VÍAS INTERURBANAS;AP-7;146.8;4;Se desconoce;1;Estatal;1;Autopista de peaje;4;Por alcance                                        ;0;0;3;3;0;0;3;3;3;0;0;0;0;0;0;0;0;0;0;0;0;0;0;0;0;0;0;0;0;0;0;2;Fuera de intersección o nudo;;;;999;Sin especificar;999;Sin especificar;999;Sin especificar;999;Sin especificar;999;Sin especificar;999;Sin especificar;999;Sin especificar;999;Sin especificar;999;Sin especificar;999;Sin especificar;999;Sin especificar;999;Sin especificar;999;Sin especificar;6;Se desconoce;1;Seco y limpio;1;Luz del día natural, solar;1;Despejado;;;;;18;Se desconoce;998;No aplica;4;Se desconoce;4.151.596;2.124.723;POINT (2.124723 41.51596)
3333;2021;10;Octubre;5;VIERNES;20;3;Alicante/Alacant;0;;;No aplica;1;Carretera;1;VÍAS INTERURBANAS;CV-710;1.8;2;Descendente;2;Autonómica;6;Carretera Convencional de calzada única;17;Salida de la vía por la derecha con despeñamiento  ;1;1;0;2;1;1;0;2;1;0;0;0;0;1;0;0;0;0;0;0;0;0;0;0;1;0;0;0;0;0;0;2;Fuera de intersección o nudo;;;;999;Sin especificar;999;Sin especificar;999;Sin especificar;999;Sin especificar;999;Sin especificar;999;Sin especificar;999;Sin especificar;999;Sin especificar;999;Sin especificar;999;Sin especificar;999;Sin especificar;999;Sin especificar;999;Sin especificar;1;Nivel blanco;9;Se desconoce;1;Luz del día natural, solar;7;Se desconoce;;;;;1;Buena visibilidad;998;No aplica;2;Curva señalizada;3.870.895;-0.36625;POINT (-0.36625 38.70895)
69304;2016;4;Abril;1;LUNES;13;29;Málaga;29069;Marbella;;No aplica;1;Carretera;1;VÍAS INTERURBANAS;A-7;188.7;2;Descendente;1;Estatal;3;Autovía;4;Por alcance                                        ;0;0;1;1;0;0;1;1;2;0;0;0;0;0;0;0;0;0;0;0;0;0;0;0;0;0;0;0;0;0;0;2;Fuera de intersección o nudo;;;;999;Sin especificar;999;Sin especificar;999;Sin especificar;999;Sin especificar;999;Sin especificar;999;Sin especificar;999;Sin especificar;999;Sin especificar;999;Sin especificar;999;Sin especificar;999;Sin especificar;999;Sin especificar;999;Sin especificar;3;Nivel amarillo;1;Seco y limpio;1;Luz del día natural, solar;1;Despejado;;;;;999;Sin especificar;998;No aplica;1;Recta;3.650.994;-4.886.352;POINT (-4.886352 36.50994)
90161;2016;7;Julio;2;MARTES;23;45;Toledo;0;;;No aplica;1;Carretera;1;VÍAS INTERURBANAS;CM-4009;24.5;1;Ascendente;2;Autonómica;6;Carretera Convencional de calzada única;15;Salida de la vía por la izquierda, otro tipo       ;0;0;1;1;0;0;1;1;1;0;0;0;0;0;0;0;0;0;0;0;0;0;0;0;0;0;0;0;0;0;0;1;En intersección o nudo;4;Glorieta;CM-4009;0;No;0;No;0;No;0;No;1;Sí;0;No;0;No;0;No;0;No;0;No;0;No;0;No;0;No;1;Nivel blanco;1;Seco y limpio;4;Sin luz natural y con iluminación artificial encen;1;Despejado;;;;;1;Buena visibilidad;998;No aplica;1;Recta;3.995.154;-431.971;POINT (-4.31971 39.95154)
82551;2017;8;Agosto;1;LUNES;16;40;Segovia;40076;Espinar, El;;No aplica;1;Carretera;1;VÍAS INTERURBANAS;N-VI;60.9;2;Descendente;1;Estatal;6;Carretera Convencional de calzada única;2;Fronto-lateral                                     ;0;0;1;1;0;0;1;1;2;0;0;0;0;0;0;0;0;0;0;0;0;0;0;0;0;0;0;0;0;0;0;2;Fuera de intersección o nudo;;;;999;Sin especificar;999;Sin especificar;999;Sin especificar;999;Sin especificar;999;Sin especificar;999;Sin especificar;999;Sin especificar;999;Sin especificar;999;Sin especificar;999;Sin especificar;999;Sin especificar;999;Sin especificar;999;Sin especificar;1;Nivel blanco;1;Seco y limpio;1;Luz del día natural, solar;1;Despejado;;;;;1;Buena visibilidad;998;No aplica;1;Recta;4.071.771;-4.247.441;POINT (-4.247441 40.71771)
50743;2017;12;Diciembre;7;DOMINGO;19;25;Lleida;25019;Almacelles;;No aplica;1;Carretera;1;VÍAS INTERURBANAS;A-22;13.7;4;Se desconoce;1;Estatal;3;Autovía;3;Lateral                                            ;0;0;2;2;0;0;2;2;2;0;0;0;0;0;0;0;0;0;0;0;0;0;0;0;0;0;0;0;0;0;0;2;Fuera de intersección o nudo;;;;999;Sin especificar;999;Sin especificar;999;Sin especificar;999;Sin especificar;999;Sin especificar;999;Sin especificar;999;Sin especificar;999;Sin especificar;999;Sin especificar;999;Sin especificar;999;Sin especificar;999;Sin especificar;999;Sin especificar;6;Se desconoce;1;Seco y limpio;6;Sin luz natural ni artificial;1;Despejado;;;;;18;Se desconoce;998;No aplica;4;Se desconoce;4.173.101;0.4377279;POINT (0.4377279 41.73101)
55569;2021;10;Octubre;6;SÁBADO;15;29;Málaga;0;;;No aplica;1;Carretera;1;VÍAS INTERURBANAS;A-357;28;3;Ambos;2;Autonómica;6;Carretera Convencional de calzada única;1;Frontal                                            ;0;1;3;4;0;1;3;4;2;0;0;0;0;0;0;0;0;0;0;0;0;0;0;0;0;0;0;0;0;0;0;2;Fuera de intersección o nudo;;;;999;Sin especificar;999;Sin especificar;999;Sin especificar;999;Sin especificar;999;Sin especificar;999;Sin especificar;999;Sin especificar;999;Sin especificar;999;Sin especificar;999;Sin especificar;999;Sin especificar;999;Sin especificar;999;Sin especificar;2;Nivel verde;1;Seco y limpio;1;Luz del día natural, solar;1;Despejado;;;;;1;Buena visibilidad;998;No aplica;1;Recta;3.684.102;-481.195;POINT (-4.81195 36.84102)