secuencial;anyo;mes;nombre_mes;dia_semana;nombre_dia_semana;hora;cod_provincia;nombre_provincia;cod_municipio;nombre_codigo_municipio;isla;nombre_isla;zona;nombre_zona;zona_agrupada;nombre_zona_agrupada;carretera;km;sentido_1f;nombre_sentido;titularidad_via;nombre_titularidad_via;tipo_via;nombre_tipo_via;tipo_accidente;nombre_tipo_accidente;total_mu24h;total_hg24h;total_hl24h;total_victimas_24h;total_mu30df;total_hg30df;total_hl30df;total_victimas_30df;total_vehiculos;tot_peat_mu24h;tot_bici_mu24h;tot_ciclo_mu24h;tot_moto_mu24h;tot_tur_mu24h;tot_furg_mu24h;tot_cam_menos3500_mu24h;tot_cam_mas3500_mu24h;tot_bus_mu24h;tot_otro_mu24h;tot_sinespecif_mu24h;tot_peat_mu30df;tot_bici_mu30df;tot_ciclo_mu30df;tot_moto_mu30df;tot_tur_mu30df;tot_furg_mu30df;tot_cam_menos3500_mu30df;tot_cam_mas3500_mu30df;tot_bus_mu30df;tot_otro_mu30df;tot_sinespecif_mu30df;nudo;nombre_nudo;nudo_info;nombre_nudo_info;carretera_cruce;priori_norma;nombre_priori_norma;priori_agente;nombre_priori_agente;priori_semaforo;nombre_priori_semaforo;priori_vert_stop;nombre_priori_vert_stop;priori_vert_ceda;nombre_priori_priori_vert_ceda;priori_horiz_stop;nombre_priori_horiz_stop;priori_horiz_ceda;nombre_priori_horiz_ceda;priori_marcas;nombre_priori_marcas;priori_pea_no_elev;nombre_priori_pea_no_elev;priori_pea_elev;nombre_priori_pea_elev;priori_marca_ciclos;nombre_priori_marca_ciclos;priori_circunstancial;nombre_priori_circunstancial;priori_otra;nombre_priori_otra;condicion_nivel_circula;nombre_condicion_nivel_circula;condicion_firme;nombre_condicion_firme;condicion_iluminacion;nombre_condicion_iluminacion;condicion_meteo;nombre_condicion_meteo;condicion_niebla;nombre_condicion_niebla;condicion_viento;nombre_condicion_viento;visib_restringida_por;nombre_visib_restringida_por;acera;nombre_acera;trazado_planta;nombre_trazado_planta;latitud;longitud;geom
39340;2016;1;Enero;5;VIERNES;1;15;Coruña, A;15073;Ribeira;;No aplica;1;Carretera;1;VÍAS INTERURBANAS;DP-7307;3.6;1;Ascendente;3;Provincial, Cabildo/Consell;6;Carretera Convencional de calzada única;12;Salida de la vía por la izquierda con colisión     ;0;0;2;2;0;0;2;2;2;0;0;0;0;0;0;0;0;0;0;0;0;0;0;0;0;0;0;0;0;0;0;2;Fuera de intersección o nudo;;;;999;Sin especificar;999;Sin especificar;999;Sin especificar;999;Sin especificar;999;Sin especificar;999;Sin especificar;999;Sin especificar;999;Sin especificar;999;Sin especificar;999;Sin especificar;999;Sin especificar;999;Sin especificar;999;Sin especificar;1;Nivel blanco;1;Seco y limpio;4;Sin luz natural y con iluminación artificial encen;2;Nublado;;;;;999;Sin especificar;998;No aplica;1;Recta;4.257.627;-9.023.945;POINT (-9.023945 42.57627)
78798;2018;5;Mayo;7;DOMINGO;19;36;Pontevedra;36038;Pontevedra;;No aplica;1;Carretera;1;VÍAS INTERURBANAS;PO-10;1;2;Descendente;1;Estatal;8;Ramal de enlace;12;Salida de la vía por la izquierda con colisión     ;0;1;0;1;0;1;0;1;1;0;0;0;0;0;0;0;0;0;0;0;0;0;0;0;0;0;0;0;0;0;0;2;Fuera de intersección o nudo;;;;999;Sin especificar;999;Sin especificar;999;Sin especificar;999;Sin especificar;999;Sin especificar;999;Sin especificar;999;Sin especificar;999;Sin especificar;999;Sin especificar;999;Sin especificar;999;Sin especificar;999;Sin especificar;999;Sin especificar;1;Nivel blanco;1;Seco y limpio;1;Luz del día natural, solar;1;Despejado;;;;;1;Buena visibilidad;998;No aplica;2;Curva señalizada;4.243.362;-8.648.053;POINT (-8.648053 42.43362)
73133;2017;6;Junio;4;JUEVES;15;31;Navarra;31232;Tudela;;No aplica;1;Carretera;1;VÍAS INTERURBANAS;NA-160;1.1;1;Ascendente;2;Autonómica;6;Carretera Convencional de calzada única;3;Lateral                                            ;0;0;1;1;0;0;1;1;2;0;0;0;0;0;0;0;0;0;0;0;0;0;0;0;0;0;0;0;0;0;0;1;En intersección o nudo;12;Bifurcación o convergencia;;0;No;0;No;0;No;1;Sí;0;No;0;No;0;No;0;No;0;No;0;No;0;No;0;No;0;No;6;Se desconoce;1;Seco y limpio;1;Luz del día natural, solar;1;Despejado;;;;;1;Buena visibilidad;998;No aplica;1;Recta;4.206.388;-1.605.718;POINT (-1.605718 42.06388)
87581;2017;2;Febrero;1;LUNES;14;43;Tarragona;0;;;No aplica;1;Carretera;1;VÍAS INTERURBANAS;C-14;28.4;4;Se desconoce;4;Municipal;5;Carretera Convencional de doble calzada;2;Fronto-lateral                                     ;0;0;2;2;0;0;2;2;2;0;0;0;0;0;0;0;0;0;0;0;0;0;0;0;0;0;0;0;0;0;0;1;En intersección o nudo;2;En T o Y;;0;No;0;No;0;No;0;No;0;No;0;No;0;No;0;No;0;No;0;No;0;No;0;No;1;Sí;6;Se desconoce;1;Seco y limpio;1;Luz del día natural, solar;1;Despejado;;;;;18;Se desconoce;998;No aplica;4;Se desconoce;4.131.708;118.056;POINT (1.18056 41.31708)
77011;2019;7;Julio;4;JUEVES;13;33;Asturias;33066;Siero;;No aplica;1;Carretera;1;VÍAS INTERURBANAS;AS-331;0.7;3;Ambos;2;Autonómica;6;Carretera Convencional de calzada única;1;Frontal                                            ;0;0;2;2;0;0;2;2;2;0;0;0;0;0;0;0;0;0;0;0;0;0;0;0;0;0;0;0;0;0;0;2;Fuera de intersección o nudo;;;;999;Sin especificar;999;Sin especificar;999;Sin especificar;999;Sin especificar;999;Sin especificar;999;Sin especificar;999;Sin especificar;999;Sin especificar;999;Sin especificar;999;Sin especificar;999;Sin especificar;999;Sin especificar;999;Sin especificar;1;Nivel blanco;1;Seco y limpio;1;Luz del día natural, solar;1;Despejado;;;;;1;Buena visibilidad;998;No aplica;1;Recta;43.383;-5.65;POINT (-5.65 43.383)
87666;2016;6;Junio;5;VIERNES;15;42;Soria;42043;Burgo de Osma-Ciudad de Osma;;No aplica;1;Carretera;1;VÍAS INTERURBANAS;N-122;216.7;2;Descendente;1;Estatal;6;Carretera Convencional de calzada única;16;Salida de la vía por la derecha con colisión       ;0;0;2;2;0;0;2;2;1;0;0;0;0;0;0;0;0;0;0;0;0;0;0;0;0;0;0;0;0;0;0;2;Fuera de intersección o nudo;;;;999;Sin especificar;999;Sin especificar;999;Sin especificar;999;Sin especificar;999;Sin especificar;999;Sin especificar;999;Sin especificar;999;Sin especificar;999;Sin especificar;999;Sin especificar;999;Sin especificar;999;Sin especificar;999;Sin especificar;1;Nivel blanco;1;Seco y limpio;1;Luz del día natural, solar;1;Despejado;;;;;999;Sin especificar;998;No aplica;2;Curva señalizada;4.158.764;-306.658;POINT (-3.06658 41.58764)
82684;2018;8;Agosto;3;MIÉRCOLES;10;39;Cantabria;39052;Piélagos;;No aplica;1;Carretera;1;VÍAS INTERURBANAS;N-611;196.3;1;Ascendente;1;Estatal;6;Carretera Convencional de calzada única;2;Fronto-lateral                                     ;0;0;1;1;0;0;1;1;2;0;0;0;0;0;0;0;0;0;0;0;0;0;0;0;0;0;0;0;0;0;0;1;En intersección o nudo;2;En T o Y;CA-320;0;No;0;No;0;No;0;No;0;No;1;Sí;0;No;0;No;0;No;0;No;0;No;0;No;0;No;1;Nivel blanco;1;Seco y limpio;1;Luz del día natural, solar;1;Despejado;;;;;1;Buena visibilidad;998;No aplica;2;Curva señalizada;4.338.657;-3.957.237;POINT (-3.957237 43.38657)
83825;2016;5;Mayo;6;SÁBADO;13;41;Sevilla;41059;Mairena del Aljarafe;;No aplica;1;Carretera;1;VÍAS INTERURBANAS;A-8055;2.8;1;Ascendente;2;Autonómica;6;Carretera Convencional de calzada única;14;Salida de la vía por la izquierda con vuelco       ;0;0;1;1;0;0;1;1;1;0;0;0;0;0;0;0;0;0;0;0;0;0;0;0;0;0;0;0;0;0;0;2;Fuera de intersección o nudo;;;;999;Sin especificar;999;Sin especificar;999;Sin especificar;999;Sin especificar;999;Sin especificar;999;Sin especificar;999;Sin especificar;999;Sin especificar;999;Sin especificar;999;Sin especificar;999;Sin especificar;999;Sin especificar;999;Sin especificar;1;Nivel blanco;3;Mojado;1;Luz del día natural, solar;4;Lluvia fuerte;;;;;999;Sin especificar;998;No aplica;2;Curva señalizada;3.734.449;-6.065.354;POINT (-6.065354 37.34449)
23278;2020;9;Septiembre;7;DOMINGO;19;12;Castellón/Castelló;12027;Benicarló;;No aplica;1;Carretera;1;VÍAS INTERURBANAS;AP-7;361;2;Descendente;1;Estatal;2;Autopista libre;4;Por alcance                                        ;0;0;1;1;0;0;1;1;5;0;0;0;0;0;0;0;0;0;0;0;0;0;0;0;0;0;0;0;0;0;0;2;Fuera de intersección o nudo;;;;999;Sin especificar;999;Sin especificar;999;Sin especificar;999;Sin especificar;999;Sin especificar;999;Sin especificar;999;Sin especificar;999;Sin especificar;999;Sin especificar;999;Sin especificar;999;Sin especificar;999;Sin especificar;999;Sin especificar;3;Nivel amarillo;1;Seco y limpio;1;Luz del día natural, solar;1;Despejado;;;;;1;Buena visibilidad;998;No aplica;1;Recta;404.187;0.4231017;POINT (0.4231017 40.4187)
38335;2021;9;Septiembre;2;MARTES;16;22;Huesca;0;;;No aplica;1;Carretera;1;VÍAS INTERURBANAS;A-125;82.85;2;Descendente;2;Autonómica;6;Carretera Convencional de calzada única;16;Salida de la vía por la derecha con colisión       ;0;0;1;1;0;0;1;1;1;0;0;0;0;0;0;0;0;0;0;0;0;0;0;0;0;0;0;0;0;0;0;2;Fuera de intersección o nudo;;;;999;Sin especificar;999;Sin especificar;999;Sin especificar;999;Sin especificar;999;Sin especificar;999;Sin especificar;999;Sin especificar;999;Sin especificar;999;Sin especificar;999;Sin especificar;999;Sin especificar;999;Sin especificar;999;Sin especificar;1;Nivel blanco;1;Seco y limpio;1;Luz del día natural, solar;1;Despejado;;;;;1;Buena visibilidad;998;No aplica;2;Curva señalizada;4.222.523;-0.75306;POINT (-0.75306 42.22523)
1988;2018;7;Julio;6;SÁBADO;5;3;Alicante/Alacant;3014;Alicante/Alacant;;No aplica;1;Carretera;1;VÍAS INTERURBANAS;A-31;231.65;1;Ascendente;1;Estatal;3;Autovía;12;Salida de la vía por la izquierda con colisión     ;0;0;1;1;0;0;1;1;2;0;0;0;0;0;0;0;0;0;0;0;0;0;0;0;0;0;0;0;0;0;0;2;Fuera de intersección o nudo;;;;999;Sin especificar;999;Sin especificar;999;Sin especificar;999;Sin especificar;999;Sin especificar;999;Sin especificar;999;Sin especificar;999;Sin especificar;999;Sin especificar;999;Sin especificar;999;Sin especificar;999;Sin especificar;999;Sin especificar;1;Nivel blanco;1;Seco y limpio;6;Sin luz natural ni artificial;1;Despejado;;;;;1;Buena visibilidad;998;No aplica;1;Recta;383.452;-0.481006;POINT (-0.481006 38.3452)
6698;2021;3;Marzo;5;VIERNES;7;7;Balears, Illes;7040;Palma ;1;Mallorca;1;Carretera;1;VÍAS INTERURBANAS;Ma-20;3.9;1;Ascendente;3;Provincial, Cabildo/Consell;3;Autovía;4;Por alcance                                        ;0;0;1;1;0;0;1;1;2;0;0;0;0;0;0;0;0;0;0;0;0;0;0;0;0;0;0;0;0;0;0;2;Fuera de intersección o nudo;;;;999;Sin especificar;999;Sin especificar;999;Sin especificar;999;Sin especificar;999;Sin especificar;999;Sin especificar;999;Sin especificar;999;Sin especificar;999;Sin especificar;999;Sin especificar;999;Sin especificar;999;Sin especificar;999;Sin especificar;3;Nivel amarillo;1;Seco y limpio;1;Luz del día natural, solar;2;Nublado;;;;;1;Buena visibilidad;998;No aplica;1;Recta;3.956.951;2.649.966;POINT (2.649966 39.56951)
141;2017;2;Febrero;4;JUEVES;21;1;Araba/Álava;0;;;No aplica;1;Carretera;1;VÍAS INTERURBANAS;A-3226;78;1;Ascendente;3;Provincial, Cabildo/Consell;6;Carretera Convencional de calzada única;11;Solo salida de la vía                              ;0;0;1;1;0;0;1;1;1;0;0;0;0;0;0;0;0;0;0;0;0;0;0;0;0;0;0;0;0;0;0;2;Fuera de intersección o nudo;;;;999;Sin especificar;999;Sin especificar;999;Sin especificar;999;Sin especificar;999;Sin especificar;999;Sin especificar;999;Sin especificar;999;Sin especificar;999;Sin especificar;999;Sin especificar;999;Sin especificar;999;Sin especificar;999;Sin especificar;1;Nivel blanco;1;Seco y limpio;6;Sin luz natural ni artificial;1;Despejado;;;;;1;Buena visibilidad;998;No aplica;1;Recta;4.250.017;-246.188;POINT (-2.46188 42.50017)
3952;2017;2;Febrero;5;VIERNES;14;3;Alicante/Alacant;3099;Orihuela;;No aplica;1;Carretera;1;VÍAS INTERURBANAS;CV-900;1.3;1;Ascendente;2;Autonómica;6;Carretera Convencional de calzada única;5;Múltiple o en caravana                             ;0;0;5;5;0;0;5;5;3;0;0;0;0;0;0;0;0;0;0;0;0;0;0;0;0;0;0;0;0;0;0;2;Fuera de intersección o nudo;;;;999;Sin especificar;999;Sin especificar;999;Sin especificar;999;Sin especificar;999;Sin especificar;999;Sin especificar;999;Sin especificar;999;Sin especificar;999;Sin especificar;999;Sin especificar;999;Sin especificar;999;Sin especificar;999;Sin especificar;1;Nivel blanco;1;Seco y limpio;1;Luz del día natural, solar;1;Despejado;;;;;1;Buena visibilidad;998;No aplica;1;Recta;3.808.395;-0.9447829;POINT (-0.9447829 38.08395)
4297;2016;4;Abril;6;SÁBADO;13;3;Alicante/Alacant;3120;San Miguel de Salinas;;No aplica;1;Carretera;1;VÍAS INTERURBANAS;CV-95;15.15;2;Descendente;2;Autonómica;6;Carretera Convencional de calzada única;1;Frontal                                            ;0;2;0;2;0;2;0;2;2;0;0;0;0;0;0;0;0;0;0;0;0;0;0;0;0;0;0;0;0;0;0;2;Fuera de intersección o nudo;;;;999;Sin especificar;999;Sin especificar;999;Sin especificar;999;Sin especificar;999;Sin especificar;999;Sin especificar;999;Sin especificar;999;Sin especificar;999;Sin especificar;999;Sin especificar;999;Sin especificar;999;Sin especificar;999;Sin especificar;1;Nivel blanco;1;Seco y limpio;1;Luz del día natural, solar;1;Despejado;;;;;1;Buena visibilidad;998;No aplica;2;Curva señalizada;3.797.993;-0.7892857;POINT (-0.7892857 37.97993)
92085;2019;3;Marzo;5;VIERNES;9;46;Valencia/València;46102;Quart de Poblet;;No aplica;1;Carretera;1;VÍAS INTERURBANAS;V-30;10.1;2;Descendente;1;Estatal;3;Autovía;3;Lateral                                            ;0;0;1;1;0;0;1;1;3;0;0;0;0;0;0;0;0;0;0;0;0;0;0;0;0;0;0;0;0;0;0;2;Fuera de intersección o nudo;;;;999;Sin especificar;999;Sin especificar;999;Sin especificar;999;Sin especificar;999;Sin especificar;999;Sin especificar;999;Sin especificar;999;Sin especificar;999;Sin especificar;999;Sin especificar;999;Sin especificar;999;Sin especificar;999;Sin especificar;3;Nivel amarillo;1;Seco y limpio;1;Luz del día natural, solar;1;Despejado;;;;;1;Buena visibilidad;998;No aplica;1;Recta;3.947.624;-0.4193065;POINT (-0.4193065 39.47624)
78709;2017;12;Diciembre;2;MARTES;8;36;Pontevedra;36051;Sanxenxo;;No aplica;2;Travesía;2;VÍAS URBANAS;PO-308;16;2;Descendente;2;Autonómica;6;Carretera Convencional de calzada única;7;Atropello a personas                               ;0;0;1;1;0;0;1;1;1;0;0;0;0;0;0;0;0;0;0;0;0;0;0;0;0;0;0;0;0;0;0;2;Fuera de intersección o nudo;;;;999;Sin especificar;999;Sin especificar;999;Sin especificar;999;Sin especificar;999;Sin especificar;999;Sin especificar;999;Sin especificar;999;Sin especificar;999;Sin especificar;999;Sin especificar;999;Sin especificar;999;Sin especificar;999;Sin especificar;999;Sin especificar;3;Mojado;3;Amanecer o atardecer, con luz artificial;2;Nublado;;;;;1;Buena visibilidad;4;Elevada;3;Curva sin señalizar;4.239.948;-8.806.928;POINT (-8.806928 42.39948)
3489;2020;11;Noviembre;4;JUEVES;14;4;Almería;4013;Almería;;No aplica;1;Carretera;1;VÍAS INTERURBANAS;CAL-0;0.2;1;Ascendente;5;Otra;10;Camino vecinal;2;Fronto-lateral                                     ;0;0;2;2;0;0;2;2;2;0;0;0;0;0;0;0;0;0;0;0;0;0;0;0;0;0;0;0;0;0;0;1;En intersección o nudo;1;En X o +;;0;No;0;No;0;No;0;No;0;No;0;No;0;No;1;Sí;0;No;0;No;0;No;0;No;0;No;1;Nivel blanco;1;Seco y limpio;1;Luz del día natural, solar;2;Nublado;;;;;2;Edificios;998;No aplica;1;Recta;3.684.016;-2.467.922;POINT (-2.467922 36.84016)
26895;2020;6;Junio;5;VIERNES;22;17;Girona;0;;;No aplica;1;Carretera;1;VÍAS INTERURBANAS;GIV-6703;12.5;4;Se desconoce;4;Municipal;5;Carretera Convencional de doble calzada;19;Salida de la vía por la derecha otro tipo          ;0;0;1;1;0;0;1;1;1;0;0;0;0;0;0;0;0;0;0;0;0;0;0;0;0;0;0;0;0;0;0;2;Fuera de intersección o nudo;;;;999;Sin especificar;999;Sin especificar;999;Sin especificar;999;Sin especificar;999;Sin especificar;999;Sin especificar;999;Sin especificar;999;Sin especificar;999;Sin especificar;999;Sin especificar;999;Sin especificar;999;Sin especificar;999;Sin especificar;6;Se desconoce;1;Seco y limpio;6;Sin luz natural ni artificial;1;Despejado;;;;;18;Se desconoce;998;No aplica;4;Se desconoce;4.198.424;292.806;POINT (2.92806 41.98424)
40171;2019;7;Julio;5;VIERNES;16;17;Girona;0;;;No aplica;1;Carretera;1;VÍAS INTERURBANAS;C-252;45.9;4;Se desconoce;4;Municipal;5;Carretera Convencional de doble calzada;2;Fronto-lateral                                     ;0;0;1;1;0;0;1;1;2;0;0;0;0;0;0;0;0;0;0;0;0;0;0;0;0;0;0;0;0;0;0;1;En intersección o nudo;999;Sin especificar;;0;No;0;No;0;No;0;No;0;No;0;No;0;No;0;No;0;No;0;No;0;No;0;No;1;Sí;6;Se desconoce;1;Seco y limpio;1;Luz del día natural, solar;1;Despejado;;;;;18;Se desconoce;998;No aplica;4;Se desconoce;4.230.583;300.808;POINT (3.00808 42.30583)
3725;2018;6;Junio;4;JUEVES;18;3;Alicante/Alacant;3088;Monforte del Cid;;No aplica;1;Carretera;1;VÍAS INTERURBANAS;A-7;705.7;1;Ascendente;5;Otra;3;Autovía;14;Salida de la vía por la izquierda con vuelco       ;0;0;1;1;0;0;1;1;1;0;0;0;0;0;0;0;0;0;0;0;0;0;0;0;0;0;0;0;0;0;0;2;Fuera de intersección o nudo;;;;999;Sin especificar;999;Sin especificar;999;Sin especificar;999;Sin especificar;999;Sin especificar;999;Sin especificar;999;Sin especificar;999;Sin especificar;999;Sin especificar;999;Sin especificar;999;Sin especificar;999;Sin especificar;999;Sin especificar;1;Nivel blanco;1;Seco y limpio;1;Luz del día natural, solar;1;Despejado;;;;;1;Buena visibilidad;998;No aplica;2;Curva señalizada;3.837.923;-0.7292369;POINT (-0.7292369 38.37923)
36402;2020;5;Mayo;3;MIÉRCOLES;20;28;Madrid;28154;Torres de la Alameda;;No aplica;1;Carretera;1;VÍAS INTERURBANAS;M-300;16.18;1;Ascendente;2;Autonómica;6;Carretera Convencional de calzada única;2;Fronto-lateral                                     ;0;0;1;1;0;0;1;1;2;0;0;0;0;0;0;0;0;0;0;0;0;0;0;0;0;0;0;0;0;0;0;1;En intersección o nudo;4;Glorieta;M-225;0;No;0;No;0;No;0;No;1;Sí;0;No;0;No;0;No;0;No;0;No;0;No;0;No;0;No;1;Nivel blanco;1;Seco y limpio;1;Luz del día natural, solar;1;Despejado;;;;;2;Edificios;998;No aplica;2;Curva señalizada;4.040.473;-3.360.132;POINT (-3.360132 40.40473)
82100;2017;5;Mayo;5;VIERNES;19;39;Cantabria;39042;Medio Cudeyo;;No aplica;1;Carretera;1;VÍAS INTERURBANAS;A-8;200.1;2;Descendente;1;Estatal;3;Autovía;16;Salida de la vía por la derecha con colisión       ;0;0;1;1;0;0;1;1;1;0;0;0;0;0;0;0;0;0;0;0;0;0;0;0;0;0;0;0;0;0;0;2;Fuera de intersección o nudo;;;;999;Sin especificar;999;Sin especificar;999;Sin especificar;999;Sin especificar;999;Sin especificar;999;Sin especificar;999;Sin especificar;999;Sin especificar;999;Sin especificar;999;Sin especificar;999;Sin especificar;999;Sin especificar;999;Sin especificar;999;Sin especificar;3;Mojado;4;Sin luz natural y con iluminación artificial encen;2;Nublado;;;;;1;Buena visibilidad;998;No aplica;2;Curva señalizada;4.338.139;-3.731.667;POINT (-3.731667 43.38139)
171;2019;5;Mayo;3;MIÉRCOLES;15;1;Araba/Álava;0;;;No aplica;1;Carretera;1;VÍAS INTERURBANAS;A-3641;55;1;Ascendente;3;Provincial, Cabildo/Consell;6;Carretera Convencional de calzada única;9;Vuelco                                             ;0;0;1;1;0;0;1;1;2;0;0;0;0;0;0;0;0;0;0;0;0;0;0;0;0;0;0;0;0;0;0;2;Fuera de intersección o nudo;;;;999;Sin especificar;999;Sin especificar;999;Sin especificar;999;Sin especificar;999;Sin especificar;999;Sin especificar;999;Sin especificar;999;Sin especificar;999;Sin especificar;999;Sin especificar;999;Sin especificar;999;Sin especificar;999;Sin especificar;1;Nivel blanco;1;Seco y limpio;1;Luz del día natural, solar;1;Despejado;;;;;4;Configuración del terreno;998;No aplica;3;Curva sin señalizar;4.313.988;-303.527;POINT (-3.03527 43.13988)
4198;2016;3;Marzo;3;MIÉRCOLES;15;3;Alicante/Alacant;3104;Petrer;;No aplica;1;Carretera;1;VÍAS INTERURBANAS;A-31;200.7;1;Ascendente;1;Estatal;3;Autovía;12;Salida de la vía por la izquierda con colisión     ;0;0;1;1;0;0;1;1;1;0;0;0;0;0;0;0;0;0;0;0;0;0;0;0;0;0;0;0;0;0;0;2;Fuera de intersección o nudo;;;;999;Sin especificar;999;Sin especificar;999;Sin especificar;999;Sin especificar;999;Sin especificar;999;Sin especificar;999;Sin especificar;999;Sin especificar;999;Sin especificar;999;Sin especificar;999;Sin especificar;999;Sin especificar;999;Sin especificar;1;Nivel blanco;1;Seco y limpio;1;Luz del día natural, solar;1;Despejado;;;;;999;Sin especificar;998;No aplica;1;Recta;3.847.744;-0.7742523;POINT (-0.7742523 38.47744)
67332;2021;2;Febrero;6;SÁBADO;17;36;Pontevedra;36038;Pontevedra;;No aplica;1;Carretera;1;VÍAS INTERURBANAS;PO-224;6.6;2;Descendente;2;Autonómica;6;Carretera Convencional de calzada única;16;Salida de la vía por la derecha con colisión       ;0;0;1;1;0;0;1;1;2;0;0;0;0;0;0;0;0;0;0;0;0;0;0;0;0;0;0;0;0;0;0;1;En intersección o nudo;2;En T o Y;;1;Sí;0;No;0;No;0;No;0;No;0;No;0;No;0;No;0;No;0;No;0;No;0;No;0;No;2;Nivel verde;1;Seco y limpio;1;Luz del día natural, solar;1;Despejado;;;;;4;Configuración del terreno;998;No aplica;2;Curva señalizada;4.248.964;-860.901;POINT (-8.60901 42.48964)
8233;2021;1;Enero;3;MIÉRCOLES;12;8;Barcelona;8210;Sant Feliu de Codines;;No aplica;1;Carretera;1;VÍAS INTERURBANAS;C-59;23.1;4;Se desconoce;5;Otra;6;Carretera Convencional de calzada única;19;Salida de la vía por la derecha otro tipo          ;0;0;1;1;0;0;1;1;1;0;0;0;0;0;0;0;0;0;0;0;0;0;0;0;0;0;0;0;0;0;0;2;Fuera de intersección o nudo;;;;999;Sin especificar;999;Sin especificar;999;Sin especificar;999;Sin especificar;999;Sin especificar;999;Sin especificar;999;Sin especificar;999;Sin especificar;999;Sin especificar;999;Sin especificar;999;Sin especificar;999;Sin especificar;999;Sin especificar;999;Sin especificar;1;Seco y limpio;1;Luz del día natural, solar;1;Despejado;;;1;Viento fuerte;999;Sin especificar;998;No aplica;4;Se desconoce;4.169.771;216.857;POINT (2.16857 41.69771)
16057;2017;8;Agosto;2;MARTES;15;8;Barcelona;8124;Mollet del Vallès;;No aplica;1;Carretera;1;VÍAS INTERURBANAS;C-17;13;4;Se desconoce;4;Municipal;3;Autovía;19;Salida de la vía por la derecha otro tipo          ;0;0;1;1;0;0;1;1;1;0;0;0;0;0;0;0;0;0;0;0;0;0;0;0;0;0;0;0;0;0;0;2;Fuera de intersección o nudo;;;;999;Sin especificar;999;Sin especificar;999;Sin especificar;999;Sin especificar;999;Sin especificar;999;Sin especificar;999;Sin especificar;999;Sin especificar;999;Sin especificar;999;Sin especificar;999;Sin especificar;999;Sin especificar;999;Sin especificar;6;Se desconoce;1;Seco y limpio;1;Luz del día natural, solar;1;Despejado;;;;;18;Se desconoce;998;No aplica;4;Se desconoce;4.154.052;2.213.529;POINT (2.213529 41.54052)
68886;2020;1;Enero;2;MARTES;11;48;Bizkaia;48013;Barakaldo;;No aplica;2;Travesía;2;VÍAS URBANAS;BI-644;1000;4;Se desconoce;4;Municipal;5;Carretera Convencional de doble calzada;2;Fronto-lateral                                     ;0;0;6;6;0;0;6;6;2;0;0;0;0;0;0;0;0;0;0;0;0;0;0;0;0;0;0;0;0;0;0;2;Fuera de intersección o nudo;;;;1;Sí;0;No;0;No;0;No;0;No;0;No;0;No;0;No;0;No;0;No;0;No;0;No;0;No;6;Se desconoce;1;Seco y limpio;1;Luz del día natural, solar;1;Despejado;;;;;18;Se desconoce;998;No aplica;4;Se desconoce;4.329.683;-2.985.259;POINT (-2.985259 43.29683)
80190;2017;11;Noviembre;4;JUEVES;17;38;Santa Cruz de Tenerife;38006;Arona;10;Tenerife;1;Carretera;1;VÍAS INTERURBANAS;TF-66;1.5;1;Ascendente;3;Provincial, Cabildo/Consell;6;Carretera Convencional de calzada única;4;Por alcance                                        ;0;0;1;1;0;0;1;1;2;0;0;0;0;0;0;0;0;0;0;0;0;0;0;0;0;0;0;0;0;0;0;2;Fuera de intersección o nudo;;;;999;Sin especificar;999;Sin especificar;999;Sin especificar;999;Sin especificar;999;Sin especificar;999;Sin especificar;999;Sin especificar;999;Sin especificar;999;Sin especificar;999;Sin especificar;999;Sin especificar;999;Sin especificar;999;Sin especificar;6;Se desconoce;3;Mojado;1;Luz del día natural, solar;3;Lluvia débil;;;;;1;Buena visibilidad;998;No aplica;3;Curva sin señalizar;2.810.047;-1.668.066;POINT (-16.68066 28.10047)
6626;2019;4;Abril;1;LUNES;12;6;Badajoz;6153;Villanueva de la Serena;;No aplica;1;Carretera;1;VÍAS INTERURBANAS;CMO R.E.;4.1;1;Ascendente;5;Otra;6;Carretera Convencional de calzada única;14;Salida de la vía por la izquierda con vuelco       ;0;1;0;1;0;1;0;1;1;0;0;0;0;0;0;0;0;0;0;0;0;0;0;0;0;0;0;0;0;0;0;2;Fuera de intersección o nudo;;;;999;Sin especificar;999;Sin especificar;999;Sin especificar;999;Sin especificar;999;Sin especificar;999;Sin especificar;999;Sin especificar;999;Sin especificar;999;Sin especificar;999;Sin especificar;999;Sin especificar;999;Sin especificar;999;Sin especificar;1;Nivel blanco;1;Seco y limpio;1;Luz del día natural, solar;2;Nublado;;;;;1;Buena visibilidad;998;No aplica;1;Recta;3.897.399;-5.800.302;POINT (-5.800302 38.97399)