secuencial;anyo;mes;nombre_mes;dia_semana;nombre_dia_semana;hora;cod_provincia;nombre_provincia;cod_municipio;nombre_codigo_municipio;isla;nombre_isla;zona;nombre_zona;zona_agrupada;nombre_zona_agrupada;carretera;km;sentido_1f;nombre_sentido;titularidad_via;nombre_titularidad_via;tipo_via;nombre_tipo_via;tipo_accidente;nombre_tipo_accidente;total_mu24h;total_hg24h;total_hl24h;total_victimas_24h;total_mu30df;total_hg30df;total_hl30df;total_victimas_30df;total_vehiculos;tot_peat_mu24h;tot_bici_mu24h;tot_ciclo_mu24h;tot_moto_mu24h;tot_tur_mu24h;tot_furg_mu24h;tot_cam_menos3500_mu24h;tot_cam_mas3500_mu24h;tot_bus_mu24h;tot_otro_mu24h;tot_sinespecif_mu24h;tot_peat_mu30df;tot_bici_mu30df;tot_ciclo_mu30df;tot_moto_mu30df;tot_tur_mu30df;tot_furg_mu30df;tot_cam_menos3500_mu30df;tot_cam_mas3500_mu30df;tot_bus_mu30df;tot_otro_mu30df;tot_sinespecif_mu30df;nudo;nombre_nudo;nudo_info;nombre_nudo_info;carretera_cruce;priori_norma;nombre_priori_norma;priori_agente;nombre_priori_agente;priori_semaforo;nombre_priori_semaforo;priori_vert_stop;nombre_priori_vert_stop;priori_vert_ceda;nombre_priori_priori_vert_ceda;priori_horiz_stop;nombre_priori_horiz_stop;priori_horiz_ceda;nombre_priori_horiz_ceda;priori_marcas;nombre_priori_marcas;priori_pea_no_elev;nombre_priori_pea_no_elev;priori_pea_elev;nombre_priori_pea_elev;priori_marca_ciclos;nombre_priori_marca_ciclos;priori_circunstancial;nombre_priori_circunstancial;priori_otra;nombre_priori_otra;condicion_nivel_circula;nombre_condicion_nivel_circula;condicion_firme;nombre_condicion_firme;condicion_iluminacion;nombre_condicion_iluminacion;condicion_meteo;nombre_condicion_meteo;condicion_niebla;nombre_condicion_niebla;condicion_viento;nombre_condicion_viento;visib_restringida_por;nombre_visib_restringida_por;acera;nombre_acera;trazado_planta;nombre_trazado_planta;latitud;longitud;geom
55124;2020;3;Marzo;2;MARTES;11;36;Pontevedra;36038;Pontevedra;;No aplica;1;Carretera;1;VÍAS INTERURBANAS;N-541;89;2;Descendente;1;Estatal;6;Carretera Convencional de calzada única;2;Fronto-lateral                                     ;0;0;1;1;0;0;1;1;2;0;0;0;0;0;0;0;0;0;0;0;0;0;0;0;0;0;0;0;0;0;0;2;Fuera de intersección o nudo;;;;999;Sin especificar;999;Sin especificar;999;Sin especificar;999;Sin especificar;999;Sin especificar;999;Sin especificar;999;Sin especificar;999;Sin especificar;999;Sin especificar;999;Sin especificar;999;Sin especificar;999;Sin especificar;999;Sin especificar;1;Nivel blanco;1;Seco y limpio;1;Luz del día natural, solar;2;Nublado;;;;;1;Buena visibilidad;998;No aplica;3;Curva sin señalizar;4.243.362;-8.648.053;POINT (-8.648053 42.43362)
11522;2021;4;Abril;6;SÁBADO;21;8;Barcelona;0;;;No aplica;1;Carretera;1;VÍAS INTERURBANAS;C-17;54;4;Se desconoce;5;Otra;3;Autovía;1;Frontal                                            ;0;0;2;2;0;0;2;2;2;0;0;0;0;0;0;0;0;0;0;0;0;0;0;0;0;0;0;0;0;0;0;2;Fuera de intersección o nudo;;;;0;No;0;No;0;No;0;No;0;No;0;No;0;No;0;No;0;No;0;No;0;No;0;No;1;Sí;999;Sin especificar;1;Seco y limpio;6;Sin luz natural ni artificial;1;Despejado;;;1;Viento fuerte;999;Sin especificar;998;No aplica;4;Se desconoce;4.187.883;223.914;POINT (2.23914 41.87883)
96843;2016;4;Abril;2;MARTES;8;48;Bizkaia;;;;No aplica;1;Carretera;1;VÍAS INTERURBANAS;A-8;123.8;1;Ascendente;5;Otra;14;Otro;15;Salida de la vía por la izquierda, otro tipo       ;0;0;1;1;0;0;1;1;1;0;0;0;0;0;0;0;0;0;0;0;0;0;0;0;0;0;0;0;0;0;0;2;Fuera de intersección o nudo;;;;999;Sin especificar;999;Sin especificar;999;Sin especificar;999;Sin especificar;999;Sin especificar;999;Sin especificar;999;Sin especificar;999;Sin especificar;999;Sin especificar;999;Sin especificar;999;Sin especificar;999;Sin especificar;999;Sin especificar;1;Nivel blanco;1;Seco y limpio;1;Luz del día natural, solar;1;Despejado;;;;;1;Buena visibilidad;998;No aplica;1;Recta;4.329.683;-2.985.259;POINT (-2.985259 43.29683)
88714;2018;9;Septiembre;3;MIÉRCOLES;19;43;Tarragona;0;;;No aplica;1;Carretera;1;VÍAS INTERURBANAS;C-242;57.9;4;Se desconoce;4;Municipal;5;Carretera Convencional de doble calzada;19;Salida de la vía por la derecha otro tipo          ;0;0;1;1;0;0;1;1;1;0;0;0;0;0;0;0;0;0;0;0;0;0;0;0;0;0;0;0;0;0;0;2;Fuera de intersección o nudo;;;;999;Sin especificar;999;Sin especificar;999;Sin especificar;999;Sin especificar;999;Sin especificar;999;Sin especificar;999;Sin especificar;999;Sin especificar;999;Sin especificar;999;Sin especificar;999;Sin especificar;999;Sin especificar;999;Sin especificar;6;Se desconoce;3;Mojado;1;Luz del día natural, solar;3;Lluvia débil;;;;;18;Se desconoce;998;No aplica;4;Se desconoce;4.121.729;0.96504;POINT (0.96504 41.21729)
40843;2016;5;Mayo;2;MARTES;15;17;Girona;0;;;No aplica;1;Carretera;1;VÍAS INTERURBANAS;AP-7;21;4;Se desconoce;1;Estatal;1;Autopista de peaje;20;Otro tipo de accidente                             ;0;0;1;1;0;0;1;1;2;0;0;0;0;0;0;0;0;0;0;0;0;0;0;0;0;0;0;0;0;0;0;1;En intersección o nudo;999;Sin especificar;;0;No;0;No;0;No;0;No;0;No;0;No;0;No;0;No;0;No;0;No;0;No;0;No;1;Sí;6;Se desconoce;1;Seco y limpio;1;Luz del día natural, solar;1;Despejado;;;;;18;Se desconoce;998;No aplica;4;Se desconoce;4.230.148;294.416;POINT (2.94416 42.30148)
57004;2020;2;Febrero;2;MARTES;19;38;Santa Cruz de Tenerife;38020;Güímar;;No aplica;1;Carretera;1;VÍAS INTERURBANAS;TF1;29.3;1;Ascendente;3;Provincial, Cabildo/Consell;2;Autopista libre;19;Salida de la vía por la derecha otro tipo          ;0;0;1;1;0;0;1;1;1;0;0;0;0;0;0;0;0;0;0;0;0;0;0;0;0;0;0;0;0;0;0;2;Fuera de intersección o nudo;;;;999;Sin especificar;999;Sin especificar;999;Sin especificar;999;Sin especificar;999;Sin especificar;999;Sin especificar;999;Sin especificar;999;Sin especificar;999;Sin especificar;999;Sin especificar;999;Sin especificar;999;Sin especificar;999;Sin especificar;1;Nivel blanco;1;Seco y limpio;6;Sin luz natural ni artificial;1;Despejado;;;;;1;Buena visibilidad;998;No aplica;1;Recta;2.831.723;-1.641.325;POINT (-16.41325 28.31723)
71620;2018;4;Abril;1;LUNES;7;30;Murcia;30016;Cartagena;;No aplica;1;Carretera;1;VÍAS INTERURBANAS;VS-P.M.;0.1;3;Ambos;5;Otra;7;Vía de servicio;2;Fronto-lateral                                     ;0;0;1;1;0;0;1;1;2;0;0;0;0;0;0;0;0;0;0;0;0;0;0;0;0;0;0;0;0;0;0;1;En intersección o nudo;1;En X o +;;0;No;0;No;0;No;1;Sí;0;No;0;No;0;No;0;No;0;No;0;No;0;No;0;No;0;No;1;Nivel blanco;1;Seco y limpio;2;Amanecer o atardecer, sin luz artificial;2;Nublado;;;;;1;Buena visibilidad;998;No aplica;1;Recta;3.760.565;-0.9912944;POINT (-0.9912944 37.60565)
34548;2020;6;Junio;6;SÁBADO;8;27;Lugo;0;;;No aplica;1;Carretera;1;VÍAS INTERURBANAS;LU-212;10.5;2;Descendente;2;Autonómica;6;Carretera Convencional de calzada única;18;Salida de la vía por la derecha con vuelco         ;0;0;2;2;0;0;2;2;1;0;0;0;0;0;0;0;0;0;0;0;0;0;0;0;0;0;0;0;0;0;0;2;Fuera de intersección o nudo;;;;999;Sin especificar;999;Sin especificar;999;Sin especificar;999;Sin especificar;999;Sin especificar;999;Sin especificar;999;Sin especificar;999;Sin especificar;999;Sin especificar;999;Sin especificar;999;Sin especificar;999;Sin especificar;999;Sin especificar;2;Nivel verde;2;Con barro o gravilla suelta;1;Luz del día natural, solar;1;Despejado;;;;;1;Buena visibilidad;998;No aplica;3;Curva sin señalizar;4.279.044;-783.566;POINT (-7.83566 42.79044)
40872;2019;12;Diciembre;4;JUEVES;8;17;Girona;0;;;No aplica;1;Carretera;1;VÍAS INTERURBANAS;AP-7;36.5;4;Se desconoce;1;Estatal;1;Autopista de peaje;19;Salida de la vía por la derecha otro tipo          ;0;0;1;1;0;0;1;1;1;0;0;0;0;0;0;0;0;0;0;0;0;0;0;0;0;0;0;0;0;0;0;2;Fuera de intersección o nudo;;;;999;Sin especificar;999;Sin especificar;999;Sin especificar;999;Sin especificar;999;Sin especificar;999;Sin especificar;999;Sin especificar;999;Sin especificar;999;Sin especificar;999;Sin especificar;999;Sin especificar;999;Sin especificar;999;Sin especificar;6;Se desconoce;1;Seco y limpio;1;Luz del día natural, solar;1;Despejado;;;;;18;Se desconoce;998;No aplica;4;Se desconoce;4.216.957;292.709;POINT (2.92709 42.16957)
74851;2019;3;Marzo;3;MIÉRCOLES;19;32;Ourense;32009;Barco de Valdeorras, O;;No aplica;1;Carretera;1;VÍAS INTERURBANAS;OU-0852;3.1;2;Descendente;3;Provincial, Cabildo/Consell;6;Carretera Convencional de calzada única;17;Salida de la vía por la derecha con despeñamiento  ;0;0;4;4;0;0;4;4;1;0;0;0;0;0;0;0;0;0;0;0;0;0;0;0;0;0;0;0;0;0;0;2;Fuera de intersección o nudo;;;;999;Sin especificar;999;Sin especificar;999;Sin especificar;999;Sin especificar;999;Sin especificar;999;Sin especificar;999;Sin especificar;999;Sin especificar;999;Sin especificar;999;Sin especificar;999;Sin especificar;999;Sin especificar;999;Sin especificar;1;Nivel blanco;1;Seco y limpio;1;Luz del día natural, solar;1;Despejado;;;;;1;Buena visibilidad;998;No aplica;3;Curva sin señalizar;4.241.542;-698.196;POINT (-6.98196 42.41542)
33711;2021;10;Octubre;4;JUEVES;19;17;Girona;17089;Llagostera;;No aplica;1;Carretera;1;VÍAS INTERURBANAS;GI-674;5.6;4;Se desconoce;5;Otra;6;Carretera Convencional de calzada única;19;Salida de la vía por la derecha otro tipo          ;0;0;1;1;0;0;1;1;1;0;0;0;0;0;0;0;0;0;0;0;0;0;0;0;0;0;0;0;0;0;0;2;Fuera de intersección o nudo;;;;999;Sin especificar;999;Sin especificar;999;Sin especificar;999;Sin especificar;999;Sin especificar;999;Sin especificar;999;Sin especificar;999;Sin especificar;999;Sin especificar;999;Sin especificar;999;Sin especificar;999;Sin especificar;999;Sin especificar;999;Sin especificar;1;Seco y limpio;6;Sin luz natural ni artificial;1;Despejado;;;1;Viento fuerte;999;Sin especificar;998;No aplica;4;Se desconoce;4.183.272;286.341;POINT (2.86341 41.83272)
9751;2020;7;Julio;4;JUEVES;7;8;Barcelona;8006;Arenys de Mar;;No aplica;1;Carretera;1;VÍAS INTERURBANAS;N-II;654.8;4;Se desconoce;4;Municipal;5;Carretera Convencional de doble calzada;9;Vuelco                                             ;0;0;2;2;0;0;2;2;2;0;0;0;0;0;0;0;0;0;0;0;0;0;0;0;0;0;0;0;0;0;0;2;Fuera de intersección o nudo;;;;999;Sin especificar;999;Sin especificar;999;Sin especificar;999;Sin especificar;999;Sin especificar;999;Sin especificar;999;Sin especificar;999;Sin especificar;999;Sin especificar;999;Sin especificar;999;Sin especificar;999;Sin especificar;999;Sin especificar;6;Se desconoce;1;Seco y limpio;1;Luz del día natural, solar;1;Despejado;;;;;18;Se desconoce;998;No aplica;4;Se desconoce;4.157.944;255.148;POINT (2.55148 41.57944)
5297;2019;9;Septiembre;1;LUNES;23;4;Almería;4100;Vera;;No aplica;1;Carretera;1;VÍAS INTERURBANAS;CVE-2;3;1;Ascendente;4;Municipal;10;Camino vecinal;12;Salida de la vía por la izquierda con colisión     ;0;0;3;3;0;0;3;3;1;0;0;0;0;0;0;0;0;0;0;0;0;0;0;0;0;0;0;0;0;0;0;2;Fuera de intersección o nudo;;;;999;Sin especificar;999;Sin especificar;999;Sin especificar;999;Sin especificar;999;Sin especificar;999;Sin especificar;999;Sin especificar;999;Sin especificar;999;Sin especificar;999;Sin especificar;999;Sin especificar;999;Sin especificar;999;Sin especificar;1;Nivel blanco;1;Seco y limpio;6;Sin luz natural ni artificial;1;Despejado;;;;;1;Buena visibilidad;998;No aplica;1;Recta;3.724.686;-1.868.238;POINT (-1.868238 37.24686)
38276;2018;7;Julio;2;MARTES;12;15;Coruña, A;15035;Fene;;No aplica;1;Carretera;1;VÍAS INTERURBANAS;FE-14;2.98;2;Descendente;1;Estatal;5;Carretera Convencional de doble calzada;4;Por alcance                                        ;0;0;2;2;0;0;2;2;3;0;0;0;0;0;0;0;0;0;0;0;0;0;0;0;0;0;0;0;0;0;0;2;Fuera de intersección o nudo;;;;999;Sin especificar;999;Sin especificar;999;Sin especificar;999;Sin especificar;999;Sin especificar;999;Sin especificar;999;Sin especificar;999;Sin especificar;999;Sin especificar;999;Sin especificar;999;Sin especificar;999;Sin especificar;999;Sin especificar;2;Nivel verde;1;Seco y limpio;1;Luz del día natural, solar;2;Nublado;;;;;1;Buena visibilidad;998;No aplica;1;Recta;4.347.521;-8.165.961;POINT (-8.165961 43.47521)
77079;2019;9;Septiembre;7;DOMINGO;0;33;Asturias;0;;;No aplica;1;Carretera;1;VÍAS INTERURBANAS;AS-316;0.8;1;Ascendente;2;Autonómica;6;Carretera Convencional de calzada única;19;Salida de la vía por la derecha otro tipo          ;0;0;1;1;0;0;1;1;1;0;0;0;0;0;0;0;0;0;0;0;0;0;0;0;0;0;0;0;0;0;0;2;Fuera de intersección o nudo;;;;999;Sin especificar;999;Sin especificar;999;Sin especificar;999;Sin especificar;999;Sin especificar;999;Sin especificar;999;Sin especificar;999;Sin especificar;999;Sin especificar;999;Sin especificar;999;Sin especificar;999;Sin especificar;999;Sin especificar;1;Nivel blanco;3;Mojado;5;Sin luz natural y con iluminación artificial no en;3;Lluvia débil;;;;;4;Configuración del terreno;998;No aplica;2;Curva señalizada;4.350.411;-607.079;POINT (-6.07079 43.50411)
15624;2019;12;Diciembre;3;MIÉRCOLES;8;8;Barcelona;8305;Vilafranca del Penedès;;No aplica;1;Carretera;1;VÍAS INTERURBANAS;C-15;13.2;4;Se desconoce;4;Municipal;5;Carretera Convencional de doble calzada;4;Por alcance                                        ;0;0;1;1;0;0;1;1;3;0;0;0;0;0;0;0;0;0;0;0;0;0;0;0;0;0;0;0;0;0;0;2;Fuera de intersección o nudo;;;;999;Sin especificar;999;Sin especificar;999;Sin especificar;999;Sin especificar;999;Sin especificar;999;Sin especificar;999;Sin especificar;999;Sin especificar;999;Sin especificar;999;Sin especificar;999;Sin especificar;999;Sin especificar;999;Sin especificar;6;Se desconoce;3;Mojado;1;Luz del día natural, solar;4;Lluvia fuerte;;;1;Viento fuerte;18;Se desconoce;998;No aplica;4;Se desconoce;4.134.509;1.699.849;POINT (1.699849 41.34509)
8197;2018;2;Febrero;6;SÁBADO;19;7;Balears, Illes;7036;Marratxí;1;Mallorca;1;Carretera;1;VÍAS INTERURBANAS;Ma-2040;0.1;1;Ascendente;3;Provincial, Cabildo/Consell;6;Carretera Convencional de calzada única;4;Por alcance                                        ;0;0;1;1;0;0;1;1;2;0;0;0;0;0;0;0;0;0;0;0;0;0;0;0;0;0;0;0;0;0;0;1;En intersección o nudo;4;Glorieta;;1;Sí;0;No;0;No;0;No;0;No;0;No;0;No;0;No;0;No;0;No;0;No;0;No;0;No;1;Nivel blanco;1;Seco y limpio;4;Sin luz natural y con iluminación artificial encen;1;Despejado;;;;;4;Configuración del terreno;998;No aplica;3;Curva sin señalizar;3.964.213;2.752.193;POINT (2.752193 39.64213)
10036;2016;5;Mayo;3;MIÉRCOLES;10;7;Balears, Illes;7054;Santa Eulària des Riu;3;Ibiza;1;Carretera;1;VÍAS INTERURBANAS;C-733;2.7;1;Ascendente;3;Provincial, Cabildo/Consell;6;Carretera Convencional de calzada única;2;Fronto-lateral                                     ;0;0;1;1;0;0;1;1;3;0;0;0;0;0;0;0;0;0;0;0;0;0;0;0;0;0;0;0;0;0;0;1;En intersección o nudo;2;En T o Y;;1;Sí;0;No;0;No;0;No;0;No;0;No;0;No;0;No;0;No;0;No;0;No;0;No;0;No;4;Nivel rojo;1;Seco y limpio;1;Luz del día natural, solar;1;Despejado;;;;;999;Sin especificar;998;No aplica;1;Recta;3.898.257;1.530.198;POINT (1.530198 38.98257)
75003;2017;7;Julio;3;MIÉRCOLES;14;33;Asturias;33035;Llanera;;No aplica;1;Carretera;1;VÍAS INTERURBANAS;C.V.S.D;0.1;1;Ascendente;4;Municipal;6;Carretera Convencional de calzada única;1;Frontal                                            ;0;0;1;1;0;0;1;1;2;0;0;0;0;0;0;0;0;0;0;0;0;0;0;0;0;0;0;0;0;0;0;2;Fuera de intersección o nudo;;;;999;Sin especificar;999;Sin especificar;999;Sin especificar;999;Sin especificar;999;Sin especificar;999;Sin especificar;999;Sin especificar;999;Sin especificar;999;Sin especificar;999;Sin especificar;999;Sin especificar;999;Sin especificar;999;Sin especificar;1;Nivel blanco;1;Seco y limpio;1;Luz del día natural, solar;1;Despejado;;;;;2;Edificios;998;No aplica;3;Curva sin señalizar;4.346.667;-5.933.333;POINT (-5.933333 43.46667)
58229;2020;6;Junio;6;SÁBADO;0;39;Cantabria;0;;;No aplica;1;Carretera;1;VÍAS INTERURBANAS;CA-180;3;2;Descendente;2;Autonómica;6;Carretera Convencional de calzada única;16;Salida de la vía por la derecha con colisión       ;0;0;2;2;0;0;2;2;1;0;0;0;0;0;0;0;0;0;0;0;0;0;0;0;0;0;0;0;0;0;0;1;En intersección o nudo;2;En T o Y;;1;Sí;0;No;0;No;0;No;0;No;0;No;0;No;0;No;0;No;0;No;0;No;0;No;0;No;1;Nivel blanco;3;Mojado;6;Sin luz natural ni artificial;3;Lluvia débil;;;;;4;Configuración del terreno;998;No aplica;2;Curva señalizada;4.328.331;-423.548;POINT (-4.23548 43.28331)
27510;2020;10;Octubre;5;VIERNES;17;17;Girona;0;;;No aplica;1;Carretera;1;VÍAS INTERURBANAS;AP-7;50.3;4;Se desconoce;1;Estatal;1;Autopista de peaje;4;Por alcance                                        ;0;0;3;3;0;0;3;3;2;0;0;0;0;0;0;0;0;0;0;0;0;0;0;0;0;0;0;0;0;0;0;2;Fuera de intersección o nudo;;;;999;Sin especificar;999;Sin especificar;999;Sin especificar;999;Sin especificar;999;Sin especificar;999;Sin especificar;999;Sin especificar;999;Sin especificar;999;Sin especificar;999;Sin especificar;999;Sin especificar;999;Sin especificar;999;Sin especificar;6;Se desconoce;1;Seco y limpio;1;Luz del día natural, solar;1;Despejado;;;;;18;Se desconoce;998;No aplica;4;Se desconoce;4.205.781;288.286;POINT (2.88286 42.05781)
1815;2019;3;Marzo;6;SÁBADO;11;3;Alicante/Alacant;3011;Alfàs del Pi, l';;No aplica;1;Carretera;1;VÍAS INTERURBANAS;N-332;152.6;1;Ascendente;1;Estatal;6;Carretera Convencional de calzada única;4;Por alcance                                        ;0;0;1;1;0;0;1;1;2;0;0;0;0;0;0;0;0;0;0;0;0;0;0;0;0;0;0;0;0;0;0;1;En intersección o nudo;4;Glorieta;CV-763;0;No;0;No;0;No;0;No;1;Sí;0;No;0;No;0;No;0;No;0;No;0;No;0;No;0;No;1;Nivel blanco;1;Seco y limpio;1;Luz del día natural, solar;1;Despejado;;;;;1;Buena visibilidad;998;No aplica;1;Recta;3.858.055;-0.1032094;POINT (-0.1032094 38.58055)
76265;2019;6;Junio;6;SÁBADO;17;33;Asturias;33033;Lena;;No aplica;1;Carretera;1;VÍAS INTERURBANAS;N-630;76.49;2;Descendente;1;Estatal;6;Carretera Convencional de calzada única;18;Salida de la vía por la derecha con vuelco         ;0;0;1;1;0;0;1;1;1;0;0;0;0;0;0;0;0;0;0;0;0;0;0;0;0;0;0;0;0;0;0;2;Fuera de intersección o nudo;;;;999;Sin especificar;999;Sin especificar;999;Sin especificar;999;Sin especificar;999;Sin especificar;999;Sin especificar;999;Sin especificar;999;Sin especificar;999;Sin especificar;999;Sin especificar;999;Sin especificar;999;Sin especificar;999;Sin especificar;1;Nivel blanco;1;Seco y limpio;1;Luz del día natural, solar;1;Despejado;;;;;1;Buena visibilidad;998;No aplica;2;Curva señalizada;4.315.833;-5.829.167;POINT (-5.829167 43.15833)
48979;2016;8;Agosto;6;SÁBADO;13;24;León;0;;;No aplica;1;Carretera;1;VÍAS INTERURBANAS;A-6;343.32;1;Ascendente;1;Estatal;3;Autovía;16;Salida de la vía por la derecha con colisión       ;0;0;1;1;0;0;1;1;1;0;0;0;0;0;0;0;0;0;0;0;0;0;0;0;0;0;0;0;0;0;0;2;Fuera de intersección o nudo;;;;999;Sin especificar;999;Sin especificar;999;Sin especificar;999;Sin especificar;999;Sin especificar;999;Sin especificar;999;Sin especificar;999;Sin especificar;999;Sin especificar;999;Sin especificar;999;Sin especificar;999;Sin especificar;999;Sin especificar;1;Nivel blanco;1;Seco y limpio;1;Luz del día natural, solar;1;Despejado;;;;;1;Buena visibilidad;998;No aplica;1;Recta;4.255.653;-618.694;POINT (-6.18694 42.55653)
14422;2019;9;Septiembre;1;LUNES;8;8;Barcelona;8101;Hospitalet de Llobregat, L';;No aplica;1;Carretera;1;VÍAS INTERURBANAS;C-31;198.4;4;Se desconoce;4;Municipal;3;Autovía;3;Lateral                                            ;0;0;1;1;0;0;1;1;3;0;0;0;0;0;0;0;0;0;0;0;0;0;0;0;0;0;0;0;0;0;0;2;Fuera de intersección o nudo;;;;999;Sin especificar;999;Sin especificar;999;Sin especificar;999;Sin especificar;999;Sin especificar;999;Sin especificar;999;Sin especificar;999;Sin especificar;999;Sin especificar;999;Sin especificar;999;Sin especificar;999;Sin especificar;999;Sin especificar;6;Se desconoce;1;Seco y limpio;1;Luz del día natural, solar;1;Despejado;;;;;18;Se desconoce;998;No aplica;4;Se desconoce;4.135.958;2.099.704;POINT (2.099704 41.35958)
33276;2017;12;Diciembre;4;JUEVES;9;11;Cádiz;11005;Algodonales;;No aplica;1;Carretera;1;VÍAS INTERURBANAS;A-384;42.95;2;Descendente;2;Autonómica;6;Carretera Convencional de calzada única;2;Fronto-lateral                                     ;0;0;2;2;0;0;2;2;2;0;0;0;0;0;0;0;0;0;0;0;0;0;0;0;0;0;0;0;0;0;0;1;En intersección o nudo;2;En T o Y;CA-9101;0;No;0;No;0;No;0;No;0;No;1;Sí;0;No;0;No;0;No;0;No;0;No;0;No;0;No;1;Nivel blanco;1;Seco y limpio;1;Luz del día natural, solar;1;Despejado;;;;;1;Buena visibilidad;998;No aplica;2;Curva señalizada;3.688.092;-5.405.773;POINT (-5.405773 36.88092)
36890;2021;4;Abril;6;SÁBADO;11;20;Gipuzkoa;20040;Hernani;;No aplica;1;Carretera;1;VÍAS INTERURBANAS;GI-3410;9;2;Descendente;3;Provincial, Cabildo/Consell;6;Carretera Convencional de calzada única;10;Caída                                              ;0;0;1;1;0;0;1;1;1;0;0;0;0;0;0;0;0;0;0;0;0;0;0;0;0;0;0;0;0;0;0;2;Fuera de intersección o nudo;;;;999;Sin especificar;999;Sin especificar;999;Sin especificar;999;Sin especificar;999;Sin especificar;999;Sin especificar;999;Sin especificar;999;Sin especificar;999;Sin especificar;999;Sin especificar;999;Sin especificar;999;Sin especificar;999;Sin especificar;1;Nivel blanco;1;Seco y limpio;1;Luz del día natural, solar;1;Despejado;;;;;1;Buena visibilidad;998;No aplica;3;Curva sin señalizar;4.326.755;-1.975.814;POINT (-1.975814 43.26755)
65525;2020;8;Agosto;3;MIÉRCOLES;6;46;Valencia/València;46213;Requena;;No aplica;1;Carretera;1;VÍAS INTERURBANAS;N-III;275.5;2;Descendente;1;Estatal;6;Carretera Convencional de calzada única;9;Vuelco                                             ;0;0;1;1;0;0;1;1;1;0;0;0;0;0;0;0;0;0;0;0;0;0;0;0;0;0;0;0;0;0;0;1;En intersección o nudo;4;Glorieta;;0;No;0;No;0;No;0;No;0;No;0;No;0;No;1;Sí;0;No;0;No;0;No;0;No;0;No;2;Nivel verde;3;Mojado;2;Amanecer o atardecer, sin luz artificial;1;Despejado;;;;;1;Buena visibilidad;998;No aplica;2;Curva señalizada;3.948.788;-1.100.322;POINT (-1.100322 39.48788)
34240;2019;6;Junio;5;VIERNES;10;11;Cádiz;11033;San Roque;;No aplica;1;Carretera;1;VÍAS INTERURBANAS;A-7;115;1;Ascendente;1;Estatal;3;Autovía;3;Lateral                                            ;0;0;1;1;0;0;1;1;2;0;0;0;0;0;0;0;0;0;0;0;0;0;0;0;0;0;0;0;0;0;0;1;En intersección o nudo;10;Enlace con carriles de cambio de velocidad paralelos al tronco;;0;No;0;No;0;No;1;Sí;0;No;0;No;0;No;0;No;0;No;0;No;0;No;0;No;0;No;1;Nivel blanco;1;Seco y limpio;1;Luz del día natural, solar;1;Despejado;;;;;4;Configuración del terreno;998;No aplica;2;Curva señalizada;3.620.975;-5.384.572;POINT (-5.384572 36.20975)
40115;2019;7;Julio;5;VIERNES;9;17;Girona;0;;;No aplica;1;Carretera;1;VÍAS INTERURBANAS;GI-533;15;4;Se desconoce;4;Municipal;5;Carretera Convencional de doble calzada;4;Por alcance                                        ;0;0;1;1;0;0;1;1;2;0;0;0;0;0;0;0;0;0;0;0;0;0;0;0;0;0;0;0;0;0;0;1;En intersección o nudo;2;En T o Y;;1;Sí;0;No;0;No;0;No;0;No;0;No;0;No;0;No;0;No;0;No;0;No;0;No;0;No;6;Se desconoce;1;Seco y limpio;1;Luz del día natural, solar;1;Despejado;;;;;18;Se desconoce;998;No aplica;4;Se desconoce;4.188.925;271.105;POINT (2.71105 41.88925)
29013;2021;10;Octubre;3;MIÉRCOLES;18;12;Castellón/Castelló;12135;Vila-real;;No aplica;1;Carretera;1;VÍAS INTERURBANAS;N-340;966.531;1;Ascendente;1;Estatal;6;Carretera Convencional de calzada única;4;Por alcance                                        ;0;0;2;2;0;0;2;2;2;0;0;0;0;0;0;0;0;0;0;0;0;0;0;0;0;0;0;0;0;0;0;2;Fuera de intersección o nudo;;;;999;Sin especificar;999;Sin especificar;999;Sin especificar;999;Sin especificar;999;Sin especificar;999;Sin especificar;999;Sin especificar;999;Sin especificar;999;Sin especificar;999;Sin especificar;999;Sin especificar;999;Sin especificar;999;Sin especificar;3;Nivel amarillo;1;Seco y limpio;1;Luz del día natural, solar;1;Despejado;;;;;18;Se desconoce;998;No aplica;1;Recta;3.992.666;-0.0981;POINT (-0.0981 39.92666)
88454;2016;5;Mayo;5;VIERNES;7;43;Tarragona;43038;Cambrils;;No aplica;1;Carretera;1;VÍAS INTERURBANAS;AP-7;264;4;Se desconoce;1;Estatal;1;Autopista de peaje;19;Salida de la vía por la derecha otro tipo          ;0;0;1;1;0;0;1;1;1;0;0;0;0;0;0;0;0;0;0;0;0;0;0;0;0;0;0;0;0;0;0;2;Fuera de intersección o nudo;;;;999;Sin especificar;999;Sin especificar;999;Sin especificar;999;Sin especificar;999;Sin especificar;999;Sin especificar;999;Sin especificar;999;Sin especificar;999;Sin especificar;999;Sin especificar;999;Sin especificar;999;Sin especificar;999;Sin especificar;6;Se desconoce;1;Seco y limpio;2;Amanecer o atardecer, sin luz artificial;1;Despejado;;;;;18;Se desconoce;998;No aplica;4;Se desconoce;4.106.705;1.056.419;POINT (1.056419 41.06705)