secuencial;anyo;mes;nombre_mes;dia_semana;nombre_dia_semana;hora;cod_provincia;nombre_provincia;cod_municipio;nombre_codigo_municipio;isla;nombre_isla;zona;nombre_zona;zona_agrupada;nombre_zona_agrupada;carretera;km;sentido_1f;nombre_sentido;titularidad_via;nombre_titularidad_via;tipo_via;nombre_tipo_via;tipo_accidente;nombre_tipo_accidente;total_mu24h;total_hg24h;total_hl24h;total_victimas_24h;total_mu30df;total_hg30df;total_hl30df;total_victimas_30df;total_vehiculos;tot_peat_mu24h;tot_bici_mu24h;tot_ciclo_mu24h;tot_moto_mu24h;tot_tur_mu24h;tot_furg_mu24h;tot_cam_menos3500_mu24h;tot_cam_mas3500_mu24h;tot_bus_mu24h;tot_otro_mu24h;tot_sinespecif_mu24h;tot_peat_mu30df;tot_bici_mu30df;tot_ciclo_mu30df;tot_moto_mu30df;tot_tur_mu30df;tot_furg_mu30df;tot_cam_menos3500_mu30df;tot_cam_mas3500_mu30df;tot_bus_mu30df;tot_otro_mu30df;tot_sinespecif_mu30df;nudo;nombre_nudo;nudo_info;nombre_nudo_info;carretera_cruce;priori_norma;nombre_priori_norma;priori_agente;nombre_priori_agente;priori_semaforo;nombre_priori_semaforo;priori_vert_stop;nombre_priori_vert_stop;priori_vert_ceda;nombre_priori_priori_vert_ceda;priori_horiz_stop;nombre_priori_horiz_stop;priori_horiz_ceda;nombre_priori_horiz_ceda;priori_marcas;nombre_priori_marcas;priori_pea_no_elev;nombre_priori_pea_no_elev;priori_pea_elev;nombre_priori_pea_elev;priori_marca_ciclos;nombre_priori_marca_ciclos;priori_circunstancial;nombre_priori_circunstancial;priori_otra;nombre_priori_otra;condicion_nivel_circula;nombre_condicion_nivel_circula;condicion_firme;nombre_condicion_firme;condicion_iluminacion;nombre_condicion_iluminacion;condicion_meteo;nombre_condicion_meteo;condicion_niebla;nombre_condicion_niebla;condicion_viento;nombre_condicion_viento;visib_restringida_por;nombre_visib_restringida_por;acera;nombre_acera;trazado_planta;nombre_trazado_planta;latitud;longitud;geom
75822;2018;7;Julio;7;DOMINGO;3;33;Asturias;33026;Grado;;No aplica;1;Carretera;1;VÍAS INTERURBANAS;N-634;429.6;2;Descendente;1;Estatal;6;Carretera Convencional de calzada única;8;Atropello a animales                               ;0;0;1;1;0;0;1;1;1;0;0;0;0;0;0;0;0;0;0;0;0;0;0;0;0;0;0;0;0;0;0;2;Fuera de intersección o nudo;;;;999;Sin especificar;999;Sin especificar;999;Sin especificar;999;Sin especificar;999;Sin especificar;999;Sin especificar;999;Sin especificar;999;Sin especificar;999;Sin especificar;999;Sin especificar;999;Sin especificar;999;Sin especificar;999;Sin especificar;1;Nivel blanco;1;Seco y limpio;4;Sin luz natural y con iluminación artificial encen;1;Despejado;;;;;1;Buena visibilidad;998;No aplica;1;Recta;4.338.855;-606.973;POINT (-6.06973 43.38855)
2569;2020;11;Noviembre;5;VIERNES;18;3;Alicante/Alacant;3094;Nucia, la;;No aplica;1;Carretera;1;VÍAS INTERURBANAS;CV-70;44.4;2;Descendente;2;Autonómica;5;Carretera Convencional de doble calzada;7;Atropello a personas                               ;0;1;0;1;0;1;0;1;1;0;0;0;0;0;0;0;0;0;0;0;0;0;0;0;0;0;0;0;0;0;0;1;En intersección o nudo;4;Glorieta;;0;No;0;No;0;No;0;No;0;No;0;No;0;No;0;No;1;Sí;0;No;0;No;0;No;0;No;1;Nivel blanco;3;Mojado;4;Sin luz natural y con iluminación artificial encen;3;Lluvia débil;;;;;1;Buena visibilidad;4;Elevada;1;Recta;3.861.438;-0.1257095;POINT (-0.1257095 38.61438)
7659;2017;5;Mayo;3;MIÉRCOLES;19;7;Balears, Illes;7026;Eivissa;3;Ibiza;1;Carretera;1;VÍAS INTERURBANAS;EI-20;2.3;1;Ascendente;3;Provincial, Cabildo/Consell;5;Carretera Convencional de doble calzada;4;Por alcance                                        ;0;0;2;2;0;0;2;2;2;0;0;0;0;0;0;0;0;0;0;0;0;0;0;0;0;0;0;0;0;0;0;2;Fuera de intersección o nudo;;;;999;Sin especificar;999;Sin especificar;999;Sin especificar;999;Sin especificar;999;Sin especificar;999;Sin especificar;999;Sin especificar;999;Sin especificar;999;Sin especificar;999;Sin especificar;999;Sin especificar;999;Sin especificar;999;Sin especificar;1;Nivel blanco;1;Seco y limpio;1;Luz del día natural, solar;1;Despejado;;;;;1;Buena visibilidad;998;No aplica;1;Recta;3.890.886;1.432.378;POINT (1.432378 38.90886)
14406;2019;7;Julio;4;JUEVES;16;8;Barcelona;8009;Argentona;;No aplica;1;Carretera;1;VÍAS INTERURBANAS;C-32;99.5;4;Se desconoce;4;Municipal;1;Autopista de peaje;3;Lateral                                            ;0;0;1;1;0;0;1;1;2;0;0;0;0;0;0;0;0;0;0;0;0;0;0;0;0;0;0;0;0;0;0;2;Fuera de intersección o nudo;;;;999;Sin especificar;999;Sin especificar;999;Sin especificar;999;Sin especificar;999;Sin especificar;999;Sin especificar;999;Sin especificar;999;Sin especificar;999;Sin especificar;999;Sin especificar;999;Sin especificar;999;Sin especificar;999;Sin especificar;6;Se desconoce;1;Seco y limpio;1;Luz del día natural, solar;1;Despejado;;;;;18;Se desconoce;998;No aplica;4;Se desconoce;415.375;2.445.278;POINT (2.445278 41.5375)
47578;2017;9;Septiembre;7;DOMINGO;8;22;Huesca;22048;Barbastro;;No aplica;1;Carretera;1;VÍAS INTERURBANAS;N-240;163.6;1;Ascendente;1;Estatal;6;Carretera Convencional de calzada única;16;Salida de la vía por la derecha con colisión       ;0;0;1;1;0;0;1;1;1;0;0;0;0;0;0;0;0;0;0;0;0;0;0;0;0;0;0;0;0;0;0;2;Fuera de intersección o nudo;;;;999;Sin especificar;999;Sin especificar;999;Sin especificar;999;Sin especificar;999;Sin especificar;999;Sin especificar;999;Sin especificar;999;Sin especificar;999;Sin especificar;999;Sin especificar;999;Sin especificar;999;Sin especificar;999;Sin especificar;1;Nivel blanco;1;Seco y limpio;1;Luz del día natural, solar;1;Despejado;;;;;1;Buena visibilidad;998;No aplica;2;Curva señalizada;420.348;0.1239805;POINT (0.1239805 42.0348)
7771;2019;8;Agosto;2;MARTES;7;7;Balears, Illes;7036;Marratxí;1;Mallorca;1;Carretera;1;VÍAS INTERURBANAS;Ma-13;7.5;2;Descendente;5;Otra;1;Autopista de peaje;15;Salida de la vía por la izquierda, otro tipo       ;0;0;1;1;0;0;1;1;1;0;0;0;0;0;0;0;0;0;0;0;0;0;0;0;0;0;0;0;0;0;0;2;Fuera de intersección o nudo;;;;999;Sin especificar;999;Sin especificar;999;Sin especificar;999;Sin especificar;999;Sin especificar;999;Sin especificar;999;Sin especificar;999;Sin especificar;999;Sin especificar;999;Sin especificar;999;Sin especificar;999;Sin especificar;999;Sin especificar;2;Nivel verde;3;Mojado;2;Amanecer o atardecer, sin luz artificial;3;Lluvia débil;;;;;1;Buena visibilidad;998;No aplica;1;Recta;3.964.213;2.752.193;POINT (2.752193 39.64213)
10112;2020;9;Septiembre;2;MARTES;18;8;Barcelona;8114;Martorell;;No aplica;1;Carretera;1;VÍAS INTERURBANAS;AP-7;171;2;Descendente;1;Estatal;1;Autopista de peaje;6;Colisión contra obstáculo o elemento de la vía     ;0;1;1;2;0;1;1;2;1;0;0;0;0;0;0;0;0;0;0;0;0;0;0;0;0;0;0;0;0;0;0;2;Fuera de intersección o nudo;;;;999;Sin especificar;999;Sin especificar;999;Sin especificar;999;Sin especificar;999;Sin especificar;999;Sin especificar;999;Sin especificar;999;Sin especificar;999;Sin especificar;999;Sin especificar;999;Sin especificar;999;Sin especificar;999;Sin especificar;2;Nivel verde;1;Seco y limpio;1;Luz del día natural, solar;1;Despejado;;;;;18;Se desconoce;998;No aplica;1;Recta;4.147.355;1.927.682;POINT (1.927682 41.47355)
98397;2018;4;Abril;2;MARTES;18;50;Zaragoza;50297;Zaragoza;;No aplica;1;Carretera;1;VÍAS INTERURBANAS;Z-40;13.6;2;Descendente;1;Estatal;3;Autovía;4;Por alcance                                        ;0;0;1;1;0;0;1;1;2;0;0;0;0;0;0;0;0;0;0;0;0;0;0;0;0;0;0;0;0;0;0;2;Fuera de intersección o nudo;;;;999;Sin especificar;999;Sin especificar;999;Sin especificar;999;Sin especificar;999;Sin especificar;999;Sin especificar;999;Sin especificar;999;Sin especificar;999;Sin especificar;999;Sin especificar;999;Sin especificar;999;Sin especificar;999;Sin especificar;1;Nivel blanco;1;Seco y limpio;1;Luz del día natural, solar;1;Despejado;;;;;1;Buena visibilidad;998;No aplica;1;Recta;4.165.629;-0.8765379;POINT (-0.8765379 41.65629)
81119;2018;9;Septiembre;4;JUEVES;16;38;Santa Cruz de Tenerife;38022;Icod de los Vinos;10;Tenerife;1;Carretera;1;VÍAS INTERURBANAS;TF-373;5.7;2;Descendente;3;Provincial, Cabildo/Consell;6;Carretera Convencional de calzada única;13;Salida de la vía por la izquierda con despeñamiento;0;0;3;3;0;0;3;3;1;0;0;0;0;0;0;0;0;0;0;0;0;0;0;0;0;0;0;0;0;0;0;2;Fuera de intersección o nudo;;;;999;Sin especificar;999;Sin especificar;999;Sin especificar;999;Sin especificar;999;Sin especificar;999;Sin especificar;999;Sin especificar;999;Sin especificar;999;Sin especificar;999;Sin especificar;999;Sin especificar;999;Sin especificar;999;Sin especificar;1;Nivel blanco;1;Seco y limpio;1;Luz del día natural, solar;1;Despejado;;;;;4;Configuración del terreno;998;No aplica;3;Curva sin señalizar;2.836.761;-1.671.886;POINT (-16.71886 28.36761)
49180;2016;5;Mayo;1;LUNES;23;24;León;24089;León;;No aplica;1;Carretera;1;VÍAS INTERURBANAS;LE-30;1.5;1;Ascendente;1;Estatal;3;Autovía;9;Vuelco                                             ;0;0;1;1;0;0;1;1;1;0;0;0;0;0;0;0;0;0;0;0;0;0;0;0;0;0;0;0;0;0;0;2;Fuera de intersección o nudo;;;;999;Sin especificar;999;Sin especificar;999;Sin especificar;999;Sin especificar;999;Sin especificar;999;Sin especificar;999;Sin especificar;999;Sin especificar;999;Sin especificar;999;Sin especificar;999;Sin especificar;999;Sin especificar;999;Sin especificar;1;Nivel blanco;1;Seco y limpio;4;Sin luz natural y con iluminación artificial encen;1;Despejado;;;;;999;Sin especificar;998;No aplica;3;Curva sin señalizar;4.259.988;-5.571.752;POINT (-5.571752 42.59988)
10448;2017;8;Agosto;2;MARTES;16;7;Balears, Illes;7054;Santa Eulària des Riu;3;Ibiza;1;Carretera;1;VÍAS INTERURBANAS;EI-200;15.95;1;Ascendente;3;Provincial, Cabildo/Consell;6;Carretera Convencional de calzada única;18;Salida de la vía por la derecha con vuelco         ;0;0;1;1;0;0;1;1;1;0;0;0;0;0;0;0;0;0;0;0;0;0;0;0;0;0;0;0;0;0;0;2;Fuera de intersección o nudo;;;;999;Sin especificar;999;Sin especificar;999;Sin especificar;999;Sin especificar;999;Sin especificar;999;Sin especificar;999;Sin especificar;999;Sin especificar;999;Sin especificar;999;Sin especificar;999;Sin especificar;999;Sin especificar;999;Sin especificar;1;Nivel blanco;1;Seco y limpio;1;Luz del día natural, solar;1;Despejado;;;;;1;Buena visibilidad;998;No aplica;2;Curva señalizada;3.898.257;1.530.198;POINT (1.530198 38.98257)
1608;2019;7;Julio;5;VIERNES;4;2;Albacete;2069;Roda, La;;No aplica;1;Carretera;1;VÍAS INTERURBANAS;A-31;46.45;1;Ascendente;1;Estatal;3;Autovía;4;Por alcance                                        ;0;0;9;9;0;0;9;9;2;0;0;0;0;0;0;0;0;0;0;0;0;0;0;0;0;0;0;0;0;0;0;2;Fuera de intersección o nudo;;;;999;Sin especificar;999;Sin especificar;999;Sin especificar;999;Sin especificar;999;Sin especificar;999;Sin especificar;999;Sin especificar;999;Sin especificar;999;Sin especificar;999;Sin especificar;999;Sin especificar;999;Sin especificar;999;Sin especificar;1;Nivel blanco;1;Seco y limpio;6;Sin luz natural ni artificial;1;Despejado;;;;;1;Buena visibilidad;998;No aplica;1;Recta;390.013;-1.868.604;POINT (-1.868604 39.0013)
10592;2018;1;Enero;3;MIÉRCOLES;17;8;Barcelona;8101;Hospitalet de Llobregat, L';;No aplica;1;Carretera;1;VÍAS INTERURBANAS;B-10;19;4;Se desconoce;1;Estatal;3;Autovía;3;Lateral                                            ;0;0;1;1;0;0;1;1;2;0;0;0;0;0;0;0;0;0;0;0;0;0;0;0;0;0;0;0;0;0;0;2;Fuera de intersección o nudo;;;;999;Sin especificar;999;Sin especificar;999;Sin especificar;999;Sin especificar;999;Sin especificar;999;Sin especificar;999;Sin especificar;999;Sin especificar;999;Sin especificar;999;Sin especificar;999;Sin especificar;999;Sin especificar;999;Sin especificar;6;Se desconoce;1;Seco y limpio;1;Luz del día natural, solar;1;Despejado;;;;;18;Se desconoce;998;No aplica;4;Se desconoce;4.133.047;2.093.149;POINT (2.093149 41.33047)
2085;2016;5;Mayo;2;MARTES;7;3;Alicante/Alacant;3024;Benejúzar;;No aplica;1;Carretera;1;VÍAS INTERURBANAS;CV-91;8;2;Descendente;2;Autonómica;6;Carretera Convencional de calzada única;3;Lateral                                            ;0;0;1;1;0;0;1;1;2;0;0;0;0;0;0;0;0;0;0;0;0;0;0;0;0;0;0;0;0;0;0;1;En intersección o nudo;4;Glorieta;;0;No;0;No;0;No;0;No;1;Sí;0;No;0;No;0;No;0;No;0;No;0;No;0;No;0;No;1;Nivel blanco;3;Mojado;1;Luz del día natural, solar;3;Lluvia débil;;;;;999;Sin especificar;998;No aplica;2;Curva señalizada;3.808.395;-0.9447829;POINT (-0.9447829 38.08395)
82347;2021;3;Marzo;3;MIÉRCOLES;17;48;Bizkaia;48083;Ortuella;;No aplica;1;Carretera;1;VÍAS INTERURBANAS;A-8;128.1;2;Descendente;3;Provincial, Cabildo/Consell;8;Ramal de enlace;6;Colisión contra obstáculo o elemento de la vía     ;0;0;1;1;0;0;1;1;1;0;0;0;0;0;0;0;0;0;0;0;0;0;0;0;0;0;0;0;0;0;0;1;En intersección o nudo;999;Sin especificar;;0;No;0;No;0;No;0;No;1;Sí;0;No;1;Sí;0;No;0;No;0;No;0;No;0;No;0;No;2;Nivel verde;1;Seco y limpio;1;Luz del día natural, solar;1;Despejado;;;;;1;Buena visibilidad;998;No aplica;1;Recta;4.331.137;-3.055.952;POINT (-3.055952 43.31137)
96793;2019;8;Agosto;4;JUEVES;22;48;Bizkaia;0;;;No aplica;1;Carretera;1;VÍAS INTERURBANAS;N-634;71.3;1;Ascendente;3;Provincial, Cabildo/Consell;6;Carretera Convencional de calzada única;19;Salida de la vía por la derecha otro tipo          ;0;0;2;2;0;0;2;2;1;0;0;0;0;0;0;0;0;0;0;0;0;0;0;0;0;0;0;0;0;0;0;2;Fuera de intersección o nudo;;;;999;Sin especificar;999;Sin especificar;999;Sin especificar;999;Sin especificar;999;Sin especificar;999;Sin especificar;999;Sin especificar;999;Sin especificar;999;Sin especificar;999;Sin especificar;999;Sin especificar;999;Sin especificar;999;Sin especificar;1;Nivel blanco;1;Seco y limpio;6;Sin luz natural ni artificial;1;Despejado;;;;;1;Buena visibilidad;998;No aplica;3;Curva sin señalizar;4.317.788;-253.752;POINT (-2.53752 43.17788)
78367;2017;11;Noviembre;3;MIÉRCOLES;18;36;Pontevedra;36039;Porriño, O;;No aplica;1;Carretera;1;VÍAS INTERURBANAS;A-55;18;1;Ascendente;1;Estatal;3;Autovía;4;Por alcance                                        ;0;0;6;6;0;0;6;6;3;0;0;0;0;0;0;0;0;0;0;0;0;0;0;0;0;0;0;0;0;0;0;2;Fuera de intersección o nudo;;;;999;Sin especificar;999;Sin especificar;999;Sin especificar;999;Sin especificar;999;Sin especificar;999;Sin especificar;999;Sin especificar;999;Sin especificar;999;Sin especificar;999;Sin especificar;999;Sin especificar;999;Sin especificar;999;Sin especificar;2;Nivel verde;1;Seco y limpio;1;Luz del día natural, solar;1;Despejado;;;;;1;Buena visibilidad;998;No aplica;1;Recta;4.216.036;-8.619.299;POINT (-8.619299 42.16036)
95846;2018;12;Diciembre;3;MIÉRCOLES;9;48;Bizkaia;0;;;No aplica;1;Carretera;1;VÍAS INTERURBANAS;BI-3238;50.3;1;Ascendente;3;Provincial, Cabildo/Consell;6;Carretera Convencional de calzada única;10;Caída                                              ;0;1;0;1;0;1;0;1;1;0;0;0;0;0;0;0;0;0;0;0;0;0;0;0;0;0;0;0;0;0;0;2;Fuera de intersección o nudo;;;;999;Sin especificar;999;Sin especificar;999;Sin especificar;999;Sin especificar;999;Sin especificar;999;Sin especificar;999;Sin especificar;999;Sin especificar;999;Sin especificar;999;Sin especificar;999;Sin especificar;999;Sin especificar;999;Sin especificar;1;Nivel blanco;1;Seco y limpio;1;Luz del día natural, solar;1;Despejado;;;;;1;Buena visibilidad;998;No aplica;1;Recta;4.337.113;-257.947;POINT (-2.57947 43.37113)
36908;2017;4;Abril;6;SÁBADO;19;13;Ciudad Real;0;;;No aplica;1;Carretera;1;VÍAS INTERURBANAS;CR-4171;16.3;2;Descendente;3;Provincial, Cabildo/Consell;6;Carretera Convencional de calzada única;14;Salida de la vía por la izquierda con vuelco       ;0;0;1;1;0;0;1;1;1;0;0;0;0;0;0;0;0;0;0;0;0;0;0;0;0;0;0;0;0;0;0;2;Fuera de intersección o nudo;;;;999;Sin especificar;999;Sin especificar;999;Sin especificar;999;Sin especificar;999;Sin especificar;999;Sin especificar;999;Sin especificar;999;Sin especificar;999;Sin especificar;999;Sin especificar;999;Sin especificar;999;Sin especificar;999;Sin especificar;1;Nivel blanco;2;Con barro o gravilla suelta;1;Luz del día natural, solar;1;Despejado;;;;;1;Buena visibilidad;998;No aplica;2;Curva señalizada;3.890.903;-417.122;POINT (-4.17122 38.90903)
41774;2019;8;Agosto;6;SÁBADO;17;18;Granada;18084;Gójar;;No aplica;1;Carretera;1;VÍAS INTERURBANAS;GR-3209;5.6;1;Ascendente;3;Provincial, Cabildo/Consell;6;Carretera Convencional de calzada única;15;Salida de la vía por la izquierda, otro tipo       ;0;0;4;4;0;0;4;4;1;0;0;0;0;0;0;0;0;0;0;0;0;0;0;0;0;0;0;0;0;0;0;2;Fuera de intersección o nudo;;;;999;Sin especificar;999;Sin especificar;999;Sin especificar;999;Sin especificar;999;Sin especificar;999;Sin especificar;999;Sin especificar;999;Sin especificar;999;Sin especificar;999;Sin especificar;999;Sin especificar;999;Sin especificar;999;Sin especificar;1;Nivel blanco;1;Seco y limpio;1;Luz del día natural, solar;1;Despejado;;;;;1;Buena visibilidad;998;No aplica;2;Curva señalizada;3.710.443;-3.606.203;POINT (-3.606203 37.10443)
80078;2021;10;Octubre;4;JUEVES;20;46;Valencia/València;46184;Ontinyent;;No aplica;1;Carretera;1;VÍAS INTERURBANAS;CV-665;0.8;3;Ambos;3;Provincial, Cabildo/Consell;6;Carretera Convencional de calzada única;9;Vuelco                                             ;0;0;1;1;0;0;1;1;2;0;0;0;0;0;0;0;0;0;0;0;0;0;0;0;0;0;0;0;0;0;0;1;En intersección o nudo;2;En T o Y;;1;Sí;0;No;0;No;0;No;0;No;0;No;0;No;0;No;0;No;0;No;0;No;0;No;0;No;1;Nivel blanco;1;Seco y limpio;5;Sin luz natural y con iluminación artificial no en;1;Despejado;;;;;1;Buena visibilidad;998;No aplica;1;Recta;3.882.784;-0.62573;POINT (-0.62573 38.82784)
51249;2017;4;Abril;1;LUNES;15;26;Rioja, La;0;;;No aplica;1;Carretera;1;VÍAS INTERURBANAS;N-124;39;2;Descendente;1;Estatal;6;Carretera Convencional de calzada única;2;Fronto-lateral                                     ;0;0;1;1;0;0;1;1;2;0;0;0;0;0;0;0;0;0;0;0;0;0;0;0;0;0;0;0;0;0;0;1;En intersección o nudo;2;En T o Y;N-232;0;No;0;No;0;No;1;Sí;0;No;1;Sí;0;No;0;No;0;No;0;No;0;No;0;No;0;No;1;Nivel blanco;1;Seco y limpio;1;Luz del día natural, solar;1;Despejado;;;;;1;Buena visibilidad;998;No aplica;2;Curva señalizada;4.257.721;-2.846.298;POINT (-2.846298 42.57721)
8261;2018;11;Noviembre;2;MARTES;19;7;Balears, Illes;7036;Marratxí;1;Mallorca;1;Carretera;1;VÍAS INTERURBANAS;Ma-13A;8.8;1;Ascendente;3;Provincial, Cabildo/Consell;6;Carretera Convencional de calzada única;10;Caída                                              ;0;0;1;1;0;0;1;1;1;0;0;0;0;0;0;0;0;0;0;0;0;0;0;0;0;0;0;0;0;0;0;2;Fuera de intersección o nudo;;;;999;Sin especificar;999;Sin especificar;999;Sin especificar;999;Sin especificar;999;Sin especificar;999;Sin especificar;999;Sin especificar;999;Sin especificar;999;Sin especificar;999;Sin especificar;999;Sin especificar;999;Sin especificar;999;Sin especificar;2;Nivel verde;8;Otra;6;Sin luz natural ni artificial;1;Despejado;;;;;1;Buena visibilidad;998;No aplica;1;Recta;3.964.213;2.752.193;POINT (2.752193 39.64213)
17109;2016;12;Diciembre;2;MARTES;20;8;Barcelona;8101;Hospitalet de Llobregat, L';;No aplica;1;Carretera;1;VÍAS INTERURBANAS;C-31;198;4;Se desconoce;4;Municipal;3;Autovía;4;Por alcance                                        ;0;0;2;2;0;0;2;2;3;0;0;0;0;0;0;0;0;0;0;0;0;0;0;0;0;0;0;0;0;0;0;2;Fuera de intersección o nudo;;;;999;Sin especificar;999;Sin especificar;999;Sin especificar;999;Sin especificar;999;Sin especificar;999;Sin especificar;999;Sin especificar;999;Sin especificar;999;Sin especificar;999;Sin especificar;999;Sin especificar;999;Sin especificar;999;Sin especificar;6;Se desconoce;3;Mojado;4;Sin luz natural y con iluminación artificial encen;3;Lluvia débil;;;;;18;Se desconoce;998;No aplica;4;Se desconoce;4.135.958;2.099.704;POINT (2.099704 41.35958)
32543;2017;12;Diciembre;1;LUNES;18;10;Cáceres;0;;;No aplica;1;Carretera;1;VÍAS INTERURBANAS;CC-58;0.7;1;Ascendente;3;Provincial, Cabildo/Consell;6;Carretera Convencional de calzada única;4;Por alcance                                        ;0;0;1;1;0;0;1;1;2;0;0;0;0;0;0;0;0;0;0;0;0;0;0;0;0;0;0;0;0;0;0;2;Fuera de intersección o nudo;;;;999;Sin especificar;999;Sin especificar;999;Sin especificar;999;Sin especificar;999;Sin especificar;999;Sin especificar;999;Sin especificar;999;Sin especificar;999;Sin especificar;999;Sin especificar;999;Sin especificar;999;Sin especificar;999;Sin especificar;1;Nivel blanco;1;Seco y limpio;6;Sin luz natural ni artificial;1;Despejado;;;;;1;Buena visibilidad;998;No aplica;3;Curva sin señalizar;4.022.698;-594.707;POINT (-5.94707 40.22698)
50514;2016;9;Septiembre;6;SÁBADO;15;25;Lleida;0;;;No aplica;1;Carretera;1;VÍAS INTERURBANAS;A-2;477;4;Se desconoce;1;Estatal;3;Autovía;3;Lateral                                            ;0;0;2;2;0;0;2;2;2;0;0;0;0;0;0;0;0;0;0;0;0;0;0;0;0;0;0;0;0;0;0;2;Fuera de intersección o nudo;;;;999;Sin especificar;999;Sin especificar;999;Sin especificar;999;Sin especificar;999;Sin especificar;999;Sin especificar;999;Sin especificar;999;Sin especificar;999;Sin especificar;999;Sin especificar;999;Sin especificar;999;Sin especificar;999;Sin especificar;6;Se desconoce;1;Seco y limpio;1;Luz del día natural, solar;1;Despejado;;;;;18;Se desconoce;998;No aplica;4;Se desconoce;4.163.251;0.74328;POINT (0.74328 41.63251)
67470;2020;11;Noviembre;3;MIÉRCOLES;21;47;Valladolid;47186;Valladolid;;No aplica;1;Carretera;1;VÍAS INTERURBANAS;VA-30;18.3;1;Ascendente;1;Estatal;3;Autovía;4;Por alcance                                        ;0;0;3;3;0;0;3;3;2;0;0;0;0;0;0;0;0;0;0;0;0;0;0;0;0;0;0;0;0;0;0;2;Fuera de intersección o nudo;;;;999;Sin especificar;999;Sin especificar;999;Sin especificar;999;Sin especificar;999;Sin especificar;999;Sin especificar;999;Sin especificar;999;Sin especificar;999;Sin especificar;999;Sin especificar;999;Sin especificar;999;Sin especificar;999;Sin especificar;2;Nivel verde;3;Mojado;4;Sin luz natural y con iluminación artificial encen;3;Lluvia débil;;;;;1;Buena visibilidad;998;No aplica;1;Recta;4.165.295;-4.728.388;POINT (-4.728388 41.65295)
12544;2017;3;Marzo;3;MIÉRCOLES;13;8;Barcelona;8181;Roca del Vallès, La;;No aplica;1;Carretera;1;VÍAS INTERURBANAS;C-352;20.2;4;Se desconoce;4;Municipal;3;Autovía;19;Salida de la vía por la derecha otro tipo          ;0;0;3;3;0;0;3;3;3;0;0;0;0;0;0;0;0;0;0;0;0;0;0;0;0;0;0;0;0;0;0;2;Fuera de intersección o nudo;;;;999;Sin especificar;999;Sin especificar;999;Sin especificar;999;Sin especificar;999;Sin especificar;999;Sin especificar;999;Sin especificar;999;Sin especificar;999;Sin especificar;999;Sin especificar;999;Sin especificar;999;Sin especificar;999;Sin especificar;6;Se desconoce;1;Seco y limpio;1;Luz del día natural, solar;1;Despejado;;;;;18;Se desconoce;998;No aplica;4;Se desconoce;4.159.053;2.326.258;POINT (2.326258 41.59053)
83124;2019;11;Noviembre;6;SÁBADO;13;39;Cantabria;39035;Laredo;;No aplica;1;Carretera;1;VÍAS INTERURBANAS;A-8;171;1;Ascendente;1;Estatal;3;Autovía;12;Salida de la vía por la izquierda con colisión     ;0;0;4;4;0;0;4;4;5;0;0;0;0;0;0;0;0;0;0;0;0;0;0;0;0;0;0;0;0;0;0;2;Fuera de intersección o nudo;;;;999;Sin especificar;999;Sin especificar;999;Sin especificar;999;Sin especificar;999;Sin especificar;999;Sin especificar;999;Sin especificar;999;Sin especificar;999;Sin especificar;999;Sin especificar;999;Sin especificar;999;Sin especificar;999;Sin especificar;1;Nivel blanco;3;Mojado;1;Luz del día natural, solar;3;Lluvia débil;;;;;1;Buena visibilidad;998;No aplica;1;Recta;4.341.148;-3.412.477;POINT (-3.412477 43.41148)
58752;2020;12;Diciembre;1;LUNES;18;39;Cantabria;39087;Torrelavega;;No aplica;1;Carretera;1;VÍAS INTERURBANAS;A-67;179.1;2;Descendente;1;Estatal;3;Autovía;6;Colisión contra obstáculo o elemento de la vía     ;0;0;1;1;0;0;1;1;3;0;0;0;0;0;0;0;0;0;0;0;0;0;0;0;0;0;0;0;0;0;0;2;Fuera de intersección o nudo;;;;999;Sin especificar;999;Sin especificar;999;Sin especificar;999;Sin especificar;999;Sin especificar;999;Sin especificar;999;Sin especificar;999;Sin especificar;999;Sin especificar;999;Sin especificar;999;Sin especificar;999;Sin especificar;999;Sin especificar;2;Nivel verde;3;Mojado;6;Sin luz natural ni artificial;4;Lluvia fuerte;;;;;5;Factores atmosféricos;998;No aplica;2;Curva señalizada;4.335.146;-4.047.017;POINT (-4.047017 43.35146)