secuencial;anyo;mes;nombre_mes;dia_semana;nombre_dia_semana;hora;cod_provincia;nombre_provincia;cod_municipio;nombre_codigo_municipio;isla;nombre_isla;zona;nombre_zona;zona_agrupada;nombre_zona_agrupada;carretera;km;sentido_1f;nombre_sentido;titularidad_via;nombre_titularidad_via;tipo_via;nombre_tipo_via;tipo_accidente;nombre_tipo_accidente;total_mu24h;total_hg24h;total_hl24h;total_victimas_24h;total_mu30df;total_hg30df;total_hl30df;total_victimas_30df;total_vehiculos;tot_peat_mu24h;tot_bici_mu24h;tot_ciclo_mu24h;tot_moto_mu24h;tot_tur_mu24h;tot_furg_mu24h;tot_cam_menos3500_mu24h;tot_cam_mas3500_mu24h;tot_bus_mu24h;tot_otro_mu24h;tot_sinespecif_mu24h;tot_peat_mu30df;tot_bici_mu30df;tot_ciclo_mu30df;tot_moto_mu30df;tot_tur_mu30df;tot_furg_mu30df;tot_cam_menos3500_mu30df;tot_cam_mas3500_mu30df;tot_bus_mu30df;tot_otro_mu30df;tot_sinespecif_mu30df;nudo;nombre_nudo;nudo_info;nombre_nudo_info;carretera_cruce;priori_norma;nombre_priori_norma;priori_agente;nombre_priori_agente;priori_semaforo;nombre_priori_semaforo;priori_vert_stop;nombre_priori_vert_stop;priori_vert_ceda;nombre_priori_priori_vert_ceda;priori_horiz_stop;nombre_priori_horiz_stop;priori_horiz_ceda;nombre_priori_horiz_ceda;priori_marcas;nombre_priori_marcas;priori_pea_no_elev;nombre_priori_pea_no_elev;priori_pea_elev;nombre_priori_pea_elev;priori_marca_ciclos;nombre_priori_marca_ciclos;priori_circunstancial;nombre_priori_circunstancial;priori_otra;nombre_priori_otra;condicion_nivel_circula;nombre_condicion_nivel_circula;condicion_firme;nombre_condicion_firme;condicion_iluminacion;nombre_condicion_iluminacion;condicion_meteo;nombre_condicion_meteo;condicion_niebla;nombre_condicion_niebla;condicion_viento;nombre_condicion_viento;visib_restringida_por;nombre_visib_restringida_por;acera;nombre_acera;trazado_planta;nombre_trazado_planta;latitud;longitud;geom
9415;2020;7;Julio;1;LUNES;23;8;Barcelona;8250;Santa Margarida de Montbui;;No aplica;1;Carretera;1;VÍAS INTERURBANAS;C-37;55.2;4;Se desconoce;4;Municipal;5;Carretera Convencional de doble calzada;19;Salida de la vía por la derecha otro tipo          ;0;0;1;1;0;0;1;1;1;0;0;0;0;0;0;0;0;0;0;0;0;0;0;0;0;0;0;0;0;0;0;2;Fuera de intersección o nudo;;;;999;Sin especificar;999;Sin especificar;999;Sin especificar;999;Sin especificar;999;Sin especificar;999;Sin especificar;999;Sin especificar;999;Sin especificar;999;Sin especificar;999;Sin especificar;999;Sin especificar;999;Sin especificar;999;Sin especificar;6;Se desconoce;1;Seco y limpio;6;Sin luz natural ni artificial;1;Despejado;;;;;18;Se desconoce;998;No aplica;4;Se desconoce;4.152.926;153.101;POINT (1.53101 41.52926)
86653;2021;12;Diciembre;1;LUNES;22;7;Balears, Illes;7040;Palma ;1;Mallorca;1;Carretera;1;VÍAS INTERURBANAS;Ma-6012;0;2;Descendente;3;Provincial, Cabildo/Consell;6;Carretera Convencional de calzada única;2;Fronto-lateral                                     ;0;0;2;2;0;0;2;2;2;0;0;0;0;0;0;0;0;0;0;0;0;0;0;0;0;0;0;0;0;0;0;1;En intersección o nudo;4;Glorieta;;0;No;0;No;0;No;0;No;0;No;0;No;1;Sí;0;No;0;No;0;No;0;No;0;No;0;No;1;Nivel blanco;1;Seco y limpio;4;Sin luz natural y con iluminación artificial encen;1;Despejado;;;;;1;Buena visibilidad;998;No aplica;4;Se desconoce;3.956.951;2.649.966;POINT (2.649966 39.56951)
12510;2016;4;Abril;2;MARTES;16;8;Barcelona;0;;;No aplica;1;Carretera;1;VÍAS INTERURBANAS;C-244;5;4;Se desconoce;4;Municipal;5;Carretera Convencional de doble calzada;9;Vuelco                                             ;0;0;1;1;0;0;1;1;1;0;0;0;0;0;0;0;0;0;0;0;0;0;0;0;0;0;0;0;0;0;0;2;Fuera de intersección o nudo;;;;999;Sin especificar;999;Sin especificar;999;Sin especificar;999;Sin especificar;999;Sin especificar;999;Sin especificar;999;Sin especificar;999;Sin especificar;999;Sin especificar;999;Sin especificar;999;Sin especificar;999;Sin especificar;999;Sin especificar;6;Se desconoce;1;Seco y limpio;1;Luz del día natural, solar;1;Despejado;;;;;18;Se desconoce;998;No aplica;4;Se desconoce;4.155.214;167.593;POINT (1.67593 41.55214)
1191;2020;7;Julio;6;SÁBADO;5;2;Albacete;0;;;No aplica;1;Carretera;1;VÍAS INTERURBANAS;N-430;486.3;1;Ascendente;1;Estatal;6;Carretera Convencional de calzada única;2;Fronto-lateral                                     ;0;0;2;2;0;0;2;2;2;0;0;0;0;0;0;0;0;0;0;0;0;0;0;0;0;0;0;0;0;0;0;1;En intersección o nudo;1;En X o +;CM-3135;0;No;0;No;0;No;1;Sí;0;No;1;Sí;0;No;0;No;0;No;0;No;0;No;0;No;0;No;1;Nivel blanco;1;Seco y limpio;6;Sin luz natural ni artificial;1;Despejado;;;;;1;Buena visibilidad;998;No aplica;1;Recta;390.421;-218.545;POINT (-2.18545 39.0421)
37522;2018;5;Mayo;4;JUEVES;15;15;Coruña, A;0;;;No aplica;1;Carretera;1;VÍAS INTERURBANAS;N-VI;560.4;2;Descendente;1;Estatal;6;Carretera Convencional de calzada única;16;Salida de la vía por la derecha con colisión       ;0;1;1;2;0;1;1;2;1;0;0;0;0;0;0;0;0;0;0;0;0;0;0;0;0;0;0;0;0;0;0;2;Fuera de intersección o nudo;;;;999;Sin especificar;999;Sin especificar;999;Sin especificar;999;Sin especificar;999;Sin especificar;999;Sin especificar;999;Sin especificar;999;Sin especificar;999;Sin especificar;999;Sin especificar;999;Sin especificar;999;Sin especificar;999;Sin especificar;1;Nivel blanco;1;Seco y limpio;1;Luz del día natural, solar;1;Despejado;;;;;1;Buena visibilidad;998;No aplica;2;Curva señalizada;4.321.457;-810.045;POINT (-8.10045 43.21457)
26607;2020;2;Febrero;5;VIERNES;16;17;Girona;17015;Banyoles;;No aplica;1;Carretera;1;VÍAS INTERURBANAS;C-150a;20.5;4;Se desconoce;4;Municipal;5;Carretera Convencional de doble calzada;19;Salida de la vía por la derecha otro tipo          ;0;0;3;3;0;0;3;3;1;0;0;0;0;0;0;0;0;0;0;0;0;0;0;0;0;0;0;0;0;0;0;1;En intersección o nudo;5;Glorieta partida;;0;No;0;No;0;No;0;No;0;No;0;No;0;No;0;No;0;No;0;No;0;No;0;No;1;Sí;6;Se desconoce;1;Seco y limpio;1;Luz del día natural, solar;1;Despejado;;;;;18;Se desconoce;998;No aplica;4;Se desconoce;4.211.812;2.764.747;POINT (2.764747 42.11812)
97005;2019;2;Febrero;2;MARTES;13;48;Bizkaia;0;;;No aplica;1;Carretera;1;VÍAS INTERURBANAS;BI-3242;41.1;1;Ascendente;3;Provincial, Cabildo/Consell;5;Carretera Convencional de doble calzada;6;Colisión contra obstáculo o elemento de la vía     ;0;0;1;1;0;0;1;1;1;0;0;0;0;0;0;0;0;0;0;0;0;0;0;0;0;0;0;0;0;0;0;2;Fuera de intersección o nudo;;;;999;Sin especificar;999;Sin especificar;999;Sin especificar;999;Sin especificar;999;Sin especificar;999;Sin especificar;999;Sin especificar;999;Sin especificar;999;Sin especificar;999;Sin especificar;999;Sin especificar;999;Sin especificar;999;Sin especificar;1;Nivel blanco;3;Mojado;1;Luz del día natural, solar;1;Despejado;;;;;1;Buena visibilidad;998;No aplica;2;Curva señalizada;4.331.833;-259.606;POINT (-2.59606 43.31833)
68356;2019;4;Abril;7;DOMINGO;1;29;Málaga;29067;Málaga;;No aplica;1;Carretera;1;VÍAS INTERURBANAS;A-7;240;2;Descendente;1;Estatal;3;Autovía;4;Por alcance                                        ;0;0;4;4;0;0;4;4;2;0;0;0;0;0;0;0;0;0;0;0;0;0;0;0;0;0;0;0;0;0;0;1;En intersección o nudo;2;En T o Y;MA-20;1;Sí;0;No;0;No;0;No;0;No;0;No;0;No;0;No;0;No;0;No;0;No;0;No;0;No;1;Nivel blanco;1;Seco y limpio;6;Sin luz natural ni artificial;1;Despejado;;;;;1;Buena visibilidad;998;No aplica;1;Recta;3.671.965;-4.420.019;POINT (-4.420019 36.71965)
46663;2018;11;Noviembre;6;SÁBADO;11;22;Huesca;0;;;No aplica;1;Carretera;1;VÍAS INTERURBANAS;A-2211;7.81;1;Ascendente;2;Autonómica;6;Carretera Convencional de calzada única;2;Fronto-lateral                                     ;0;1;0;1;0;1;0;1;2;0;0;0;0;0;0;0;0;0;0;0;0;0;0;0;0;0;0;0;0;0;0;1;En intersección o nudo;1;En X o +;SC22214-01;0;No;0;No;0;No;1;Sí;0;No;0;No;0;No;0;No;0;No;0;No;0;No;0;No;0;No;1;Nivel blanco;1;Seco y limpio;1;Luz del día natural, solar;1;Despejado;;;;;1;Buena visibilidad;998;No aplica;1;Recta;421.394;0.28754;POINT (0.28754 42.1394)
23192;2020;7;Julio;1;LUNES;11;12;Castellón/Castelló;12009;Almassora;;No aplica;1;Carretera;1;VÍAS INTERURBANAS;BEN-AFELI;3;1;Ascendente;4;Municipal;10;Camino vecinal;16;Salida de la vía por la derecha con colisión       ;0;2;0;2;0;2;0;2;2;0;0;0;0;0;0;0;0;0;0;0;0;0;0;0;0;0;0;0;0;0;0;2;Fuera de intersección o nudo;;;;999;Sin especificar;999;Sin especificar;999;Sin especificar;999;Sin especificar;999;Sin especificar;999;Sin especificar;999;Sin especificar;999;Sin especificar;999;Sin especificar;999;Sin especificar;999;Sin especificar;999;Sin especificar;999;Sin especificar;1;Nivel blanco;1;Seco y limpio;1;Luz del día natural, solar;1;Despejado;;;;;1;Buena visibilidad;998;No aplica;3;Curva sin señalizar;3.994.497;-0.0633176;POINT (-0.0633176 39.94497)
91262;2018;6;Junio;6;SÁBADO;2;46;Valencia/València;46250;València;;No aplica;1;Carretera;1;VÍAS INTERURBANAS;V-30;7.65;1;Ascendente;1;Estatal;3;Autovía;7;Atropello a personas                               ;1;0;1;2;1;0;1;2;1;1;0;0;0;0;0;0;0;0;0;0;1;0;0;0;0;0;0;0;0;0;0;1;En intersección o nudo;10;Enlace con carriles de cambio de velocidad paralelos al tronco;;0;No;0;No;0;No;0;No;0;No;0;No;0;No;1;Sí;0;No;0;No;0;No;0;No;0;No;1;Nivel blanco;1;Seco y limpio;5;Sin luz natural y con iluminación artificial no en;1;Despejado;;;;;1;Buena visibilidad;1;No;1;Recta;3.947.024;-0.3768049;POINT (-0.3768049 39.47024)
2543;2021;6;Junio;6;SÁBADO;8;3;Alicante/Alacant;3059;Crevillent;;No aplica;1;Carretera;1;VÍAS INTERURBANAS;A-7;528.2;2;Descendente;1;Estatal;3;Autovía;4;Por alcance                                        ;0;0;3;3;0;0;3;3;2;0;0;0;0;0;0;0;0;0;0;0;0;0;0;0;0;0;0;0;0;0;0;2;Fuera de intersección o nudo;;;;999;Sin especificar;999;Sin especificar;999;Sin especificar;999;Sin especificar;999;Sin especificar;999;Sin especificar;999;Sin especificar;999;Sin especificar;999;Sin especificar;999;Sin especificar;999;Sin especificar;999;Sin especificar;999;Sin especificar;3;Nivel amarillo;1;Seco y limpio;1;Luz del día natural, solar;1;Despejado;;;;;1;Buena visibilidad;998;No aplica;1;Recta;3.822.371;-0.80234;POINT (-0.80234 38.22371)
5576;2016;4;Abril;5;VIERNES;22;5;Ávila;0;;;No aplica;1;Carretera;1;VÍAS INTERURBANAS;AV-901;43.2;1;Ascendente;2;Autonómica;6;Carretera Convencional de calzada única;19;Salida de la vía por la derecha otro tipo          ;0;0;1;1;0;0;1;1;1;0;0;0;0;0;0;0;0;0;0;0;0;0;0;0;0;0;0;0;0;0;0;2;Fuera de intersección o nudo;;;;999;Sin especificar;999;Sin especificar;999;Sin especificar;999;Sin especificar;999;Sin especificar;999;Sin especificar;999;Sin especificar;999;Sin especificar;999;Sin especificar;999;Sin especificar;999;Sin especificar;999;Sin especificar;999;Sin especificar;1;Nivel blanco;1;Seco y limpio;6;Sin luz natural ni artificial;1;Despejado;;;;;999;Sin especificar;998;No aplica;2;Curva señalizada;4.027.152;-475.488;POINT (-4.75488 40.27152)
68599;2017;12;Diciembre;5;VIERNES;13;29;Málaga;29015;Antequera;;No aplica;1;Carretera;1;VÍAS INTERURBANAS;A-343;9.4;1;Ascendente;2;Autonómica;6;Carretera Convencional de calzada única;1;Frontal                                            ;0;0;4;4;0;0;4;4;2;0;0;0;0;0;0;0;0;0;0;0;0;0;0;0;0;0;0;0;0;0;0;2;Fuera de intersección o nudo;;;;999;Sin especificar;999;Sin especificar;999;Sin especificar;999;Sin especificar;999;Sin especificar;999;Sin especificar;999;Sin especificar;999;Sin especificar;999;Sin especificar;999;Sin especificar;999;Sin especificar;999;Sin especificar;999;Sin especificar;1;Nivel blanco;1;Seco y limpio;1;Luz del día natural, solar;1;Despejado;;;;;1;Buena visibilidad;998;No aplica;1;Recta;3.701.938;-4.562.885;POINT (-4.562885 37.01938)
88956;2016;11;Noviembre;3;MIÉRCOLES;14;43;Tarragona;43037;Calafell;;No aplica;1;Carretera;1;VÍAS INTERURBANAS;C-31;138;4;Se desconoce;4;Municipal;5;Carretera Convencional de doble calzada;4;Por alcance                                        ;0;0;2;2;0;0;2;2;3;0;0;0;0;0;0;0;0;0;0;0;0;0;0;0;0;0;0;0;0;0;0;1;En intersección o nudo;2;En T o Y;;0;No;0;No;0;No;0;No;0;No;0;No;0;No;0;No;0;No;0;No;0;No;0;No;1;Sí;6;Se desconoce;1;Seco y limpio;1;Luz del día natural, solar;1;Despejado;;;;;18;Se desconoce;998;No aplica;4;Se desconoce;4.120.056;1.568.441;POINT (1.568441 41.20056)
66478;2019;2;Febrero;4;JUEVES;14;28;Madrid;28161;Valdemoro;;No aplica;1;Carretera;1;VÍAS INTERURBANAS;M-404;36.8;2;Descendente;2;Autonómica;6;Carretera Convencional de calzada única;3;Lateral                                            ;0;0;2;2;0;0;2;2;2;0;0;0;0;0;0;0;0;0;0;0;0;0;0;0;0;0;0;0;0;0;0;1;En intersección o nudo;4;Glorieta;;1;Sí;0;No;0;No;0;No;0;No;0;No;0;No;0;No;0;No;0;No;0;No;0;No;0;No;1;Nivel blanco;1;Seco y limpio;1;Luz del día natural, solar;1;Despejado;;;;;1;Buena visibilidad;998;No aplica;1;Recta;4.019.269;-3.679.874;POINT (-3.679874 40.19269)
34285;2016;4;Abril;7;DOMINGO;13;11;Cádiz;11027;Puerto de Santa María, El;;No aplica;1;Carretera;1;VÍAS INTERURBANAS;A-4;650;2;Descendente;1;Estatal;3;Autovía;18;Salida de la vía por la derecha con vuelco         ;0;0;3;3;0;0;3;3;1;0;0;0;0;0;0;0;0;0;0;0;0;0;0;0;0;0;0;0;0;0;0;2;Fuera de intersección o nudo;;;;999;Sin especificar;999;Sin especificar;999;Sin especificar;999;Sin especificar;999;Sin especificar;999;Sin especificar;999;Sin especificar;999;Sin especificar;999;Sin especificar;999;Sin especificar;999;Sin especificar;999;Sin especificar;999;Sin especificar;1;Nivel blanco;1;Seco y limpio;1;Luz del día natural, solar;1;Despejado;;;;;999;Sin especificar;998;No aplica;1;Recta;3.659.695;-6.227.526;POINT (-6.227526 36.59695)
14090;2016;6;Junio;1;LUNES;13;8;Barcelona;8072;Corbera de Llobregat;;No aplica;1;Carretera;1;VÍAS INTERURBANAS;A-2;596;4;Se desconoce;1;Estatal;3;Autovía;6;Colisión contra obstáculo o elemento de la vía     ;0;0;4;4;0;0;4;4;4;0;0;0;0;0;0;0;0;0;0;0;0;0;0;0;0;0;0;0;0;0;0;2;Fuera de intersección o nudo;;;;999;Sin especificar;999;Sin especificar;999;Sin especificar;999;Sin especificar;999;Sin especificar;999;Sin especificar;999;Sin especificar;999;Sin especificar;999;Sin especificar;999;Sin especificar;999;Sin especificar;999;Sin especificar;999;Sin especificar;6;Se desconoce;1;Seco y limpio;1;Luz del día natural, solar;1;Despejado;;;;;18;Se desconoce;998;No aplica;4;Se desconoce;4.141.764;1.932.827;POINT (1.932827 41.41764)
84053;2019;1;Enero;2;MARTES;18;41;Sevilla;41004;Alcalá de Guadaíra;;No aplica;1;Carretera;1;VÍAS INTERURBANAS;A-92;12;1;Ascendente;2;Autonómica;3;Autovía;3;Lateral                                            ;0;0;1;1;0;0;1;1;2;0;0;0;0;0;0;0;0;0;0;0;0;0;0;0;0;0;0;0;0;0;0;2;Fuera de intersección o nudo;;;;999;Sin especificar;999;Sin especificar;999;Sin especificar;999;Sin especificar;999;Sin especificar;999;Sin especificar;999;Sin especificar;999;Sin especificar;999;Sin especificar;999;Sin especificar;999;Sin especificar;999;Sin especificar;999;Sin especificar;1;Nivel blanco;1;Seco y limpio;2;Amanecer o atardecer, sin luz artificial;2;Nublado;;;;;1;Buena visibilidad;998;No aplica;1;Recta;3.733.833;-5.844.032;POINT (-5.844032 37.33833)
44405;2020;5;Mayo;6;SÁBADO;14;28;Madrid;0;;;No aplica;1;Carretera;1;VÍAS INTERURBANAS;M-512;17;2;Descendente;2;Autonómica;6;Carretera Convencional de calzada única;16;Salida de la vía por la derecha con colisión       ;0;0;1;1;0;0;1;1;1;0;0;0;0;0;0;0;0;0;0;0;0;0;0;0;0;0;0;0;0;0;0;2;Fuera de intersección o nudo;;;;999;Sin especificar;999;Sin especificar;999;Sin especificar;999;Sin especificar;999;Sin especificar;999;Sin especificar;999;Sin especificar;999;Sin especificar;999;Sin especificar;999;Sin especificar;999;Sin especificar;999;Sin especificar;999;Sin especificar;1;Nivel blanco;1;Seco y limpio;1;Luz del día natural, solar;1;Despejado;;;;;18;Se desconoce;998;No aplica;2;Curva señalizada;4.044.925;-426.318;POINT (-4.26318 40.44925)
88684;2016;7;Julio;6;SÁBADO;20;43;Tarragona;0;;;No aplica;1;Carretera;1;VÍAS INTERURBANAS;N-340;1180;4;Se desconoce;1;Estatal;5;Carretera Convencional de doble calzada;4;Por alcance                                        ;0;0;3;3;0;0;3;3;3;0;0;0;0;0;0;0;0;0;0;0;0;0;0;0;0;0;0;0;0;0;0;2;Fuera de intersección o nudo;;;;999;Sin especificar;999;Sin especificar;999;Sin especificar;999;Sin especificar;999;Sin especificar;999;Sin especificar;999;Sin especificar;999;Sin especificar;999;Sin especificar;999;Sin especificar;999;Sin especificar;999;Sin especificar;999;Sin especificar;6;Se desconoce;1;Seco y limpio;1;Luz del día natural, solar;1;Despejado;;;;;18;Se desconoce;998;No aplica;4;Se desconoce;4.114.452;13.971;POINT (1.3971 41.14452)
6319;2016;11;Noviembre;1;LUNES;10;6;Badajoz;6074;Llerena;;No aplica;1;Carretera;1;VÍAS INTERURBANAS;BA-067;19.8;1;Ascendente;3;Provincial, Cabildo/Consell;6;Carretera Convencional de calzada única;18;Salida de la vía por la derecha con vuelco         ;0;0;3;3;0;0;3;3;1;0;0;0;0;0;0;0;0;0;0;0;0;0;0;0;0;0;0;0;0;0;0;2;Fuera de intersección o nudo;;;;999;Sin especificar;999;Sin especificar;999;Sin especificar;999;Sin especificar;999;Sin especificar;999;Sin especificar;999;Sin especificar;999;Sin especificar;999;Sin especificar;999;Sin especificar;999;Sin especificar;999;Sin especificar;999;Sin especificar;1;Nivel blanco;2;Con barro o gravilla suelta;1;Luz del día natural, solar;4;Lluvia fuerte;;;;;5;Factores atmosféricos;998;No aplica;2;Curva señalizada;3.823.769;-6.015.329;POINT (-6.015329 38.23769)
2653;2021;2;Febrero;1;LUNES;20;3;Alicante/Alacant;3065;Elche/Elx;;No aplica;1;Carretera;1;VÍAS INTERURBANAS;A-7;515;1;Ascendente;1;Estatal;3;Autovía;5;Múltiple o en caravana                             ;0;0;3;3;0;0;3;3;4;0;0;0;0;0;0;0;0;0;0;0;0;0;0;0;0;0;0;0;0;0;0;2;Fuera de intersección o nudo;;;;999;Sin especificar;999;Sin especificar;999;Sin especificar;999;Sin especificar;999;Sin especificar;999;Sin especificar;999;Sin especificar;999;Sin especificar;999;Sin especificar;999;Sin especificar;999;Sin especificar;999;Sin especificar;999;Sin especificar;1;Nivel blanco;1;Seco y limpio;6;Sin luz natural ni artificial;1;Despejado;;;;;1;Buena visibilidad;998;No aplica;3;Curva sin señalizar;382.655;-0.6984587;POINT (-0.6984587 38.2655)
87635;2016;4;Abril;1;LUNES;13;42;Soria;0;;;No aplica;1;Carretera;1;VÍAS INTERURBANAS;N-234;377.92;2;Descendente;1;Estatal;6;Carretera Convencional de calzada única;4;Por alcance                                        ;0;0;2;2;0;0;2;2;2;0;0;0;0;0;0;0;0;0;0;0;0;0;0;0;0;0;0;0;0;0;0;1;En intersección o nudo;2;En T o Y;;1;Sí;0;No;0;No;0;No;0;No;0;No;0;No;0;No;0;No;0;No;0;No;0;No;0;No;1;Nivel blanco;3;Mojado;1;Luz del día natural, solar;3;Lluvia débil;;;;;999;Sin especificar;998;No aplica;1;Recta;4.180.798;-277.337;POINT (-2.77337 41.80798)
4602;2016;11;Noviembre;1;LUNES;8;3;Alicante/Alacant;3140;Villena;;No aplica;1;Carretera;1;VÍAS INTERURBANAS;A-31;172.9;2;Descendente;1;Estatal;3;Autovía;18;Salida de la vía por la derecha con vuelco         ;0;0;4;4;0;0;4;4;1;0;0;0;0;0;0;0;0;0;0;0;0;0;0;0;0;0;0;0;0;0;0;2;Fuera de intersección o nudo;;;;999;Sin especificar;999;Sin especificar;999;Sin especificar;999;Sin especificar;999;Sin especificar;999;Sin especificar;999;Sin especificar;999;Sin especificar;999;Sin especificar;999;Sin especificar;999;Sin especificar;999;Sin especificar;999;Sin especificar;1;Nivel blanco;3;Mojado;2;Amanecer o atardecer, sin luz artificial;3;Lluvia débil;;;;;1;Buena visibilidad;998;No aplica;2;Curva señalizada;3.863.634;-0.8661389;POINT (-0.8661389 38.63634)
19041;2018;10;Octubre;7;DOMINGO;11;8;Barcelona;0;;;No aplica;1;Carretera;1;VÍAS INTERURBANAS;B-502;2.6;4;Se desconoce;5;Otra;5;Carretera Convencional de doble calzada;9;Vuelco                                             ;0;0;2;2;0;0;2;2;1;0;0;0;0;0;0;0;0;0;0;0;0;0;0;0;0;0;0;0;0;0;0;2;Fuera de intersección o nudo;;;;999;Sin especificar;999;Sin especificar;999;Sin especificar;999;Sin especificar;999;Sin especificar;999;Sin especificar;999;Sin especificar;999;Sin especificar;999;Sin especificar;999;Sin especificar;999;Sin especificar;999;Sin especificar;999;Sin especificar;6;Se desconoce;1;Seco y limpio;1;Luz del día natural, solar;1;Despejado;;;;;18;Se desconoce;998;No aplica;4;Se desconoce;4.152.499;240.441;POINT (2.40441 41.52499)
79447;2018;1;Enero;7;DOMINGO;9;36;Pontevedra;36057;Vigo;;No aplica;1;Carretera;1;VÍAS INTERURBANAS;VG-20;12;1;Ascendente;1;Estatal;3;Autovía;17;Salida de la vía por la derecha con despeñamiento  ;0;0;4;4;0;0;4;4;1;0;0;0;0;0;0;0;0;0;0;0;0;0;0;0;0;0;0;0;0;0;0;2;Fuera de intersección o nudo;;;;999;Sin especificar;999;Sin especificar;999;Sin especificar;999;Sin especificar;999;Sin especificar;999;Sin especificar;999;Sin especificar;999;Sin especificar;999;Sin especificar;999;Sin especificar;999;Sin especificar;999;Sin especificar;999;Sin especificar;1;Nivel blanco;3;Mojado;1;Luz del día natural, solar;3;Lluvia débil;;;;;1;Buena visibilidad;998;No aplica;3;Curva sin señalizar;4.223.136;-8.712.447;POINT (-8.712447 42.23136)
83588;2019;5;Mayo;4;JUEVES;7;39;Cantabria;0;;;No aplica;1;Carretera;1;VÍAS INTERURBANAS;CA-132;0.5;2;Descendente;2;Autonómica;6;Carretera Convencional de calzada única;10;Caída                                              ;0;0;1;1;0;0;1;1;1;0;0;0;0;0;0;0;0;0;0;0;0;0;0;0;0;0;0;0;0;0;0;1;En intersección o nudo;4;Glorieta;;0;No;0;No;0;No;0;No;1;Sí;0;No;0;No;0;No;0;No;0;No;0;No;0;No;0;No;1;Nivel blanco;2;Con barro o gravilla suelta;1;Luz del día natural, solar;1;Despejado;;;;;1;Buena visibilidad;998;No aplica;2;Curva señalizada;433.823;-404.903;POINT (-4.04903 43.3823)
351;2019;1;Enero;1;LUNES;11;1;Araba/Álava;0;;;No aplica;1;Carretera;1;VÍAS INTERURBANAS;AP-68;36.2;2;Descendente;1;Estatal;1;Autopista de peaje;6;Colisión contra obstáculo o elemento de la vía     ;0;0;1;1;0;0;1;1;1;0;0;0;0;0;0;0;0;0;0;0;0;0;0;0;0;0;0;0;0;0;0;2;Fuera de intersección o nudo;;;;999;Sin especificar;999;Sin especificar;999;Sin especificar;999;Sin especificar;999;Sin especificar;999;Sin especificar;999;Sin especificar;999;Sin especificar;999;Sin especificar;999;Sin especificar;999;Sin especificar;999;Sin especificar;999;Sin especificar;1;Nivel blanco;3;Mojado;1;Luz del día natural, solar;2;Nublado;;;;;1;Buena visibilidad;998;No aplica;2;Curva señalizada;4.296.655;-287.244;POINT (-2.87244 42.96655)
77023;2021;8;Agosto;5;VIERNES;12;43;Tarragona;43148;Tarragona;;No aplica;1;Carretera;1;VÍAS INTERURBANAS;T-11;16;4;Se desconoce;1;Estatal;3;Autovía;9;Vuelco                                             ;0;0;1;1;0;0;1;1;1;0;0;0;0;0;0;0;0;0;0;0;0;0;0;0;0;0;0;0;0;0;0;2;Fuera de intersección o nudo;4;Glorieta;;0;No;0;No;0;No;0;No;0;No;0;No;0;No;0;No;0;No;0;No;0;No;0;No;1;Sí;999;Sin especificar;8;Otra;1;Luz del día natural, solar;1;Despejado;;;1;Viento fuerte;999;Sin especificar;998;No aplica;4;Se desconoce;4.111.866;124.533;POINT (1.24533 41.11866)
41179;2016;6;Junio;7;DOMINGO;18;17;Girona;17095;Lloret de Mar;;No aplica;1;Carretera;1;VÍAS INTERURBANAS;C-63;3;4;Se desconoce;4;Municipal;5;Carretera Convencional de doble calzada;19;Salida de la vía por la derecha otro tipo          ;0;0;5;5;0;0;5;5;1;0;0;0;0;0;0;0;0;0;0;0;0;0;0;0;0;0;0;0;0;0;0;2;Fuera de intersección o nudo;;;;999;Sin especificar;999;Sin especificar;999;Sin especificar;999;Sin especificar;999;Sin especificar;999;Sin especificar;999;Sin especificar;999;Sin especificar;999;Sin especificar;999;Sin especificar;999;Sin especificar;999;Sin especificar;999;Sin especificar;6;Se desconoce;1;Seco y limpio;1;Luz del día natural, solar;1;Despejado;;;;;18;Se desconoce;998;No aplica;4;Se desconoce;4.169.878;2.847.584;POINT (2.847584 41.69878)
38866;2021;7;Julio;3;MIÉRCOLES;20;23;Jaén;23038;Guardia de Jaén, La;;No aplica;1;Carretera;1;VÍAS INTERURBANAS;N-323a;46.6;2;Descendente;1;Estatal;6;Carretera Convencional de calzada única;8;Atropello a animales                               ;0;0;1;1;0;0;1;1;1;0;0;0;0;0;0;0;0;0;0;0;0;0;0;0;0;0;0;0;0;0;0;2;Fuera de intersección o nudo;;;;999;Sin especificar;999;Sin especificar;999;Sin especificar;999;Sin especificar;999;Sin especificar;999;Sin especificar;999;Sin especificar;999;Sin especificar;999;Sin especificar;999;Sin especificar;999;Sin especificar;999;Sin especificar;999;Sin especificar;1;Nivel blanco;1;Seco y limpio;1;Luz del día natural, solar;1;Despejado;;;;;12;Vegetacion o árboles;998;No aplica;1;Recta;3.774.816;-367.844;POINT (-3.67844 37.74816)