secuencial;anyo;mes;nombre_mes;dia_semana;nombre_dia_semana;hora;cod_provincia;nombre_provincia;cod_municipio;nombre_codigo_municipio;isla;nombre_isla;zona;nombre_zona;zona_agrupada;nombre_zona_agrupada;carretera;km;sentido_1f;nombre_sentido;titularidad_via;nombre_titularidad_via;tipo_via;nombre_tipo_via;tipo_accidente;nombre_tipo_accidente;total_mu24h;total_hg24h;total_hl24h;total_victimas_24h;total_mu30df;total_hg30df;total_hl30df;total_victimas_30df;total_vehiculos;tot_peat_mu24h;tot_bici_mu24h;tot_ciclo_mu24h;tot_moto_mu24h;tot_tur_mu24h;tot_furg_mu24h;tot_cam_menos3500_mu24h;tot_cam_mas3500_mu24h;tot_bus_mu24h;tot_otro_mu24h;tot_sinespecif_mu24h;tot_peat_mu30df;tot_bici_mu30df;tot_ciclo_mu30df;tot_moto_mu30df;tot_tur_mu30df;tot_furg_mu30df;tot_cam_menos3500_mu30df;tot_cam_mas3500_mu30df;tot_bus_mu30df;tot_otro_mu30df;tot_sinespecif_mu30df;nudo;nombre_nudo;nudo_info;nombre_nudo_info;carretera_cruce;priori_norma;nombre_priori_norma;priori_agente;nombre_priori_agente;priori_semaforo;nombre_priori_semaforo;priori_vert_stop;nombre_priori_vert_stop;priori_vert_ceda;nombre_priori_priori_vert_ceda;priori_horiz_stop;nombre_priori_horiz_stop;priori_horiz_ceda;nombre_priori_horiz_ceda;priori_marcas;nombre_priori_marcas;priori_pea_no_elev;nombre_priori_pea_no_elev;priori_pea_elev;nombre_priori_pea_elev;priori_marca_ciclos;nombre_priori_marca_ciclos;priori_circunstancial;nombre_priori_circunstancial;priori_otra;nombre_priori_otra;condicion_nivel_circula;nombre_condicion_nivel_circula;condicion_firme;nombre_condicion_firme;condicion_iluminacion;nombre_condicion_iluminacion;condicion_meteo;nombre_condicion_meteo;condicion_niebla;nombre_condicion_niebla;condicion_viento;nombre_condicion_viento;visib_restringida_por;nombre_visib_restringida_por;acera;nombre_acera;trazado_planta;nombre_trazado_planta;latitud;longitud;geom
22023;2018;3;Marzo;7;DOMINGO;12;8;Barcelona;8019;Barcelona;;No aplica;1;Carretera;1;VÍAS INTERURBANAS;B-10;8.4;4;Se desconoce;4;Municipal;3;Autovía;9;Vuelco                                             ;0;0;1;1;0;0;1;1;2;0;0;0;0;0;0;0;0;0;0;0;0;0;0;0;0;0;0;0;0;0;0;2;Fuera de intersección o nudo;;;;999;Sin especificar;999;Sin especificar;999;Sin especificar;999;Sin especificar;999;Sin especificar;999;Sin especificar;999;Sin especificar;999;Sin especificar;999;Sin especificar;999;Sin especificar;999;Sin especificar;999;Sin especificar;999;Sin especificar;6;Se desconoce;1;Seco y limpio;1;Luz del día natural, solar;1;Despejado;1;Niebla ligera;;;18;Se desconoce;998;No aplica;4;Se desconoce;4.138.792;2.169.919;POINT (2.169919 41.38792)
64335;2020;7;Julio;7;DOMINGO;22;45;Toledo;0;;;No aplica;1;Carretera;1;VÍAS INTERURBANAS;A-5;47.2;2;Descendente;1;Estatal;3;Autovía;4;Por alcance                                        ;0;0;5;5;0;0;5;5;3;0;0;0;0;0;0;0;0;0;0;0;0;0;0;0;0;0;0;0;0;0;0;2;Fuera de intersección o nudo;;;;999;Sin especificar;999;Sin especificar;999;Sin especificar;999;Sin especificar;999;Sin especificar;999;Sin especificar;999;Sin especificar;999;Sin especificar;999;Sin especificar;999;Sin especificar;999;Sin especificar;999;Sin especificar;999;Sin especificar;3;Nivel amarillo;1;Seco y limpio;2;Amanecer o atardecer, sin luz artificial;1;Despejado;;;;;1;Buena visibilidad;998;No aplica;1;Recta;4.018.573;-413.079;POINT (-4.13079 40.18573)
13079;2019;6;Junio;5;VIERNES;10;8;Barcelona;0;;;No aplica;1;Carretera;1;VÍAS INTERURBANAS;BP-2121;4.7;4;Se desconoce;4;Municipal;5;Carretera Convencional de doble calzada;3;Lateral                                            ;0;0;1;1;0;0;1;1;2;0;0;0;0;0;0;0;0;0;0;0;0;0;0;0;0;0;0;0;0;0;0;1;En intersección o nudo;1;En X o +;;1;Sí;0;No;0;No;0;No;0;No;0;No;0;No;0;No;0;No;0;No;0;No;0;No;0;No;6;Se desconoce;1;Seco y limpio;1;Luz del día natural, solar;1;Despejado;;;;;18;Se desconoce;998;No aplica;4;Se desconoce;4.136.659;16.552;POINT (1.6552 41.36659)
17153;2016;12;Diciembre;6;SÁBADO;10;8;Barcelona;8217;Sant Joan Despí;;No aplica;1;Carretera;1;VÍAS INTERURBANAS;B-23;4;4;Se desconoce;1;Estatal;1;Autopista de peaje;9;Vuelco                                             ;0;0;1;1;0;0;1;1;1;0;0;0;0;0;0;0;0;0;0;0;0;0;0;0;0;0;0;0;0;0;0;2;Fuera de intersección o nudo;;;;999;Sin especificar;999;Sin especificar;999;Sin especificar;999;Sin especificar;999;Sin especificar;999;Sin especificar;999;Sin especificar;999;Sin especificar;999;Sin especificar;999;Sin especificar;999;Sin especificar;999;Sin especificar;999;Sin especificar;6;Se desconoce;1;Seco y limpio;1;Luz del día natural, solar;1;Despejado;;;;;18;Se desconoce;998;No aplica;4;Se desconoce;4.136.769;2.056.065;POINT (2.056065 41.36769)
48220;2016;12;Diciembre;4;JUEVES;19;23;Jaén;0;;;No aplica;1;Carretera;1;VÍAS INTERURBANAS;A-44;47.3;2;Descendente;1;Estatal;3;Autovía;4;Por alcance                                        ;0;0;3;3;0;0;3;3;2;0;0;0;0;0;0;0;0;0;0;0;0;0;0;0;0;0;0;0;0;0;0;2;Fuera de intersección o nudo;;;;999;Sin especificar;999;Sin especificar;999;Sin especificar;999;Sin especificar;999;Sin especificar;999;Sin especificar;999;Sin especificar;999;Sin especificar;999;Sin especificar;999;Sin especificar;999;Sin especificar;999;Sin especificar;999;Sin especificar;1;Nivel blanco;3;Mojado;6;Sin luz natural ni artificial;3;Lluvia débil;;;;;5;Factores atmosféricos;998;No aplica;1;Recta;3.775.174;-369.537;POINT (-3.69537 37.75174)
96949;2016;5;Mayo;4;JUEVES;15;48;Bizkaia;;;;No aplica;1;Carretera;1;VÍAS INTERURBANAS;AP-8;90.1;1;Ascendente;3;Provincial, Cabildo/Consell;1;Autopista de peaje;14;Salida de la vía por la izquierda con vuelco       ;0;1;0;1;0;1;0;1;2;0;0;0;0;0;0;0;0;0;0;0;0;0;0;0;0;0;0;0;0;0;0;2;Fuera de intersección o nudo;;;;999;Sin especificar;999;Sin especificar;999;Sin especificar;999;Sin especificar;999;Sin especificar;999;Sin especificar;999;Sin especificar;999;Sin especificar;999;Sin especificar;999;Sin especificar;999;Sin especificar;999;Sin especificar;999;Sin especificar;1;Nivel blanco;1;Seco y limpio;1;Luz del día natural, solar;7;Se desconoce;;;;;1;Buena visibilidad;998;No aplica;1;Recta;4.317.902;-263.271;POINT (-2.63271 43.17902)
19402;2021;10;Octubre;3;MIÉRCOLES;13;8;Barcelona;8113;Manresa;;No aplica;1;Carretera;1;VÍAS INTERURBANAS;C-25;134.1;4;Se desconoce;5;Otra;3;Autovía;3;Lateral                                            ;0;0;1;1;0;0;1;1;2;0;0;0;0;0;0;0;0;0;0;0;0;0;0;0;0;0;0;0;0;0;0;2;Fuera de intersección o nudo;;;;1;Sí;0;No;0;No;0;No;0;No;0;No;0;No;0;No;0;No;0;No;0;No;0;No;0;No;999;Sin especificar;1;Seco y limpio;1;Luz del día natural, solar;1;Despejado;;;1;Viento fuerte;999;Sin especificar;998;No aplica;4;Se desconoce;4.174.214;182.499;POINT (1.82499 41.74214)
84201;2017;10;Octubre;1;LUNES;15;41;Sevilla;41086;San Juan de Aznalfarache;;No aplica;1;Carretera;1;VÍAS INTERURBANAS;A-8066;0;3;Ambos;2;Autonómica;6;Carretera Convencional de calzada única;4;Por alcance                                        ;0;0;2;2;0;0;2;2;2;0;0;0;0;0;0;0;0;0;0;0;0;0;0;0;0;0;0;0;0;0;0;1;En intersección o nudo;4;Glorieta;;0;No;0;No;0;No;0;No;0;No;0;No;0;No;0;No;1;Sí;0;No;0;No;0;No;0;No;999;Sin especificar;1;Seco y limpio;1;Luz del día natural, solar;1;Despejado;;;;;1;Buena visibilidad;998;No aplica;1;Recta;3.737.404;-6.045.198;POINT (-6.045198 37.37404)
39212;2021;9;Septiembre;7;DOMINGO;3;23;Jaén;0;;;No aplica;1;Carretera;1;VÍAS INTERURBANAS;A-312;53.5;1;Ascendente;2;Autonómica;5;Carretera Convencional de doble calzada;12;Salida de la vía por la izquierda con colisión     ;0;0;1;1;0;0;1;1;1;0;0;0;0;0;0;0;0;0;0;0;0;0;0;0;0;0;0;0;0;0;0;1;En intersección o nudo;4;Glorieta;A-312;0;No;0;No;0;No;0;No;1;Sí;0;No;0;No;0;No;0;No;0;No;0;No;0;No;0;No;1;Nivel blanco;1;Seco y limpio;4;Sin luz natural y con iluminación artificial encen;1;Despejado;;;;;1;Buena visibilidad;998;No aplica;1;Recta;3.825.131;-320.014;POINT (-3.20014 38.25131)
19557;2021;10;Octubre;3;MIÉRCOLES;11;8;Barcelona;8305;Vilafranca del Penedès;;No aplica;1;Carretera;1;VÍAS INTERURBANAS;AP-7;199;4;Se desconoce;1;Estatal;1;Autopista de peaje;6;Colisión contra obstáculo o elemento de la vía     ;0;0;1;1;0;0;1;1;1;0;0;0;0;0;0;0;0;0;0;0;0;0;0;0;0;0;0;0;0;0;0;2;Fuera de intersección o nudo;;;;1;Sí;0;No;0;No;0;No;0;No;0;No;0;No;0;No;0;No;0;No;0;No;0;No;0;No;999;Sin especificar;1;Seco y limpio;1;Luz del día natural, solar;1;Despejado;;;1;Viento fuerte;999;Sin especificar;998;No aplica;4;Se desconoce;4.134.509;1.699.849;POINT (1.699849 41.34509)
4263;2019;11;Noviembre;2;MARTES;14;3;Alicante/Alacant;3133;Torrevieja;;No aplica;1;Carretera;1;VÍAS INTERURBANAS;CV-905;6.5;2;Descendente;2;Autonómica;5;Carretera Convencional de doble calzada;2;Fronto-lateral                                     ;0;0;1;1;0;0;1;1;2;0;0;0;0;0;0;0;0;0;0;0;0;0;0;0;0;0;0;0;0;0;0;1;En intersección o nudo;4;Glorieta;;1;Sí;0;No;0;No;0;No;0;No;0;No;0;No;0;No;0;No;0;No;0;No;0;No;0;No;1;Nivel blanco;1;Seco y limpio;1;Luz del día natural, solar;1;Despejado;;;;;1;Buena visibilidad;998;No aplica;2;Curva señalizada;3.797.747;-0.6832271;POINT (-0.6832271 37.97747)
70357;2021;3;Marzo;5;VIERNES;17;38;Santa Cruz de Tenerife;38038;Santa Cruz de Tenerife;;No aplica;1;Carretera;1;VÍAS INTERURBANAS;TF-5;4.6;1;Ascendente;3;Provincial, Cabildo/Consell;2;Autopista libre;4;Por alcance                                        ;0;0;1;1;0;0;1;1;2;0;0;0;0;0;0;0;0;0;0;0;0;0;0;0;0;0;0;0;0;0;0;2;Fuera de intersección o nudo;;;;999;Sin especificar;999;Sin especificar;999;Sin especificar;999;Sin especificar;999;Sin especificar;999;Sin especificar;999;Sin especificar;999;Sin especificar;999;Sin especificar;999;Sin especificar;999;Sin especificar;999;Sin especificar;999;Sin especificar;1;Nivel blanco;1;Seco y limpio;1;Luz del día natural, solar;1;Despejado;;;;;18;Se desconoce;998;No aplica;1;Recta;2.845.855;-1.629.564;POINT (-16.29564 28.45855)
11544;2020;12;Diciembre;5;VIERNES;14;8;Barcelona;0;;;No aplica;1;Carretera;1;VÍAS INTERURBANAS;C-17;34;4;Se desconoce;4;Municipal;3;Autovía;19;Salida de la vía por la derecha otro tipo          ;0;0;1;1;0;0;1;1;1;0;0;0;0;0;0;0;0;0;0;0;0;0;0;0;0;0;0;0;0;0;0;2;Fuera de intersección o nudo;;;;999;Sin especificar;999;Sin especificar;999;Sin especificar;999;Sin especificar;999;Sin especificar;999;Sin especificar;999;Sin especificar;999;Sin especificar;999;Sin especificar;999;Sin especificar;999;Sin especificar;999;Sin especificar;999;Sin especificar;6;Se desconoce;3;Mojado;1;Luz del día natural, solar;3;Lluvia débil;;;;;18;Se desconoce;998;No aplica;4;Se desconoce;4.172.017;227.218;POINT (2.27218 41.72017)
70838;2021;12;Diciembre;7;DOMINGO;16;39;Cantabria;0;;;No aplica;1;Carretera;1;VÍAS INTERURBANAS;N-634;179.4;1;Ascendente;1;Estatal;6;Carretera Convencional de calzada única;4;Por alcance                                        ;0;0;4;4;0;0;4;4;2;0;0;0;0;0;0;0;0;0;0;0;0;0;0;0;0;0;0;0;0;0;0;2;Fuera de intersección o nudo;;;;999;Sin especificar;999;Sin especificar;999;Sin especificar;999;Sin especificar;999;Sin especificar;999;Sin especificar;999;Sin especificar;999;Sin especificar;999;Sin especificar;999;Sin especificar;999;Sin especificar;999;Sin especificar;999;Sin especificar;1;Nivel blanco;1;Seco y limpio;1;Luz del día natural, solar;1;Despejado;;;;;6;Deslumbramiento por sol;998;No aplica;1;Recta;4.341.968;-350.256;POINT (-3.50256 43.41968)
87038;2019;7;Julio;5;VIERNES;6;41;Sevilla;41091;Sevilla;;No aplica;1;Carretera;1;VÍAS INTERURBANAS;SE-30;8.9;1;Ascendente;1;Estatal;5;Carretera Convencional de doble calzada;5;Múltiple o en caravana                             ;0;0;1;1;0;0;1;1;3;0;0;0;0;0;0;0;0;0;0;0;0;0;0;0;0;0;0;0;0;0;0;2;Fuera de intersección o nudo;;;;999;Sin especificar;999;Sin especificar;999;Sin especificar;999;Sin especificar;999;Sin especificar;999;Sin especificar;999;Sin especificar;999;Sin especificar;999;Sin especificar;999;Sin especificar;999;Sin especificar;999;Sin especificar;999;Sin especificar;2;Nivel verde;1;Seco y limpio;2;Amanecer o atardecer, sin luz artificial;1;Despejado;;;;;1;Buena visibilidad;998;No aplica;3;Curva sin señalizar;3.738.264;-5.996.295;POINT (-5.996295 37.38264)
49759;2017;1;Enero;3;MIÉRCOLES;14;25;Lleida;0;;;No aplica;1;Carretera;1;VÍAS INTERURBANAS;C-1412a;19.5;4;Se desconoce;4;Municipal;5;Carretera Convencional de doble calzada;3;Lateral                                            ;0;0;1;1;0;0;1;1;2;0;0;0;0;0;0;0;0;0;0;0;0;0;0;0;0;0;0;0;0;0;0;2;Fuera de intersección o nudo;;;;999;Sin especificar;999;Sin especificar;999;Sin especificar;999;Sin especificar;999;Sin especificar;999;Sin especificar;999;Sin especificar;999;Sin especificar;999;Sin especificar;999;Sin especificar;999;Sin especificar;999;Sin especificar;999;Sin especificar;6;Se desconoce;1;Seco y limpio;1;Luz del día natural, solar;1;Despejado;;;;;18;Se desconoce;998;No aplica;4;Se desconoce;4.182.904;136.447;POINT (1.36447 41.82904)
30145;2020;2;Febrero;6;SÁBADO;20;20;Gipuzkoa;20073;Usurbil;;No aplica;1;Carretera;1;VÍAS INTERURBANAS;N-634;1.9;1;Ascendente;3;Provincial, Cabildo/Consell;6;Carretera Convencional de calzada única;10;Caída                                              ;0;1;0;1;0;1;0;1;1;0;0;0;0;0;0;0;0;0;0;0;0;0;0;0;0;0;0;0;0;0;0;2;Fuera de intersección o nudo;;;;999;Sin especificar;999;Sin especificar;999;Sin especificar;999;Sin especificar;999;Sin especificar;999;Sin especificar;999;Sin especificar;999;Sin especificar;999;Sin especificar;999;Sin especificar;999;Sin especificar;999;Sin especificar;999;Sin especificar;1;Nivel blanco;1;Seco y limpio;6;Sin luz natural ni artificial;1;Despejado;;;;;1;Buena visibilidad;998;No aplica;1;Recta;4.327.138;-2.049.934;POINT (-2.049934 43.27138)
74833;2021;8;Agosto;2;MARTES;17;41;Sevilla;41091;Sevilla;;No aplica;1;Carretera;1;VÍAS INTERURBANAS;SE-30;10.7;2;Descendente;1;Estatal;3;Autovía;5;Múltiple o en caravana                             ;0;0;1;1;0;0;1;1;3;0;0;0;0;0;0;0;0;0;0;0;0;0;0;0;0;0;0;0;0;0;0;2;Fuera de intersección o nudo;;;;999;Sin especificar;999;Sin especificar;999;Sin especificar;999;Sin especificar;999;Sin especificar;999;Sin especificar;999;Sin especificar;999;Sin especificar;999;Sin especificar;999;Sin especificar;999;Sin especificar;999;Sin especificar;999;Sin especificar;3;Nivel amarillo;1;Seco y limpio;1;Luz del día natural, solar;1;Despejado;;;;;1;Buena visibilidad;998;No aplica;1;Recta;3.738.264;-5.996.295;POINT (-5.996295 37.38264)
17105;2021;8;Agosto;4;JUEVES;13;8;Barcelona;8213;Sant Fruitós de Bages;;No aplica;1;Carretera;1;VÍAS INTERURBANAS;B-451;0.8;4;Se desconoce;5;Otra;6;Carretera Convencional de calzada única;19;Salida de la vía por la derecha otro tipo          ;0;0;1;1;0;0;1;1;1;0;0;0;0;0;0;0;0;0;0;0;0;0;0;0;0;0;0;0;0;0;0;2;Fuera de intersección o nudo;;;;999;Sin especificar;999;Sin especificar;999;Sin especificar;999;Sin especificar;999;Sin especificar;999;Sin especificar;999;Sin especificar;999;Sin especificar;999;Sin especificar;999;Sin especificar;999;Sin especificar;999;Sin especificar;999;Sin especificar;999;Sin especificar;1;Seco y limpio;1;Luz del día natural, solar;1;Despejado;;;1;Viento fuerte;999;Sin especificar;998;No aplica;4;Se desconoce;4.176.616;19.009;POINT (1.9009 41.76616)
3932;2020;7;Julio;6;SÁBADO;21;4;Almería;4902;Ejido, El;;No aplica;1;Carretera;1;VÍAS INTERURBANAS;AL-3303;2.95;1;Ascendente;3;Provincial, Cabildo/Consell;6;Carretera Convencional de calzada única;1;Frontal                                            ;0;2;3;5;0;2;3;5;2;0;0;0;0;0;0;0;0;0;0;0;0;0;0;0;0;0;0;0;0;0;0;2;Fuera de intersección o nudo;;;;999;Sin especificar;999;Sin especificar;999;Sin especificar;999;Sin especificar;999;Sin especificar;999;Sin especificar;999;Sin especificar;999;Sin especificar;999;Sin especificar;999;Sin especificar;999;Sin especificar;999;Sin especificar;999;Sin especificar;1;Nivel blanco;1;Seco y limpio;1;Luz del día natural, solar;1;Despejado;;;;;1;Buena visibilidad;998;No aplica;2;Curva señalizada;3.677.506;-2.812.738;POINT (-2.812738 36.77506)
100214;2016;12;Diciembre;2;MARTES;22;5;Ávila;0;;;No aplica;1;Carretera;1;VÍAS INTERURBANAS;A-50;14.1;2;Descendente;1;Estatal;3;Autovía;4;Por alcance                                        ;0;0;1;1;0;0;1;1;2;0;0;0;0;0;0;0;0;0;0;0;0;0;0;0;0;0;0;0;0;0;0;1;En intersección o nudo;10;Enlace con carriles de cambio de velocidad paralelos al tronco;AV-804;1;Sí;0;No;0;No;0;No;0;No;0;No;0;No;0;No;0;No;0;No;0;No;0;No;0;No;1;Nivel blanco;1;Seco y limpio;6;Sin luz natural ni artificial;1;Despejado;;;;;1;Buena visibilidad;998;No aplica;3;Curva sin señalizar;4.077.062;-47.555;POINT (-4.7555 40.77062)
51990;2019;4;Abril;6;SÁBADO;13;28;Madrid;28054;Escorial, El;;No aplica;1;Carretera;1;VÍAS INTERURBANAS;M-600;10.4;2;Descendente;2;Autonómica;6;Carretera Convencional de calzada única;19;Salida de la vía por la derecha otro tipo          ;0;0;1;1;0;0;1;1;1;0;0;0;0;0;0;0;0;0;0;0;0;0;0;0;0;0;0;0;0;0;0;2;Fuera de intersección o nudo;;;;999;Sin especificar;999;Sin especificar;999;Sin especificar;999;Sin especificar;999;Sin especificar;999;Sin especificar;999;Sin especificar;999;Sin especificar;999;Sin especificar;999;Sin especificar;999;Sin especificar;999;Sin especificar;999;Sin especificar;1;Nivel blanco;1;Seco y limpio;1;Luz del día natural, solar;1;Despejado;;;;;1;Buena visibilidad;998;No aplica;1;Recta;4.058.508;-412.952;POINT (-4.12952 40.58508)
80724;2016;11;Noviembre;6;SÁBADO;8;38;Santa Cruz de Tenerife;38025;Matanza de Acentejo, La;10;Tenerife;1;Carretera;1;VÍAS INTERURBANAS;TF-5;24.3;1;Ascendente;3;Provincial, Cabildo/Consell;2;Autopista libre;3;Lateral                                            ;0;0;1;1;0;0;1;1;2;0;0;0;0;0;0;0;0;0;0;0;0;0;0;0;0;0;0;0;0;0;0;2;Fuera de intersección o nudo;;;;999;Sin especificar;999;Sin especificar;999;Sin especificar;999;Sin especificar;999;Sin especificar;999;Sin especificar;999;Sin especificar;999;Sin especificar;999;Sin especificar;999;Sin especificar;999;Sin especificar;999;Sin especificar;999;Sin especificar;1;Nivel blanco;1;Seco y limpio;1;Luz del día natural, solar;1;Despejado;;;;;1;Buena visibilidad;998;No aplica;3;Curva sin señalizar;2.845.248;-1.646.325;POINT (-16.46325 28.45248)
53118;2018;8;Agosto;3;MIÉRCOLES;14;28;Madrid;28074;Leganés;;No aplica;1;Carretera;1;VÍAS INTERURBANAS;A-42;9.1;2;Descendente;1;Estatal;3;Autovía;5;Múltiple o en caravana                             ;0;0;3;3;0;0;3;3;3;0;0;0;0;0;0;0;0;0;0;0;0;0;0;0;0;0;0;0;0;0;0;2;Fuera de intersección o nudo;;;;999;Sin especificar;999;Sin especificar;999;Sin especificar;999;Sin especificar;999;Sin especificar;999;Sin especificar;999;Sin especificar;999;Sin especificar;999;Sin especificar;999;Sin especificar;999;Sin especificar;999;Sin especificar;999;Sin especificar;3;Nivel amarillo;1;Seco y limpio;1;Luz del día natural, solar;1;Despejado;;;;;1;Buena visibilidad;998;No aplica;1;Recta;4.032.642;-3.758.988;POINT (-3.758988 40.32642)
54458;2016;5;Mayo;2;MARTES;18;28;Madrid;28065;Getafe;;No aplica;1;Carretera;1;VÍAS INTERURBANAS;M-406;16.3;1;Ascendente;2;Autonómica;5;Carretera Convencional de doble calzada;4;Por alcance                                        ;0;0;1;1;0;0;1;1;2;0;0;0;0;0;0;0;0;0;0;0;0;0;0;0;0;0;0;0;0;0;0;1;En intersección o nudo;4;Glorieta;A-4;0;No;0;No;0;No;0;No;1;Sí;0;No;1;Sí;0;No;0;No;0;No;0;No;0;No;0;No;1;Nivel blanco;1;Seco y limpio;1;Luz del día natural, solar;1;Despejado;;;;;999;Sin especificar;998;No aplica;2;Curva señalizada;4.030.498;-3.732.677;POINT (-3.732677 40.30498)
78907;2016;3;Marzo;2;MARTES;3;37;Salamanca;37008;Alba de Tormes;;No aplica;1;Carretera;1;VÍAS INTERURBANAS;CL-510;20;1;Ascendente;2;Autonómica;6;Carretera Convencional de calzada única;6;Colisión contra obstáculo o elemento de la vía     ;0;0;1;1;0;0;1;1;1;0;0;0;0;0;0;0;0;0;0;0;0;0;0;0;0;0;0;0;0;0;0;1;En intersección o nudo;2;En T o Y;CV-039;0;No;0;No;0;No;1;Sí;1;Sí;0;No;1;Sí;0;No;0;No;0;No;0;No;0;No;0;No;1;Nivel blanco;1;Seco y limpio;6;Sin luz natural ni artificial;1;Despejado;;;;;999;Sin especificar;998;No aplica;2;Curva señalizada;4.082.463;-5.515.934;POINT (-5.515934 40.82463)
84168;2017;3;Marzo;4;JUEVES;12;41;Sevilla;41086;San Juan de Aznalfarache;;No aplica;1;Carretera;1;VÍAS INTERURBANAS;A-8082R1;0;2;Descendente;2;Autonómica;6;Carretera Convencional de calzada única;10;Caída                                              ;0;0;1;1;0;0;1;1;1;0;0;0;0;0;0;0;0;0;0;0;0;0;0;0;0;0;0;0;0;0;0;2;Fuera de intersección o nudo;;;;999;Sin especificar;999;Sin especificar;999;Sin especificar;999;Sin especificar;999;Sin especificar;999;Sin especificar;999;Sin especificar;999;Sin especificar;999;Sin especificar;999;Sin especificar;999;Sin especificar;999;Sin especificar;999;Sin especificar;999;Sin especificar;1;Seco y limpio;1;Luz del día natural, solar;1;Despejado;;;;;1;Buena visibilidad;998;No aplica;1;Recta;3.735.838;-6.035.451;POINT (-6.035451 37.35838)
73192;2017;8;Agosto;1;LUNES;18;31;Navarra;0;;;No aplica;1;Carretera;1;VÍAS INTERURBANAS;N-121-A;65.2;1;Ascendente;2;Autonómica;6;Carretera Convencional de calzada única;10;Caída                                              ;0;0;1;1;0;0;1;1;1;0;0;0;0;0;0;0;0;0;0;0;0;0;0;0;0;0;0;0;0;0;0;1;En intersección o nudo;2;En T o Y;NA-8304;0;No;0;No;0;No;0;No;1;Sí;0;No;0;No;0;No;0;No;0;No;0;No;0;No;0;No;1;Nivel blanco;1;Seco y limpio;1;Luz del día natural, solar;1;Despejado;;;;;1;Buena visibilidad;998;No aplica;2;Curva señalizada;4.327.737;-170.564;POINT (-1.70564 43.27737)
89690;2018;6;Junio;1;LUNES;12;44;Teruel;44013;Alcañiz;;No aplica;1;Carretera;1;VÍAS INTERURBANAS;N-211;246.9;1;Ascendente;1;Estatal;6;Carretera Convencional de calzada única;4;Por alcance                                        ;0;0;1;1;0;0;1;1;2;0;0;0;0;0;0;0;0;0;0;0;0;0;0;0;0;0;0;0;0;0;0;2;Fuera de intersección o nudo;;;;999;Sin especificar;999;Sin especificar;999;Sin especificar;999;Sin especificar;999;Sin especificar;999;Sin especificar;999;Sin especificar;999;Sin especificar;999;Sin especificar;999;Sin especificar;999;Sin especificar;999;Sin especificar;999;Sin especificar;1;Nivel blanco;1;Seco y limpio;1;Luz del día natural, solar;1;Despejado;;;;;1;Buena visibilidad;998;No aplica;1;Recta;4.104.895;-0.1306302;POINT (-0.1306302 41.04895)
32565;2019;10;Octubre;5;VIERNES;12;11;Cádiz;11015;Chiclana de la Frontera;;No aplica;1;Carretera;1;VÍAS INTERURBANAS;A-48;7.7;1;Ascendente;1;Estatal;3;Autovía;17;Salida de la vía por la derecha con despeñamiento  ;0;0;1;1;0;0;1;1;1;0;0;0;0;0;0;0;0;0;0;0;0;0;0;0;0;0;0;0;0;0;0;2;Fuera de intersección o nudo;;;;999;Sin especificar;999;Sin especificar;999;Sin especificar;999;Sin especificar;999;Sin especificar;999;Sin especificar;999;Sin especificar;999;Sin especificar;999;Sin especificar;999;Sin especificar;999;Sin especificar;999;Sin especificar;999;Sin especificar;1;Nivel blanco;1;Seco y limpio;1;Luz del día natural, solar;1;Despejado;;;;;1;Buena visibilidad;998;No aplica;2;Curva señalizada;3.641.915;-6.149.412;POINT (-6.149412 36.41915)
44370;2018;10;Octubre;2;MARTES;17;20;Gipuzkoa;0;;;No aplica;1;Carretera;1;VÍAS INTERURBANAS;GI-3212;2.4;2;Descendente;3;Provincial, Cabildo/Consell;6;Carretera Convencional de calzada única;9;Vuelco                                             ;0;0;2;2;0;0;2;2;1;0;0;0;0;0;0;0;0;0;0;0;0;0;0;0;0;0;0;0;0;0;0;2;Fuera de intersección o nudo;;;;999;Sin especificar;999;Sin especificar;999;Sin especificar;999;Sin especificar;999;Sin especificar;999;Sin especificar;999;Sin especificar;999;Sin especificar;999;Sin especificar;999;Sin especificar;999;Sin especificar;999;Sin especificar;999;Sin especificar;1;Nivel blanco;1;Seco y limpio;1;Luz del día natural, solar;1;Despejado;;;;;1;Buena visibilidad;998;No aplica;1;Recta;4.312.466;-205.286;POINT (-2.05286 43.12466)