secuencial;anyo;mes;nombre_mes;dia_semana;nombre_dia_semana;hora;cod_provincia;nombre_provincia;cod_municipio;nombre_codigo_municipio;isla;nombre_isla;zona;nombre_zona;zona_agrupada;nombre_zona_agrupada;carretera;km;sentido_1f;nombre_sentido;titularidad_via;nombre_titularidad_via;tipo_via;nombre_tipo_via;tipo_accidente;nombre_tipo_accidente;total_mu24h;total_hg24h;total_hl24h;total_victimas_24h;total_mu30df;total_hg30df;total_hl30df;total_victimas_30df;total_vehiculos;tot_peat_mu24h;tot_bici_mu24h;tot_ciclo_mu24h;tot_moto_mu24h;tot_tur_mu24h;tot_furg_mu24h;tot_cam_menos3500_mu24h;tot_cam_mas3500_mu24h;tot_bus_mu24h;tot_otro_mu24h;tot_sinespecif_mu24h;tot_peat_mu30df;tot_bici_mu30df;tot_ciclo_mu30df;tot_moto_mu30df;tot_tur_mu30df;tot_furg_mu30df;tot_cam_menos3500_mu30df;tot_cam_mas3500_mu30df;tot_bus_mu30df;tot_otro_mu30df;tot_sinespecif_mu30df;nudo;nombre_nudo;nudo_info;nombre_nudo_info;carretera_cruce;priori_norma;nombre_priori_norma;priori_agente;nombre_priori_agente;priori_semaforo;nombre_priori_semaforo;priori_vert_stop;nombre_priori_vert_stop;priori_vert_ceda;nombre_priori_priori_vert_ceda;priori_horiz_stop;nombre_priori_horiz_stop;priori_horiz_ceda;nombre_priori_horiz_ceda;priori_marcas;nombre_priori_marcas;priori_pea_no_elev;nombre_priori_pea_no_elev;priori_pea_elev;nombre_priori_pea_elev;priori_marca_ciclos;nombre_priori_marca_ciclos;priori_circunstancial;nombre_priori_circunstancial;priori_otra;nombre_priori_otra;condicion_nivel_circula;nombre_condicion_nivel_circula;condicion_firme;nombre_condicion_firme;condicion_iluminacion;nombre_condicion_iluminacion;condicion_meteo;nombre_condicion_meteo;condicion_niebla;nombre_condicion_niebla;condicion_viento;nombre_condicion_viento;visib_restringida_por;nombre_visib_restringida_por;acera;nombre_acera;trazado_planta;nombre_trazado_planta;latitud;longitud;geom
49955;2016;6;Junio;4;JUEVES;18;25;Lleida;0;;;No aplica;1;Carretera;1;VÍAS INTERURBANAS;C-14;161;4;Se desconoce;4;Municipal;5;Carretera Convencional de doble calzada;19;Salida de la vía por la derecha otro tipo          ;0;0;1;1;0;0;1;1;1;0;0;0;0;0;0;0;0;0;0;0;0;0;0;0;0;0;0;0;0;0;0;2;Fuera de intersección o nudo;;;;999;Sin especificar;999;Sin especificar;999;Sin especificar;999;Sin especificar;999;Sin especificar;999;Sin especificar;999;Sin especificar;999;Sin especificar;999;Sin especificar;999;Sin especificar;999;Sin especificar;999;Sin especificar;999;Sin especificar;6;Se desconoce;1;Seco y limpio;1;Luz del día natural, solar;1;Despejado;;;;;18;Se desconoce;998;No aplica;4;Se desconoce;4.221.026;132.659;POINT (1.32659 42.21026)
29101;2018;12;Diciembre;4;JUEVES;10;8;Barcelona;8019;Barcelona;;No aplica;1;Carretera;1;VÍAS INTERURBANAS;B-20;9.9;4;Se desconoce;4;Municipal;3;Autovía;20;Otro tipo de accidente                             ;0;0;1;1;0;0;1;1;2;0;0;0;0;0;0;0;0;0;0;0;0;0;0;0;0;0;0;0;0;0;0;2;Fuera de intersección o nudo;;;;999;Sin especificar;999;Sin especificar;999;Sin especificar;999;Sin especificar;999;Sin especificar;999;Sin especificar;999;Sin especificar;999;Sin especificar;999;Sin especificar;999;Sin especificar;999;Sin especificar;999;Sin especificar;999;Sin especificar;6;Se desconoce;1;Seco y limpio;1;Luz del día natural, solar;1;Despejado;1;Niebla ligera;;;18;Se desconoce;998;No aplica;4;Se desconoce;4.138.792;2.169.919;POINT (2.169919 41.38792)
2088;2018;6;Junio;3;MIÉRCOLES;9;3;Alicante/Alacant;3018;Altea;;No aplica;1;Carretera;1;VÍAS INTERURBANAS;N-332;155.5;2;Descendente;1;Estatal;6;Carretera Convencional de calzada única;5;Múltiple o en caravana                             ;0;0;1;1;0;0;1;1;3;0;0;0;0;0;0;0;0;0;0;0;0;0;0;0;0;0;0;0;0;0;0;2;Fuera de intersección o nudo;;;;999;Sin especificar;999;Sin especificar;999;Sin especificar;999;Sin especificar;999;Sin especificar;999;Sin especificar;999;Sin especificar;999;Sin especificar;999;Sin especificar;999;Sin especificar;999;Sin especificar;999;Sin especificar;999;Sin especificar;999;Sin especificar;1;Seco y limpio;1;Luz del día natural, solar;1;Despejado;;;;;1;Buena visibilidad;998;No aplica;1;Recta;3.860.032;-0.0491708;POINT (-0.0491708 38.60032)
55039;2021;5;Mayo;6;SÁBADO;0;28;Madrid;28167;Velilla de San Antonio;;No aplica;1;Carretera;1;VÍAS INTERURBANAS;M-208;6.2;1;Ascendente;2;Autonómica;6;Carretera Convencional de calzada única;15;Salida de la vía por la izquierda, otro tipo       ;0;0;1;1;0;0;1;1;1;0;0;0;0;0;0;0;0;0;0;0;0;0;0;0;0;0;0;0;0;0;0;1;En intersección o nudo;4;Glorieta;;0;No;0;No;0;No;0;No;1;Sí;0;No;0;No;0;No;0;No;0;No;0;No;0;No;0;No;1;Nivel blanco;1;Seco y limpio;4;Sin luz natural y con iluminación artificial encen;1;Despejado;;;;;1;Buena visibilidad;998;No aplica;1;Recta;4.037.113;-347.981;POINT (-3.47981 40.37113)
66309;2019;10;Octubre;2;MARTES;19;28;Madrid;28148;Torrejón de Ardoz;;No aplica;1;Carretera;1;VÍAS INTERURBANAS;M-206;11;1;Ascendente;2;Autonómica;5;Carretera Convencional de doble calzada;2;Fronto-lateral                                     ;0;0;1;1;0;0;1;1;2;0;0;0;0;0;0;0;0;0;0;0;0;0;0;0;0;0;0;0;0;0;0;1;En intersección o nudo;4;Glorieta;;0;No;0;No;0;No;0;No;1;Sí;0;No;0;No;0;No;0;No;0;No;0;No;0;No;0;No;1;Nivel blanco;1;Seco y limpio;1;Luz del día natural, solar;1;Despejado;;;;;6;Deslumbramiento por sol;998;No aplica;2;Curva señalizada;404.589;-3.479.771;POINT (-3.479771 40.4589)
68029;2020;11;Noviembre;3;MIÉRCOLES;14;48;Bizkaia;48054;Leioa;;No aplica;1;Carretera;1;VÍAS INTERURBANAS;BI-637;11.7;1;Ascendente;3;Provincial, Cabildo/Consell;5;Carretera Convencional de doble calzada;3;Lateral                                            ;0;0;1;1;0;0;1;1;2;0;0;0;0;0;0;0;0;0;0;0;0;0;0;0;0;0;0;0;0;0;0;2;Fuera de intersección o nudo;;;;999;Sin especificar;999;Sin especificar;999;Sin especificar;999;Sin especificar;999;Sin especificar;999;Sin especificar;999;Sin especificar;999;Sin especificar;999;Sin especificar;999;Sin especificar;999;Sin especificar;999;Sin especificar;999;Sin especificar;3;Nivel amarillo;1;Seco y limpio;1;Luz del día natural, solar;1;Despejado;;;;;1;Buena visibilidad;998;No aplica;1;Recta;433.261;-2.987.704;POINT (-2.987704 43.3261)
76074;2016;5;Mayo;3;MIÉRCOLES;11;35;Palmas, Las;35003;Antigua;8;Fuerteventura;1;Carretera;1;VÍAS INTERURBANAS;FV-2;7.8;2;Descendente;2;Autonómica;6;Carretera Convencional de calzada única;4;Por alcance                                        ;0;0;1;1;0;0;1;1;2;0;0;0;0;0;0;0;0;0;0;0;0;0;0;0;0;0;0;0;0;0;0;1;En intersección o nudo;4;Glorieta;;0;No;0;No;0;No;0;No;1;Sí;0;No;0;No;0;No;0;No;0;No;0;No;0;No;0;No;1;Nivel blanco;1;Seco y limpio;1;Luz del día natural, solar;1;Despejado;;;;;999;Sin especificar;998;No aplica;1;Recta;2.842.347;-1.401.455;POINT (-14.01455 28.42347)
39065;2016;10;Octubre;7;DOMINGO;14;15;Coruña, A;15056;Negreira;;No aplica;2;Travesía;2;VÍAS URBANAS;DP-5601;0.5;1;Ascendente;3;Provincial, Cabildo/Consell;6;Carretera Convencional de calzada única;1;Frontal                                            ;0;0;1;1;0;0;1;1;2;0;0;0;0;0;0;0;0;0;0;0;0;0;0;0;0;0;0;0;0;0;0;2;Fuera de intersección o nudo;;;;999;Sin especificar;999;Sin especificar;999;Sin especificar;999;Sin especificar;999;Sin especificar;999;Sin especificar;999;Sin especificar;999;Sin especificar;999;Sin especificar;999;Sin especificar;999;Sin especificar;999;Sin especificar;999;Sin especificar;1;Nivel blanco;1;Seco y limpio;1;Luz del día natural, solar;1;Despejado;;;;;1;Buena visibilidad;998;No aplica;1;Recta;4.290.954;-8.736.245;POINT (-8.736245 42.90954)
89488;2017;6;Junio;1;LUNES;14;44;Teruel;44216;Teruel;;No aplica;1;Carretera;1;VÍAS INTERURBANAS;A-1513;0;2;Descendente;2;Autonómica;6;Carretera Convencional de calzada única;4;Por alcance                                        ;0;0;1;1;0;0;1;1;2;0;0;0;0;0;0;0;0;0;0;0;0;0;0;0;0;0;0;0;0;0;0;1;En intersección o nudo;4;Glorieta;N-234;0;No;0;No;0;No;0;No;1;Sí;0;No;1;Sí;0;No;0;No;0;No;0;No;0;No;0;No;1;Nivel blanco;1;Seco y limpio;1;Luz del día natural, solar;1;Despejado;;;;;1;Buena visibilidad;998;No aplica;1;Recta;4.034.411;-110.691;POINT (-1.10691 40.34411)
59757;2021;8;Agosto;4;JUEVES;6;30;Murcia;30016;Cartagena;;No aplica;1;Carretera;1;VÍAS INTERURBANAS;RM-12;5.9;2;Descendente;2;Autonómica;5;Carretera Convencional de doble calzada;4;Por alcance                                        ;1;0;0;1;1;0;0;1;2;0;0;0;0;0;0;1;0;0;0;0;0;0;0;0;0;0;1;0;0;0;0;2;Fuera de intersección o nudo;;;;0;No;0;No;0;No;0;No;1;Sí;0;No;0;No;0;No;0;No;0;No;0;No;0;No;0;No;1;Nivel blanco;1;Seco y limpio;6;Sin luz natural ni artificial;1;Despejado;;;;;1;Buena visibilidad;998;No aplica;1;Recta;3.764.289;-0.83913;POINT (-0.83913 37.64289)
27776;2021;12;Diciembre;1;LUNES;22;11;Cádiz;11030;Rota;;No aplica;1;Carretera;1;VÍAS INTERURBANAS;A-2076;0.05;2;Descendente;2;Autonómica;6;Carretera Convencional de calzada única;16;Salida de la vía por la derecha con colisión       ;0;0;1;1;0;0;1;1;1;0;0;0;0;0;0;0;0;0;0;0;0;0;0;0;0;0;0;0;0;0;0;2;Fuera de intersección o nudo;;;;999;Sin especificar;999;Sin especificar;999;Sin especificar;999;Sin especificar;999;Sin especificar;999;Sin especificar;999;Sin especificar;999;Sin especificar;999;Sin especificar;999;Sin especificar;999;Sin especificar;999;Sin especificar;999;Sin especificar;1;Nivel blanco;1;Seco y limpio;6;Sin luz natural ni artificial;1;Despejado;;;;;1;Buena visibilidad;998;No aplica;1;Recta;3.666.779;-639.241;POINT (-6.39241 36.66779)
38241;2018;11;Noviembre;2;MARTES;8;15;Coruña, A;15031;Culleredo;;No aplica;1;Carretera;1;VÍAS INTERURBANAS;AC-523;0.9;3;Ambos;2;Autonómica;6;Carretera Convencional de calzada única;2;Fronto-lateral                                     ;0;0;2;2;0;0;2;2;2;0;0;0;0;0;0;0;0;0;0;0;0;0;0;0;0;0;0;0;0;0;0;1;En intersección o nudo;2;En T o Y;DP-0101;0;No;0;No;0;No;0;No;0;No;1;Sí;0;No;0;No;0;No;0;No;0;No;0;No;0;No;2;Nivel verde;3;Mojado;2;Amanecer o atardecer, sin luz artificial;3;Lluvia débil;;;;;1;Buena visibilidad;998;No aplica;1;Recta;4.331.584;-8.384.923;POINT (-8.384923 43.31584)
37562;2017;7;Julio;1;LUNES;8;14;Córdoba;14021;Córdoba;;No aplica;1;Carretera;1;VÍAS INTERURBANAS;A-4;403.9;2;Descendente;1;Estatal;7;Vía de servicio;2;Fronto-lateral                                     ;0;0;1;1;0;0;1;1;2;0;0;0;0;0;0;0;0;0;0;0;0;0;0;0;0;0;0;0;0;0;0;1;En intersección o nudo;2;En T o Y;N-432;0;No;0;No;0;No;0;No;1;Sí;0;No;0;No;0;No;0;No;0;No;0;No;0;No;0;No;2;Nivel verde;1;Seco y limpio;1;Luz del día natural, solar;1;Despejado;;;;;1;Buena visibilidad;998;No aplica;2;Curva señalizada;3.788.473;-4.779.152;POINT (-4.779152 37.88473)
42643;2021;10;Octubre;4;JUEVES;7;28;Madrid;28013;Aranjuez;;No aplica;1;Carretera;1;VÍAS INTERURBANAS;N-400;12.9;1;Ascendente;1;Estatal;6;Carretera Convencional de calzada única;2;Fronto-lateral                                     ;0;0;1;1;0;0;1;1;2;0;0;0;0;0;0;0;0;0;0;0;0;0;0;0;0;0;0;0;0;0;0;1;En intersección o nudo;2;En T o Y;CM-4006;0;No;0;No;0;No;1;Sí;0;No;1;Sí;0;No;0;No;0;No;0;No;0;No;0;No;0;No;1;Nivel blanco;1;Seco y limpio;1;Luz del día natural, solar;1;Despejado;;;;;1;Buena visibilidad;998;No aplica;2;Curva señalizada;4.003.209;-3.603.288;POINT (-3.603288 40.03209)
49527;2016;10;Octubre;5;VIERNES;19;24;León;0;;;No aplica;1;Carretera;1;VÍAS INTERURBANAS;LE-142;6.7;1;Ascendente;2;Autonómica;6;Carretera Convencional de calzada única;4;Por alcance                                        ;0;0;1;1;0;0;1;1;2;0;0;0;0;0;0;0;0;0;0;0;0;0;0;0;0;0;0;0;0;0;0;2;Fuera de intersección o nudo;;;;999;Sin especificar;999;Sin especificar;999;Sin especificar;999;Sin especificar;999;Sin especificar;999;Sin especificar;999;Sin especificar;999;Sin especificar;999;Sin especificar;999;Sin especificar;999;Sin especificar;999;Sin especificar;999;Sin especificar;999;Sin especificar;1;Seco y limpio;2;Amanecer o atardecer, sin luz artificial;1;Despejado;;;;;6;Deslumbramiento por sol;998;No aplica;1;Recta;4.245.411;-613.726;POINT (-6.13726 42.45411)
77895;2017;1;Enero;6;SÁBADO;18;36;Pontevedra;36033;Mos;;No aplica;1;Carretera;1;VÍAS INTERURBANAS;EP-2601;2.2;1;Ascendente;3;Provincial, Cabildo/Consell;6;Carretera Convencional de calzada única;19;Salida de la vía por la derecha otro tipo          ;0;1;0;1;0;1;0;1;1;0;0;0;0;0;0;0;0;0;0;0;0;0;0;0;0;0;0;0;0;0;0;2;Fuera de intersección o nudo;;;;999;Sin especificar;999;Sin especificar;999;Sin especificar;999;Sin especificar;999;Sin especificar;999;Sin especificar;999;Sin especificar;999;Sin especificar;999;Sin especificar;999;Sin especificar;999;Sin especificar;999;Sin especificar;999;Sin especificar;1;Nivel blanco;3;Mojado;1;Luz del día natural, solar;1;Despejado;;;;;1;Buena visibilidad;998;No aplica;3;Curva sin señalizar;4.219.545;-8.654.388;POINT (-8.654388 42.19545)
41260;2017;5;Mayo;2;MARTES;12;17;Girona;17089;Llagostera;;No aplica;1;Carretera;1;VÍAS INTERURBANAS;C-65;14.9;4;Se desconoce;4;Municipal;5;Carretera Convencional de doble calzada;3;Lateral                                            ;0;0;4;4;0;0;4;4;3;0;0;0;0;0;0;0;0;0;0;0;0;0;0;0;0;0;0;0;0;0;0;2;Fuera de intersección o nudo;;;;999;Sin especificar;999;Sin especificar;999;Sin especificar;999;Sin especificar;999;Sin especificar;999;Sin especificar;999;Sin especificar;999;Sin especificar;999;Sin especificar;999;Sin especificar;999;Sin especificar;999;Sin especificar;999;Sin especificar;6;Se desconoce;1;Seco y limpio;1;Luz del día natural, solar;1;Despejado;;;;;18;Se desconoce;998;No aplica;4;Se desconoce;4.182.928;2.893.911;POINT (2.893911 41.82928)
70798;2018;8;Agosto;6;SÁBADO;6;29;Málaga;0;;;No aplica;1;Carretera;1;VÍAS INTERURBANAS;A-355;25.5;2;Descendente;2;Autonómica;6;Carretera Convencional de calzada única;1;Frontal                                            ;0;0;1;1;0;0;1;1;2;0;0;0;0;0;0;0;0;0;0;0;0;0;0;0;0;0;0;0;0;0;0;2;Fuera de intersección o nudo;;;;999;Sin especificar;999;Sin especificar;999;Sin especificar;999;Sin especificar;999;Sin especificar;999;Sin especificar;999;Sin especificar;999;Sin especificar;999;Sin especificar;999;Sin especificar;999;Sin especificar;999;Sin especificar;999;Sin especificar;1;Nivel blanco;1;Seco y limpio;6;Sin luz natural ni artificial;1;Despejado;;;;;1;Buena visibilidad;998;No aplica;2;Curva señalizada;3.657.592;-485.639;POINT (-4.85639 36.57592)
34418;2019;12;Diciembre;5;VIERNES;22;12;Castellón/Castelló;12004;Alcalà de Xivert;;No aplica;1;Carretera;1;VÍAS INTERURBANAS;N-340;1028.1;1;Ascendente;1;Estatal;6;Carretera Convencional de calzada única;1;Frontal                                            ;0;2;3;5;0;2;3;5;2;0;0;0;0;0;0;0;0;0;0;0;0;0;0;0;0;0;0;0;0;0;0;2;Fuera de intersección o nudo;;;;999;Sin especificar;999;Sin especificar;999;Sin especificar;999;Sin especificar;999;Sin especificar;999;Sin especificar;999;Sin especificar;999;Sin especificar;999;Sin especificar;999;Sin especificar;999;Sin especificar;999;Sin especificar;999;Sin especificar;1;Nivel blanco;1;Seco y limpio;6;Sin luz natural ni artificial;1;Despejado;;;;;1;Buena visibilidad;998;No aplica;2;Curva señalizada;4.030.459;0.2263053;POINT (0.2263053 40.30459)
69015;2020;11;Noviembre;1;LUNES;12;49;Zamora;0;;;No aplica;1;Carretera;1;VÍAS INTERURBANAS;A-52;9.1;1;Ascendente;1;Estatal;3;Autovía;13;Salida de la vía por la izquierda con despeñamiento;0;0;1;1;0;0;1;1;1;0;0;0;0;0;0;0;0;0;0;0;0;0;0;0;0;0;0;0;0;0;0;2;Fuera de intersección o nudo;;;;999;Sin especificar;999;Sin especificar;999;Sin especificar;999;Sin especificar;999;Sin especificar;999;Sin especificar;999;Sin especificar;999;Sin especificar;999;Sin especificar;999;Sin especificar;999;Sin especificar;999;Sin especificar;999;Sin especificar;1;Nivel blanco;1;Seco y limpio;1;Luz del día natural, solar;2;Nublado;;;;;1;Buena visibilidad;998;No aplica;1;Recta;4.203.564;-578.404;POINT (-5.78404 42.03564)
88981;2016;11;Noviembre;1;LUNES;13;43;Tarragona;0;;;No aplica;1;Carretera;1;VÍAS INTERURBANAS;C-51;25;3;Ambos;2;Autonómica;5;Carretera Convencional de doble calzada;1;Frontal                                            ;1;0;0;1;1;0;0;1;2;0;0;0;1;0;0;0;0;0;0;0;0;0;0;1;0;0;0;0;0;0;0;2;Fuera de intersección o nudo;;;;999;Sin especificar;999;Sin especificar;999;Sin especificar;999;Sin especificar;999;Sin especificar;999;Sin especificar;999;Sin especificar;999;Sin especificar;999;Sin especificar;999;Sin especificar;999;Sin especificar;999;Sin especificar;999;Sin especificar;2;Nivel verde;1;Seco y limpio;1;Luz del día natural, solar;1;Despejado;;;;;18;Se desconoce;998;No aplica;1;Recta;4.128.753;136.711;POINT (1.36711 41.28753)
68836;2021;8;Agosto;6;SÁBADO;22;37;Salamanca;0;;;No aplica;1;Carretera;1;VÍAS INTERURBANAS;SA-605;3.8;1;Ascendente;2;Autonómica;6;Carretera Convencional de calzada única;18;Salida de la vía por la derecha con vuelco         ;0;0;1;1;0;0;1;1;1;0;0;0;0;0;0;0;0;0;0;0;0;0;0;0;0;0;0;0;0;0;0;2;Fuera de intersección o nudo;;;;999;Sin especificar;999;Sin especificar;999;Sin especificar;999;Sin especificar;999;Sin especificar;999;Sin especificar;999;Sin especificar;999;Sin especificar;999;Sin especificar;999;Sin especificar;999;Sin especificar;999;Sin especificar;999;Sin especificar;1;Nivel blanco;1;Seco y limpio;6;Sin luz natural ni artificial;1;Despejado;;;;;1;Buena visibilidad;998;No aplica;2;Curva señalizada;4.101.883;-562.898;POINT (-5.62898 41.01883)
80617;2019;3;Marzo;5;VIERNES;17;37;Salamanca;0;;;No aplica;1;Carretera;1;VÍAS INTERURBANAS;SA-201;0.3;1;Ascendente;2;Autonómica;6;Carretera Convencional de calzada única;18;Salida de la vía por la derecha con vuelco         ;0;0;2;2;0;0;2;2;1;0;0;0;0;0;0;0;0;0;0;0;0;0;0;0;0;0;0;0;0;0;0;2;Fuera de intersección o nudo;;;;999;Sin especificar;999;Sin especificar;999;Sin especificar;999;Sin especificar;999;Sin especificar;999;Sin especificar;999;Sin especificar;999;Sin especificar;999;Sin especificar;999;Sin especificar;999;Sin especificar;999;Sin especificar;999;Sin especificar;1;Nivel blanco;1;Seco y limpio;1;Luz del día natural, solar;1;Despejado;;;;;1;Buena visibilidad;998;No aplica;3;Curva sin señalizar;4.065.479;-612.007;POINT (-6.12007 40.65479)
31772;2017;9;Septiembre;7;DOMINGO;6;9;Burgos;0;;;No aplica;1;Carretera;1;VÍAS INTERURBANAS;BU-P-8012;10;2;Descendente;3;Provincial, Cabildo/Consell;6;Carretera Convencional de calzada única;12;Salida de la vía por la izquierda con colisión     ;0;0;1;1;0;0;1;1;1;0;0;0;0;0;0;0;0;0;0;0;0;0;0;0;0;0;0;0;0;0;0;2;Fuera de intersección o nudo;;;;999;Sin especificar;999;Sin especificar;999;Sin especificar;999;Sin especificar;999;Sin especificar;999;Sin especificar;999;Sin especificar;999;Sin especificar;999;Sin especificar;999;Sin especificar;999;Sin especificar;999;Sin especificar;999;Sin especificar;1;Nivel blanco;1;Seco y limpio;6;Sin luz natural ni artificial;1;Despejado;;;;;1;Buena visibilidad;998;No aplica;2;Curva señalizada;422.257;-359.074;POINT (-3.59074 42.2257)
97870;2017;9;Septiembre;4;JUEVES;9;50;Zaragoza;0;;;No aplica;1;Carretera;1;VÍAS INTERURBANAS;N-II;355;3;Ambos;1;Estatal;6;Carretera Convencional de calzada única;1;Frontal                                            ;1;0;1;2;1;0;1;2;2;0;0;0;0;1;0;0;0;0;0;0;0;0;0;0;1;0;0;0;0;0;0;2;Fuera de intersección o nudo;;;;999;Sin especificar;999;Sin especificar;999;Sin especificar;999;Sin especificar;999;Sin especificar;999;Sin especificar;999;Sin especificar;999;Sin especificar;999;Sin especificar;999;Sin especificar;999;Sin especificar;999;Sin especificar;999;Sin especificar;1;Nivel blanco;1;Seco y limpio;1;Luz del día natural, solar;1;Despejado;;;;;1;Buena visibilidad;998;No aplica;1;Recta;4.153.111;-0.56466;POINT (-0.56466 41.53111)
32790;2017;7;Julio;5;VIERNES;13;10;Cáceres;0;;;No aplica;1;Carretera;1;VÍAS INTERURBANAS;EX-384;0.9;1;Ascendente;2;Autonómica;6;Carretera Convencional de calzada única;2;Fronto-lateral                                     ;0;0;3;3;0;0;3;3;2;0;0;0;0;0;0;0;0;0;0;0;0;0;0;0;0;0;0;0;0;0;0;1;En intersección o nudo;1;En X o +;;0;No;0;No;0;No;1;Sí;0;No;0;No;0;No;0;No;0;No;0;No;0;No;0;No;0;No;1;Nivel blanco;1;Seco y limpio;1;Luz del día natural, solar;2;Nublado;;;;;1;Buena visibilidad;998;No aplica;1;Recta;4.011.904;-534.698;POINT (-5.34698 40.11904)
15130;2016;8;Agosto;7;DOMINGO;16;8;Barcelona;8169;Prat de Llobregat, El;;No aplica;1;Carretera;1;VÍAS INTERURBANAS;C-31;195;4;Se desconoce;4;Municipal;3;Autovía;3;Lateral                                            ;0;0;1;1;0;0;1;1;2;0;0;0;0;0;0;0;0;0;0;0;0;0;0;0;0;0;0;0;0;0;0;2;Fuera de intersección o nudo;;;;999;Sin especificar;999;Sin especificar;999;Sin especificar;999;Sin especificar;999;Sin especificar;999;Sin especificar;999;Sin especificar;999;Sin especificar;999;Sin especificar;999;Sin especificar;999;Sin especificar;999;Sin especificar;999;Sin especificar;6;Se desconoce;1;Seco y limpio;1;Luz del día natural, solar;1;Despejado;;;;;18;Se desconoce;998;No aplica;4;Se desconoce;4.135.958;2.099.704;POINT (2.099704 41.35958)
50545;2019;7;Julio;1;LUNES;8;28;Madrid;28005;Alcalá de Henares;;No aplica;1;Carretera;1;VÍAS INTERURBANAS;A-2;25.75;2;Descendente;1;Estatal;3;Autovía;4;Por alcance                                        ;0;0;1;1;0;0;1;1;2;0;0;0;0;0;0;0;0;0;0;0;0;0;0;0;0;0;0;0;0;0;0;2;Fuera de intersección o nudo;;;;999;Sin especificar;999;Sin especificar;999;Sin especificar;999;Sin especificar;999;Sin especificar;999;Sin especificar;999;Sin especificar;999;Sin especificar;999;Sin especificar;999;Sin especificar;999;Sin especificar;999;Sin especificar;999;Sin especificar;3;Nivel amarillo;1;Seco y limpio;1;Luz del día natural, solar;1;Despejado;;;;;1;Buena visibilidad;998;No aplica;1;Recta;4.048.166;-3.364.136;POINT (-3.364136 40.48166)
64553;2021;3;Marzo;7;DOMINGO;13;33;Asturias;33066;Siero;;No aplica;1;Carretera;1;VÍAS INTERURBANAS;AS-376;8.8;2;Descendente;2;Autonómica;6;Carretera Convencional de calzada única;10;Caída                                              ;0;0;1;1;0;0;1;1;1;0;0;0;0;0;0;0;0;0;0;0;0;0;0;0;0;0;0;0;0;0;0;2;Fuera de intersección o nudo;;;;999;Sin especificar;999;Sin especificar;999;Sin especificar;999;Sin especificar;999;Sin especificar;999;Sin especificar;999;Sin especificar;999;Sin especificar;999;Sin especificar;999;Sin especificar;999;Sin especificar;999;Sin especificar;999;Sin especificar;1;Nivel blanco;3;Mojado;1;Luz del día natural, solar;2;Nublado;;;;;1;Buena visibilidad;998;No aplica;1;Recta;4.345.349;-568.168;POINT (-5.68168 43.45349)
68552;2016;3;Marzo;7;DOMINGO;0;29;Málaga;29025;Benalmádena;;No aplica;1;Carretera;1;VÍAS INTERURBANAS;AP-7;220.4;1;Ascendente;1;Estatal;2;Autopista libre;3;Lateral                                            ;0;0;2;2;0;0;2;2;4;0;0;0;0;0;0;0;0;0;0;0;0;0;0;0;0;0;0;0;0;0;0;2;Fuera de intersección o nudo;;;;999;Sin especificar;999;Sin especificar;999;Sin especificar;999;Sin especificar;999;Sin especificar;999;Sin especificar;999;Sin especificar;999;Sin especificar;999;Sin especificar;999;Sin especificar;999;Sin especificar;999;Sin especificar;999;Sin especificar;1;Nivel blanco;1;Seco y limpio;6;Sin luz natural ni artificial;1;Despejado;;;;;999;Sin especificar;998;No aplica;1;Recta;3.659.523;-4.573.368;POINT (-4.573368 36.59523)
84356;2019;5;Mayo;5;VIERNES;17;41;Sevilla;41021;Camas;;No aplica;1;Carretera;1;VÍAS INTERURBANAS;A-49;1.8;3;Ambos;1;Estatal;2;Autopista libre;4;Por alcance                                        ;0;0;2;2;0;0;2;2;2;0;0;0;0;0;0;0;0;0;0;0;0;0;0;0;0;0;0;0;0;0;0;2;Fuera de intersección o nudo;;;;999;Sin especificar;999;Sin especificar;999;Sin especificar;999;Sin especificar;999;Sin especificar;999;Sin especificar;999;Sin especificar;999;Sin especificar;999;Sin especificar;999;Sin especificar;999;Sin especificar;999;Sin especificar;999;Sin especificar;3;Nivel amarillo;1;Seco y limpio;1;Luz del día natural, solar;1;Despejado;;;;;18;Se desconoce;998;No aplica;1;Recta;3.738.644;-6.051.838;POINT (-6.051838 37.38644)
40498;2016;3;Marzo;4;JUEVES;13;17;Girona;17047;Castelló d'Empúries;;No aplica;1;Carretera;1;VÍAS INTERURBANAS;C-260;39;4;Se desconoce;4;Municipal;3;Autovía;3;Lateral                                            ;0;0;1;1;0;0;1;1;2;0;0;0;0;0;0;0;0;0;0;0;0;0;0;0;0;0;0;0;0;0;0;2;Fuera de intersección o nudo;;;;999;Sin especificar;999;Sin especificar;999;Sin especificar;999;Sin especificar;999;Sin especificar;999;Sin especificar;999;Sin especificar;999;Sin especificar;999;Sin especificar;999;Sin especificar;999;Sin especificar;999;Sin especificar;999;Sin especificar;6;Se desconoce;1;Seco y limpio;1;Luz del día natural, solar;1;Despejado;;;;;18;Se desconoce;998;No aplica;4;Se desconoce;4.225.826;3.074.442;POINT (3.074442 42.25826)