secuencial;anyo;mes;nombre_mes;dia_semana;nombre_dia_semana;hora;cod_provincia;nombre_provincia;cod_municipio;nombre_codigo_municipio;isla;nombre_isla;zona;nombre_zona;zona_agrupada;nombre_zona_agrupada;carretera;km;sentido_1f;nombre_sentido;titularidad_via;nombre_titularidad_via;tipo_via;nombre_tipo_via;tipo_accidente;nombre_tipo_accidente;total_mu24h;total_hg24h;total_hl24h;total_victimas_24h;total_mu30df;total_hg30df;total_hl30df;total_victimas_30df;total_vehiculos;tot_peat_mu24h;tot_bici_mu24h;tot_ciclo_mu24h;tot_moto_mu24h;tot_tur_mu24h;tot_furg_mu24h;tot_cam_menos3500_mu24h;tot_cam_mas3500_mu24h;tot_bus_mu24h;tot_otro_mu24h;tot_sinespecif_mu24h;tot_peat_mu30df;tot_bici_mu30df;tot_ciclo_mu30df;tot_moto_mu30df;tot_tur_mu30df;tot_furg_mu30df;tot_cam_menos3500_mu30df;tot_cam_mas3500_mu30df;tot_bus_mu30df;tot_otro_mu30df;tot_sinespecif_mu30df;nudo;nombre_nudo;nudo_info;nombre_nudo_info;carretera_cruce;priori_norma;nombre_priori_norma;priori_agente;nombre_priori_agente;priori_semaforo;nombre_priori_semaforo;priori_vert_stop;nombre_priori_vert_stop;priori_vert_ceda;nombre_priori_priori_vert_ceda;priori_horiz_stop;nombre_priori_horiz_stop;priori_horiz_ceda;nombre_priori_horiz_ceda;priori_marcas;nombre_priori_marcas;priori_pea_no_elev;nombre_priori_pea_no_elev;priori_pea_elev;nombre_priori_pea_elev;priori_marca_ciclos;nombre_priori_marca_ciclos;priori_circunstancial;nombre_priori_circunstancial;priori_otra;nombre_priori_otra;condicion_nivel_circula;nombre_condicion_nivel_circula;condicion_firme;nombre_condicion_firme;condicion_iluminacion;nombre_condicion_iluminacion;condicion_meteo;nombre_condicion_meteo;condicion_niebla;nombre_condicion_niebla;condicion_viento;nombre_condicion_viento;visib_restringida_por;nombre_visib_restringida_por;acera;nombre_acera;trazado_planta;nombre_trazado_planta;latitud;longitud;geom
70877;2021;7;Julio;6;SÁBADO;13;39;Cantabria;39016;Camargo;;No aplica;1;Carretera;1;VÍAS INTERURBANAS;CA-240;1.776;1;Ascendente;2;Autonómica;6;Carretera Convencional de calzada única;5;Múltiple o en caravana                             ;0;0;1;1;0;0;1;1;3;0;0;0;0;0;0;0;0;0;0;0;0;0;0;0;0;0;0;0;0;0;0;1;En intersección o nudo;2;En T o Y;;1;Sí;0;No;0;No;0;No;0;No;0;No;0;No;0;No;0;No;0;No;0;No;0;No;0;No;1;Nivel blanco;1;Seco y limpio;1;Luz del día natural, solar;1;Despejado;;;;;1;Buena visibilidad;998;No aplica;1;Recta;4.340.703;-386.305;POINT (-3.86305 43.40703)
41244;2017;5;Mayo;6;SÁBADO;18;17;Girona;0;;;No aplica;1;Carretera;1;VÍAS INTERURBANAS;C-35;71.5;4;Se desconoce;4;Municipal;5;Carretera Convencional de doble calzada;9;Vuelco                                             ;0;0;2;2;0;0;2;2;1;0;0;0;0;0;0;0;0;0;0;0;0;0;0;0;0;0;0;0;0;0;0;1;En intersección o nudo;4;Glorieta;;1;Sí;0;No;0;No;0;No;0;No;0;No;0;No;0;No;0;No;0;No;0;No;0;No;0;No;6;Se desconoce;8;Otra;1;Luz del día natural, solar;1;Despejado;;;;;18;Se desconoce;998;No aplica;4;Se desconoce;4.174.539;265.123;POINT (2.65123 41.74539)
47634;2017;10;Octubre;4;JUEVES;12;22;Huesca;0;;;No aplica;1;Carretera;1;VÍAS INTERURBANAS;N-230;34.73;2;Descendente;1;Estatal;6;Carretera Convencional de calzada única;14;Salida de la vía por la izquierda con vuelco       ;0;2;0;2;0;2;0;2;1;0;0;0;0;0;0;0;0;0;0;0;0;0;0;0;0;0;0;0;0;0;0;2;Fuera de intersección o nudo;;;;999;Sin especificar;999;Sin especificar;999;Sin especificar;999;Sin especificar;999;Sin especificar;999;Sin especificar;999;Sin especificar;999;Sin especificar;999;Sin especificar;999;Sin especificar;999;Sin especificar;999;Sin especificar;999;Sin especificar;1;Nivel blanco;3;Mojado;1;Luz del día natural, solar;2;Nublado;;;;;1;Buena visibilidad;998;No aplica;3;Curva sin señalizar;418.755;0.52295;POINT (0.52295 41.8755)
12354;2017;3;Marzo;2;MARTES;18;8;Barcelona;8250;Santa Margarida de Montbui;;No aplica;1;Carretera;1;VÍAS INTERURBANAS;C-37;56.5;4;Se desconoce;4;Municipal;5;Carretera Convencional de doble calzada;9;Vuelco                                             ;0;0;1;1;0;0;1;1;1;0;0;0;0;0;0;0;0;0;0;0;0;0;0;0;0;0;0;0;0;0;0;2;Fuera de intersección o nudo;;;;999;Sin especificar;999;Sin especificar;999;Sin especificar;999;Sin especificar;999;Sin especificar;999;Sin especificar;999;Sin especificar;999;Sin especificar;999;Sin especificar;999;Sin especificar;999;Sin especificar;999;Sin especificar;999;Sin especificar;6;Se desconoce;1;Seco y limpio;1;Luz del día natural, solar;1;Despejado;;;;;18;Se desconoce;998;No aplica;4;Se desconoce;4.155.719;1.604.131;POINT (1.604131 41.55719)
7044;2018;3;Marzo;2;MARTES;23;6;Badajoz;6149;Villafranca de los Barros;;No aplica;1;Carretera;1;VÍAS INTERURBANAS;BA-002;11.55;2;Descendente;3;Provincial, Cabildo/Consell;6;Carretera Convencional de calzada única;14;Salida de la vía por la izquierda con vuelco       ;1;0;0;1;1;0;0;1;1;0;0;0;0;1;0;0;0;0;0;0;0;0;0;0;1;0;0;0;0;0;0;2;Fuera de intersección o nudo;;;;999;Sin especificar;999;Sin especificar;999;Sin especificar;999;Sin especificar;999;Sin especificar;999;Sin especificar;999;Sin especificar;999;Sin especificar;999;Sin especificar;999;Sin especificar;999;Sin especificar;999;Sin especificar;999;Sin especificar;1;Nivel blanco;1;Seco y limpio;6;Sin luz natural ni artificial;2;Nublado;;;;;1;Buena visibilidad;998;No aplica;2;Curva señalizada;385.623;-6.337.831;POINT (-6.337831 38.5623)
14649;2020;3;Marzo;5;VIERNES;16;8;Barcelona;8019;Barcelona;;No aplica;1;Carretera;1;VÍAS INTERURBANAS;B-20;11;4;Se desconoce;4;Municipal;3;Autovía;20;Otro tipo de accidente                             ;0;0;1;1;0;0;1;1;2;0;0;0;0;0;0;0;0;0;0;0;0;0;0;0;0;0;0;0;0;0;0;2;Fuera de intersección o nudo;;;;999;Sin especificar;999;Sin especificar;999;Sin especificar;999;Sin especificar;999;Sin especificar;999;Sin especificar;999;Sin especificar;999;Sin especificar;999;Sin especificar;999;Sin especificar;999;Sin especificar;999;Sin especificar;999;Sin especificar;6;Se desconoce;1;Seco y limpio;1;Luz del día natural, solar;1;Despejado;1;Niebla ligera;;;18;Se desconoce;998;No aplica;4;Se desconoce;4.138.792;2.169.919;POINT (2.169919 41.38792)
77438;2017;3;Marzo;2;MARTES;17;36;Pontevedra;36003;Baiona;;No aplica;1;Carretera;1;VÍAS INTERURBANAS;PO-552;14.1;2;Descendente;2;Autonómica;6;Carretera Convencional de calzada única;7;Atropello a personas                               ;0;0;1;1;0;0;1;1;1;0;0;0;0;0;0;0;0;0;0;0;0;0;0;0;0;0;0;0;0;0;0;2;Fuera de intersección o nudo;;;;999;Sin especificar;999;Sin especificar;999;Sin especificar;999;Sin especificar;999;Sin especificar;999;Sin especificar;999;Sin especificar;999;Sin especificar;999;Sin especificar;999;Sin especificar;999;Sin especificar;999;Sin especificar;999;Sin especificar;1;Nivel blanco;1;Seco y limpio;1;Luz del día natural, solar;2;Nublado;;;;;1;Buena visibilidad;4;Elevada;1;Recta;4.211.809;-884.958;POINT (-8.84958 42.11809)
96280;2017;10;Octubre;2;MARTES;21;48;Bizkaia;48902;Erandio;;No aplica;1;Carretera;1;VÍAS INTERURBANAS;BI-2704;13.3;1;Ascendente;3;Provincial, Cabildo/Consell;6;Carretera Convencional de calzada única;20;Otro tipo de accidente                             ;0;0;1;1;0;0;1;1;1;0;0;0;0;0;0;0;0;0;0;0;0;0;0;0;0;0;0;0;0;0;0;2;Fuera de intersección o nudo;;;;999;Sin especificar;999;Sin especificar;999;Sin especificar;999;Sin especificar;999;Sin especificar;999;Sin especificar;999;Sin especificar;999;Sin especificar;999;Sin especificar;999;Sin especificar;999;Sin especificar;999;Sin especificar;999;Sin especificar;2;Nivel verde;1;Seco y limpio;6;Sin luz natural ni artificial;1;Despejado;;;;;1;Buena visibilidad;998;No aplica;2;Curva señalizada;4.330.746;-2.946.418;POINT (-2.946418 43.30746)
90990;2017;3;Marzo;4;JUEVES;8;46;Valencia/València;46110;Xirivella;;No aplica;1;Carretera;1;VÍAS INTERURBANAS;A-3;351.5;1;Ascendente;1;Estatal;3;Autovía;5;Múltiple o en caravana                             ;0;0;1;1;0;0;1;1;3;0;0;0;0;0;0;0;0;0;0;0;0;0;0;0;0;0;0;0;0;0;0;2;Fuera de intersección o nudo;;;;999;Sin especificar;999;Sin especificar;999;Sin especificar;999;Sin especificar;999;Sin especificar;999;Sin especificar;999;Sin especificar;999;Sin especificar;999;Sin especificar;999;Sin especificar;999;Sin especificar;999;Sin especificar;999;Sin especificar;3;Nivel amarillo;1;Seco y limpio;1;Luz del día natural, solar;1;Despejado;;;;;1;Buena visibilidad;998;No aplica;1;Recta;3.947.624;-0.4193065;POINT (-0.4193065 39.47624)
8927;2020;5;Mayo;4;JUEVES;18;8;Barcelona;8180;Ripollet;;No aplica;1;Carretera;1;VÍAS INTERURBANAS;C-58;7.5;4;Se desconoce;4;Municipal;1;Autopista de peaje;19;Salida de la vía por la derecha otro tipo          ;0;0;1;1;0;0;1;1;1;0;0;0;0;0;0;0;0;0;0;0;0;0;0;0;0;0;0;0;0;0;0;1;En intersección o nudo;999;Sin especificar;;1;Sí;0;No;0;No;0;No;0;No;0;No;0;No;0;No;0;No;0;No;0;No;0;No;0;No;6;Se desconoce;3;Mojado;1;Luz del día natural, solar;4;Lluvia fuerte;;;;;18;Se desconoce;998;No aplica;4;Se desconoce;4.149.736;2.155.674;POINT (2.155674 41.49736)
96290;2019;9;Septiembre;5;VIERNES;14;48;Bizkaia;48036;Galdakao;;No aplica;1;Carretera;1;VÍAS INTERURBANAS;BI-737;29;2;Descendente;3;Provincial, Cabildo/Consell;6;Carretera Convencional de calzada única;2;Fronto-lateral                                     ;0;0;1;1;0;0;1;1;2;0;0;0;0;0;0;0;0;0;0;0;0;0;0;0;0;0;0;0;0;0;0;1;En intersección o nudo;2;En T o Y;;0;No;0;No;0;No;0;No;0;No;1;Sí;0;No;0;No;0;No;0;No;0;No;0;No;0;No;2;Nivel verde;1;Seco y limpio;1;Luz del día natural, solar;1;Despejado;;;;;1;Buena visibilidad;998;No aplica;1;Recta;4.323.056;-2.845.833;POINT (-2.845833 43.23056)
65650;2016;3;Marzo;2;MARTES;13;28;Madrid;28080;Majadahonda;;No aplica;1;Carretera;1;VÍAS INTERURBANAS;M-50;75.8;1;Ascendente;1;Estatal;2;Autopista libre;4;Por alcance                                        ;0;0;3;3;0;0;3;3;2;0;0;0;0;0;0;0;0;0;0;0;0;0;0;0;0;0;0;0;0;0;0;1;En intersección o nudo;2;En T o Y;;0;No;0;No;0;No;0;No;0;No;0;No;0;No;1;Sí;0;No;0;No;0;No;0;No;0;No;1;Nivel blanco;1;Seco y limpio;1;Luz del día natural, solar;1;Despejado;;;;;999;Sin especificar;998;No aplica;1;Recta;4.047.283;-3.872.304;POINT (-3.872304 40.47283)
33384;2020;8;Agosto;5;VIERNES;13;25;Lleida;25217;Tàrrega;;No aplica;1;Carretera;1;VÍAS INTERURBANAS;LV-2021;2.5;4;Se desconoce;4;Municipal;5;Carretera Convencional de doble calzada;19;Salida de la vía por la derecha otro tipo          ;0;0;2;2;0;0;2;2;1;0;0;0;0;0;0;0;0;0;0;0;0;0;0;0;0;0;0;0;0;0;0;2;Fuera de intersección o nudo;;;;999;Sin especificar;999;Sin especificar;999;Sin especificar;999;Sin especificar;999;Sin especificar;999;Sin especificar;999;Sin especificar;999;Sin especificar;999;Sin especificar;999;Sin especificar;999;Sin especificar;999;Sin especificar;999;Sin especificar;6;Se desconoce;1;Seco y limpio;1;Luz del día natural, solar;1;Despejado;;;;;18;Se desconoce;998;No aplica;4;Se desconoce;4.163.254;111.935;POINT (1.11935 41.63254)
70982;2016;12;Diciembre;7;DOMINGO;15;30;Murcia;30029;Mula;;No aplica;1;Carretera;1;VÍAS INTERURBANAS;RM-516;8.5;3;Ambos;2;Autonómica;6;Carretera Convencional de calzada única;10;Caída                                              ;0;0;1;1;0;0;1;1;1;0;0;0;0;0;0;0;0;0;0;0;0;0;0;0;0;0;0;0;0;0;0;2;Fuera de intersección o nudo;;;;999;Sin especificar;999;Sin especificar;999;Sin especificar;999;Sin especificar;999;Sin especificar;999;Sin especificar;999;Sin especificar;999;Sin especificar;999;Sin especificar;999;Sin especificar;999;Sin especificar;999;Sin especificar;999;Sin especificar;1;Nivel blanco;1;Seco y limpio;1;Luz del día natural, solar;1;Despejado;;;;;4;Configuración del terreno;998;No aplica;2;Curva señalizada;3.804.056;-1.486.329;POINT (-1.486329 38.04056)
11512;2021;4;Abril;5;VIERNES;22;8;Barcelona;8307;Vilanova i la Geltrú;;No aplica;1;Carretera;1;VÍAS INTERURBANAS;C-15;0.6;4;Se desconoce;5;Otra;3;Autovía;6;Colisión contra obstáculo o elemento de la vía     ;0;0;1;1;0;0;1;1;2;0;0;0;0;0;0;0;0;0;0;0;0;0;0;0;0;0;0;0;0;0;0;2;Fuera de intersección o nudo;;;;999;Sin especificar;999;Sin especificar;999;Sin especificar;999;Sin especificar;999;Sin especificar;999;Sin especificar;999;Sin especificar;999;Sin especificar;999;Sin especificar;999;Sin especificar;999;Sin especificar;999;Sin especificar;999;Sin especificar;999;Sin especificar;3;Mojado;6;Sin luz natural ni artificial;3;Lluvia débil;;;1;Viento fuerte;999;Sin especificar;998;No aplica;4;Se desconoce;4.124.047;173.044;POINT (1.73044 41.24047)
66428;2021;9;Septiembre;5;VIERNES;10;35;Palmas, Las;35019;San Bartolomé de Tirajana;7;Gran Canaria;1;Carretera;1;VÍAS INTERURBANAS;GC-1;34.4;1;Ascendente;3;Provincial, Cabildo/Consell;2;Autopista libre;4;Por alcance                                        ;0;0;1;1;0;0;1;1;3;0;0;0;0;0;0;0;0;0;0;0;0;0;0;0;0;0;0;0;0;0;0;2;Fuera de intersección o nudo;;;;999;Sin especificar;999;Sin especificar;999;Sin especificar;999;Sin especificar;999;Sin especificar;999;Sin especificar;999;Sin especificar;999;Sin especificar;999;Sin especificar;999;Sin especificar;999;Sin especificar;999;Sin especificar;999;Sin especificar;2;Nivel verde;1;Seco y limpio;1;Luz del día natural, solar;1;Despejado;;;;;1;Buena visibilidad;998;No aplica;1;Recta;2.782.764;-1.544.979;POINT (-15.44979 27.82764)
89913;2018;6;Junio;2;MARTES;17;45;Toledo;0;;;No aplica;1;Carretera;1;VÍAS INTERURBANAS;A-42;50.9;1;Ascendente;1;Estatal;3;Autovía;9;Vuelco                                             ;0;0;1;1;0;0;1;1;1;0;0;0;0;0;0;0;0;0;0;0;0;0;0;0;0;0;0;0;0;0;0;1;En intersección o nudo;2;En T o Y;N-401a;1;Sí;0;No;0;No;0;No;0;No;0;No;0;No;0;No;0;No;0;No;0;No;0;No;0;No;1;Nivel blanco;1;Seco y limpio;1;Luz del día natural, solar;1;Despejado;;;;;1;Buena visibilidad;998;No aplica;2;Curva señalizada;4.001.761;-394.807;POINT (-3.94807 40.01761)
5693;2021;9;Septiembre;1;LUNES;14;7;Balears, Illes;7011;Calvià;;No aplica;1;Carretera;1;VÍAS INTERURBANAS;Ma-1;10.5;2;Descendente;3;Provincial, Cabildo/Consell;2;Autopista libre;4;Por alcance                                        ;0;0;1;1;0;0;1;1;2;0;0;0;0;0;0;0;0;0;0;0;0;0;0;0;0;0;0;0;0;0;0;2;Fuera de intersección o nudo;;;;999;Sin especificar;999;Sin especificar;999;Sin especificar;999;Sin especificar;999;Sin especificar;999;Sin especificar;999;Sin especificar;999;Sin especificar;999;Sin especificar;999;Sin especificar;999;Sin especificar;999;Sin especificar;999;Sin especificar;3;Nivel amarillo;1;Seco y limpio;1;Luz del día natural, solar;1;Despejado;;;;;1;Buena visibilidad;998;No aplica;1;Recta;3.956.524;2.504.216;POINT (2.504216 39.56524)
81693;2016;10;Octubre;3;MIÉRCOLES;9;39;Cantabria;39008;Astillero, El;;No aplica;1;Carretera;1;VÍAS INTERURBANAS;S-30;10.2;2;Descendente;1;Estatal;3;Autovía;4;Por alcance                                        ;0;0;2;2;0;0;2;2;2;0;0;0;0;0;0;0;0;0;0;0;0;0;0;0;0;0;0;0;0;0;0;2;Fuera de intersección o nudo;;;;999;Sin especificar;999;Sin especificar;999;Sin especificar;999;Sin especificar;999;Sin especificar;999;Sin especificar;999;Sin especificar;999;Sin especificar;999;Sin especificar;999;Sin especificar;999;Sin especificar;999;Sin especificar;999;Sin especificar;1;Nivel blanco;1;Seco y limpio;1;Luz del día natural, solar;1;Despejado;;;;;1;Buena visibilidad;998;No aplica;1;Recta;4.340.158;-3.818.161;POINT (-3.818161 43.40158)
53942;2018;12;Diciembre;3;MIÉRCOLES;16;28;Madrid;28079;Madrid;;No aplica;1;Carretera;1;VÍAS INTERURBANAS;M-40;7.3;2;Descendente;1;Estatal;2;Autopista libre;15;Salida de la vía por la izquierda, otro tipo       ;0;0;1;1;0;0;1;1;1;0;0;0;0;0;0;0;0;0;0;0;0;0;0;0;0;0;0;0;0;0;0;2;Fuera de intersección o nudo;;;;999;Sin especificar;999;Sin especificar;999;Sin especificar;999;Sin especificar;999;Sin especificar;999;Sin especificar;999;Sin especificar;999;Sin especificar;999;Sin especificar;999;Sin especificar;999;Sin especificar;999;Sin especificar;999;Sin especificar;3;Nivel amarillo;1;Seco y limpio;1;Luz del día natural, solar;1;Despejado;;;;;1;Buena visibilidad;998;No aplica;1;Recta;4.041.669;-3.700.346;POINT (-3.700346 40.41669)
83722;2019;7;Julio;7;DOMINGO;8;40;Segovia;0;;;No aplica;1;Carretera;1;VÍAS INTERURBANAS;SG-V-2226;2.9;1;Ascendente;3;Provincial, Cabildo/Consell;6;Carretera Convencional de calzada única;10;Caída                                              ;0;1;0;1;0;1;0;1;1;0;0;0;0;0;0;0;0;0;0;0;0;0;0;0;0;0;0;0;0;0;0;2;Fuera de intersección o nudo;;;;999;Sin especificar;999;Sin especificar;999;Sin especificar;999;Sin especificar;999;Sin especificar;999;Sin especificar;999;Sin especificar;999;Sin especificar;999;Sin especificar;999;Sin especificar;999;Sin especificar;999;Sin especificar;999;Sin especificar;1;Nivel blanco;1;Seco y limpio;1;Luz del día natural, solar;1;Despejado;;;;;1;Buena visibilidad;998;No aplica;3;Curva sin señalizar;4.100.069;-411.525;POINT (-4.11525 41.00069)
320;2019;8;Agosto;3;MIÉRCOLES;8;1;Araba/Álava;1059;Vitoria-Gasteiz;;No aplica;1;Carretera;1;VÍAS INTERURBANAS;N-622;4.7;1;Ascendente;3;Provincial, Cabildo/Consell;8;Ramal de enlace;4;Por alcance                                        ;0;0;1;1;0;0;1;1;2;0;0;0;0;0;0;0;0;0;0;0;0;0;0;0;0;0;0;0;0;0;0;1;En intersección o nudo;10;Enlace con carriles de cambio de velocidad paralelos al tronco;;0;No;0;No;0;No;1;Sí;0;No;0;No;0;No;0;No;0;No;0;No;0;No;0;No;0;No;2;Nivel verde;1;Seco y limpio;1;Luz del día natural, solar;1;Despejado;;;;;1;Buena visibilidad;998;No aplica;1;Recta;4.284.641;-2.667.893;POINT (-2.667893 42.84641)
76535;2018;2;Febrero;4;JUEVES;6;33;Asturias;33059;Salas;;No aplica;1;Carretera;1;VÍAS INTERURBANAS;AS-15;4.3;1;Ascendente;2;Autonómica;6;Carretera Convencional de calzada única;6;Colisión contra obstáculo o elemento de la vía     ;0;0;1;1;0;0;1;1;1;0;0;0;0;0;0;0;0;0;0;0;0;0;0;0;0;0;0;0;0;0;0;2;Fuera de intersección o nudo;;;;999;Sin especificar;999;Sin especificar;999;Sin especificar;999;Sin especificar;999;Sin especificar;999;Sin especificar;999;Sin especificar;999;Sin especificar;999;Sin especificar;999;Sin especificar;999;Sin especificar;999;Sin especificar;999;Sin especificar;1;Nivel blanco;3;Mojado;5;Sin luz natural y con iluminación artificial no en;2;Nublado;;;;;1;Buena visibilidad;998;No aplica;1;Recta;4.340.976;-6.260.448;POINT (-6.260448 43.40976)
93260;2019;7;Julio;6;SÁBADO;12;46;Valencia/València;46214;Riba-roja de Túria;;No aplica;1;Carretera;1;VÍAS INTERURBANAS;A-3;337.2;1;Ascendente;1;Estatal;3;Autovía;4;Por alcance                                        ;0;0;1;1;0;0;1;1;2;0;0;0;0;0;0;0;0;0;0;0;0;0;0;0;0;0;0;0;0;0;0;2;Fuera de intersección o nudo;;;;999;Sin especificar;999;Sin especificar;999;Sin especificar;999;Sin especificar;999;Sin especificar;999;Sin especificar;999;Sin especificar;999;Sin especificar;999;Sin especificar;999;Sin especificar;999;Sin especificar;999;Sin especificar;999;Sin especificar;1;Nivel blanco;1;Seco y limpio;1;Luz del día natural, solar;1;Despejado;;;;;1;Buena visibilidad;998;No aplica;1;Recta;3.954.548;-0.5667182;POINT (-0.5667182 39.54548)
13376;2017;4;Abril;7;DOMINGO;21;8;Barcelona;8205;Sant Cugat del Vallès;;No aplica;1;Carretera;1;VÍAS INTERURBANAS;BP-1417;7.5;4;Se desconoce;4;Municipal;5;Carretera Convencional de doble calzada;19;Salida de la vía por la derecha otro tipo          ;0;0;1;1;0;0;1;1;1;0;0;0;0;0;0;0;0;0;0;0;0;0;0;0;0;0;0;0;0;0;0;2;Fuera de intersección o nudo;;;;999;Sin especificar;999;Sin especificar;999;Sin especificar;999;Sin especificar;999;Sin especificar;999;Sin especificar;999;Sin especificar;999;Sin especificar;999;Sin especificar;999;Sin especificar;999;Sin especificar;999;Sin especificar;999;Sin especificar;6;Se desconoce;3;Mojado;6;Sin luz natural ni artificial;3;Lluvia débil;;;;;18;Se desconoce;998;No aplica;4;Se desconoce;4.147.186;2.082.139;POINT (2.082139 41.47186)
9990;2021;3;Marzo;5;VIERNES;21;8;Barcelona;8075;Dosrius;;No aplica;1;Carretera;1;VÍAS INTERURBANAS;B-510;3;4;Se desconoce;5;Otra;6;Carretera Convencional de calzada única;1;Frontal                                            ;0;0;1;1;0;0;1;1;2;0;0;0;0;0;0;0;0;0;0;0;0;0;0;0;0;0;0;0;0;0;0;2;Fuera de intersección o nudo;;;;999;Sin especificar;999;Sin especificar;999;Sin especificar;999;Sin especificar;999;Sin especificar;999;Sin especificar;999;Sin especificar;999;Sin especificar;999;Sin especificar;999;Sin especificar;999;Sin especificar;999;Sin especificar;999;Sin especificar;999;Sin especificar;1;Seco y limpio;5;Sin luz natural y con iluminación artificial no en;1;Despejado;;;1;Viento fuerte;999;Sin especificar;998;No aplica;4;Se desconoce;4.159.482;2.405.386;POINT (2.405386 41.59482)
32038;2019;11;Noviembre;4;JUEVES;12;11;Cádiz;11006;Arcos de la Frontera;;No aplica;1;Carretera;1;VÍAS INTERURBANAS;A-389;0.8;1;Ascendente;2;Autonómica;6;Carretera Convencional de calzada única;19;Salida de la vía por la derecha otro tipo          ;0;0;1;1;0;0;1;1;1;0;0;0;0;0;0;0;0;0;0;0;0;0;0;0;0;0;0;0;0;0;0;2;Fuera de intersección o nudo;;;;999;Sin especificar;999;Sin especificar;999;Sin especificar;999;Sin especificar;999;Sin especificar;999;Sin especificar;999;Sin especificar;999;Sin especificar;999;Sin especificar;999;Sin especificar;999;Sin especificar;999;Sin especificar;999;Sin especificar;1;Nivel blanco;3;Mojado;1;Luz del día natural, solar;3;Lluvia débil;;;;;1;Buena visibilidad;998;No aplica;2;Curva señalizada;3.675.078;-5.812.395;POINT (-5.812395 36.75078)
7032;2020;1;Enero;5;VIERNES;13;8;Barcelona;0;;;No aplica;1;Carretera;1;VÍAS INTERURBANAS;BP-4653;10.5;4;Se desconoce;4;Municipal;5;Carretera Convencional de doble calzada;4;Por alcance                                        ;0;0;2;2;0;0;2;2;2;0;0;0;0;0;0;0;0;0;0;0;0;0;0;0;0;0;0;0;0;0;0;1;En intersección o nudo;2;En T o Y;;0;No;0;No;0;No;0;No;0;No;0;No;0;No;0;No;0;No;0;No;0;No;0;No;1;Sí;6;Se desconoce;1;Seco y limpio;1;Luz del día natural, solar;1;Despejado;;;;;18;Se desconoce;998;No aplica;4;Se desconoce;4.204.015;210.568;POINT (2.10568 42.04015)
74534;2018;10;Octubre;3;MIÉRCOLES;13;32;Ourense;0;;;No aplica;1;Carretera;1;VÍAS INTERURBANAS;N-532;10.2;1;Ascendente;1;Estatal;6;Carretera Convencional de calzada única;16;Salida de la vía por la derecha con colisión       ;0;0;2;2;0;0;2;2;1;0;0;0;0;0;0;0;0;0;0;0;0;0;0;0;0;0;0;0;0;0;0;2;Fuera de intersección o nudo;;;;999;Sin especificar;999;Sin especificar;999;Sin especificar;999;Sin especificar;999;Sin especificar;999;Sin especificar;999;Sin especificar;999;Sin especificar;999;Sin especificar;999;Sin especificar;999;Sin especificar;999;Sin especificar;999;Sin especificar;1;Nivel blanco;1;Seco y limpio;1;Luz del día natural, solar;1;Despejado;;;;;1;Buena visibilidad;998;No aplica;1;Recta;4.185.055;-743.182;POINT (-7.43182 41.85055)
51767;2017;3;Marzo;4;JUEVES;13;26;Rioja, La;0;;;No aplica;1;Carretera;1;VÍAS INTERURBANAS;N-111;293.8;3;Ambos;1;Estatal;6;Carretera Convencional de calzada única;1;Frontal                                            ;1;0;1;2;1;0;1;2;3;0;0;0;0;1;0;0;0;0;0;0;0;0;0;0;1;0;0;0;0;0;0;2;Fuera de intersección o nudo;;;;999;Sin especificar;999;Sin especificar;999;Sin especificar;999;Sin especificar;999;Sin especificar;999;Sin especificar;999;Sin especificar;999;Sin especificar;999;Sin especificar;999;Sin especificar;999;Sin especificar;999;Sin especificar;999;Sin especificar;1;Nivel blanco;1;Seco y limpio;1;Luz del día natural, solar;1;Despejado;;;;;1;Buena visibilidad;998;No aplica;1;Recta;4.224.591;-262.784;POINT (-2.62784 42.24591)
13538;2017;4;Abril;1;LUNES;5;8;Barcelona;8054;Castellbisbal;;No aplica;1;Carretera;1;VÍAS INTERURBANAS;B-151;4.8;4;Se desconoce;4;Municipal;5;Carretera Convencional de doble calzada;1;Frontal                                            ;0;0;3;3;0;0;3;3;2;0;0;0;0;0;0;0;0;0;0;0;0;0;0;0;0;0;0;0;0;0;0;2;Fuera de intersección o nudo;;;;999;Sin especificar;999;Sin especificar;999;Sin especificar;999;Sin especificar;999;Sin especificar;999;Sin especificar;999;Sin especificar;999;Sin especificar;999;Sin especificar;999;Sin especificar;999;Sin especificar;999;Sin especificar;999;Sin especificar;6;Se desconoce;1;Seco y limpio;5;Sin luz natural y con iluminación artificial no en;1;Despejado;;;;;18;Se desconoce;998;No aplica;4;Se desconoce;4.147.467;1.981.407;POINT (1.981407 41.47467)