secuencial;anyo;mes;nombre_mes;dia_semana;nombre_dia_semana;hora;cod_provincia;nombre_provincia;cod_municipio;nombre_codigo_municipio;isla;nombre_isla;zona;nombre_zona;zona_agrupada;nombre_zona_agrupada;carretera;km;sentido_1f;nombre_sentido;titularidad_via;nombre_titularidad_via;tipo_via;nombre_tipo_via;tipo_accidente;nombre_tipo_accidente;total_mu24h;total_hg24h;total_hl24h;total_victimas_24h;total_mu30df;total_hg30df;total_hl30df;total_victimas_30df;total_vehiculos;tot_peat_mu24h;tot_bici_mu24h;tot_ciclo_mu24h;tot_moto_mu24h;tot_tur_mu24h;tot_furg_mu24h;tot_cam_menos3500_mu24h;tot_cam_mas3500_mu24h;tot_bus_mu24h;tot_otro_mu24h;tot_sinespecif_mu24h;tot_peat_mu30df;tot_bici_mu30df;tot_ciclo_mu30df;tot_moto_mu30df;tot_tur_mu30df;tot_furg_mu30df;tot_cam_menos3500_mu30df;tot_cam_mas3500_mu30df;tot_bus_mu30df;tot_otro_mu30df;tot_sinespecif_mu30df;nudo;nombre_nudo;nudo_info;nombre_nudo_info;carretera_cruce;priori_norma;nombre_priori_norma;priori_agente;nombre_priori_agente;priori_semaforo;nombre_priori_semaforo;priori_vert_stop;nombre_priori_vert_stop;priori_vert_ceda;nombre_priori_priori_vert_ceda;priori_horiz_stop;nombre_priori_horiz_stop;priori_horiz_ceda;nombre_priori_horiz_ceda;priori_marcas;nombre_priori_marcas;priori_pea_no_elev;nombre_priori_pea_no_elev;priori_pea_elev;nombre_priori_pea_elev;priori_marca_ciclos;nombre_priori_marca_ciclos;priori_circunstancial;nombre_priori_circunstancial;priori_otra;nombre_priori_otra;condicion_nivel_circula;nombre_condicion_nivel_circula;condicion_firme;nombre_condicion_firme;condicion_iluminacion;nombre_condicion_iluminacion;condicion_meteo;nombre_condicion_meteo;condicion_niebla;nombre_condicion_niebla;condicion_viento;nombre_condicion_viento;visib_restringida_por;nombre_visib_restringida_por;acera;nombre_acera;trazado_planta;nombre_trazado_planta;latitud;longitud;geom
41245;2018;12;Diciembre;5;VIERNES;19;17;Girona;0;;;No aplica;1;Carretera;1;VÍAS INTERURBANAS;N-260;132;4;Se desconoce;1;Estatal;5;Carretera Convencional de doble calzada;20;Otro tipo de accidente                             ;0;0;2;2;0;0;2;2;2;0;0;0;0;0;0;0;0;0;0;0;0;0;0;0;0;0;0;0;0;0;0;2;Fuera de intersección o nudo;;;;999;Sin especificar;999;Sin especificar;999;Sin especificar;999;Sin especificar;999;Sin especificar;999;Sin especificar;999;Sin especificar;999;Sin especificar;999;Sin especificar;999;Sin especificar;999;Sin especificar;999;Sin especificar;999;Sin especificar;6;Se desconoce;1;Seco y limpio;5;Sin luz natural y con iluminación artificial no en;1;Despejado;;;;;18;Se desconoce;998;No aplica;4;Se desconoce;423.099;215.307;POINT (2.15307 42.3099)
42288;2018;7;Julio;6;SÁBADO;20;18;Granada;0;;;No aplica;1;Carretera;1;VÍAS INTERURBANAS;GR-3423;6.3;1;Ascendente;3;Provincial, Cabildo/Consell;6;Carretera Convencional de calzada única;18;Salida de la vía por la derecha con vuelco         ;0;1;0;1;0;1;0;1;1;0;0;0;0;0;0;0;0;0;0;0;0;0;0;0;0;0;0;0;0;0;0;2;Fuera de intersección o nudo;;;;999;Sin especificar;999;Sin especificar;999;Sin especificar;999;Sin especificar;999;Sin especificar;999;Sin especificar;999;Sin especificar;999;Sin especificar;999;Sin especificar;999;Sin especificar;999;Sin especificar;999;Sin especificar;999;Sin especificar;1;Nivel blanco;1;Seco y limpio;2;Amanecer o atardecer, sin luz artificial;1;Despejado;;;;;4;Configuración del terreno;998;No aplica;2;Curva señalizada;3.734.204;-357.598;POINT (-3.57598 37.34204)
91816;2019;12;Diciembre;7;DOMINGO;12;46;Valencia/València;0;;;No aplica;1;Carretera;1;VÍAS INTERURBANAS;CV-558;1.7;2;Descendente;3;Provincial, Cabildo/Consell;6;Carretera Convencional de calzada única;10;Caída                                              ;0;0;3;3;0;0;3;3;3;0;0;0;0;0;0;0;0;0;0;0;0;0;0;0;0;0;0;0;0;0;0;2;Fuera de intersección o nudo;;;;999;Sin especificar;999;Sin especificar;999;Sin especificar;999;Sin especificar;999;Sin especificar;999;Sin especificar;999;Sin especificar;999;Sin especificar;999;Sin especificar;999;Sin especificar;999;Sin especificar;999;Sin especificar;999;Sin especificar;1;Nivel blanco;1;Seco y limpio;1;Luz del día natural, solar;1;Despejado;;;;;1;Buena visibilidad;998;No aplica;1;Recta;3.907.439;-0.55364;POINT (-0.55364 39.07439)
50523;2019;6;Junio;6;SÁBADO;19;28;Madrid;28005;Alcalá de Henares;;No aplica;1;Carretera;1;VÍAS INTERURBANAS;A-2;32;2;Descendente;1;Estatal;3;Autovía;16;Salida de la vía por la derecha con colisión       ;1;0;0;1;1;0;0;1;1;0;0;0;1;0;0;0;0;0;0;0;0;0;0;1;0;0;0;0;0;0;0;2;Fuera de intersección o nudo;;;;999;Sin especificar;999;Sin especificar;999;Sin especificar;999;Sin especificar;999;Sin especificar;999;Sin especificar;999;Sin especificar;999;Sin especificar;999;Sin especificar;999;Sin especificar;999;Sin especificar;999;Sin especificar;999;Sin especificar;3;Nivel amarillo;1;Seco y limpio;1;Luz del día natural, solar;1;Despejado;;;;;1;Buena visibilidad;998;No aplica;2;Curva señalizada;4.048.166;-3.364.136;POINT (-3.364136 40.48166)
26193;2021;8;Agosto;3;MIÉRCOLES;14;11;Cádiz;11008;Barrios, Los;;No aplica;1;Carretera;1;VÍAS INTERURBANAS;A-7;114.5;2;Descendente;1;Estatal;3;Autovía;4;Por alcance                                        ;0;0;1;1;0;0;1;1;2;0;0;0;0;0;0;0;0;0;0;0;0;0;0;0;0;0;0;0;0;0;0;2;Fuera de intersección o nudo;;;;999;Sin especificar;999;Sin especificar;999;Sin especificar;999;Sin especificar;999;Sin especificar;999;Sin especificar;999;Sin especificar;999;Sin especificar;999;Sin especificar;999;Sin especificar;999;Sin especificar;999;Sin especificar;999;Sin especificar;1;Nivel blanco;1;Seco y limpio;1;Luz del día natural, solar;1;Despejado;;;;;1;Buena visibilidad;998;No aplica;1;Recta;3.618.539;-5.492.747;POINT (-5.492747 36.18539)
38579;2020;4;Abril;5;VIERNES;6;28;Madrid;28079;Madrid;;No aplica;1;Carretera;1;VÍAS INTERURBANAS;A-4;8.2;2;Descendente;1;Estatal;3;Autovía;4;Por alcance                                        ;0;0;2;2;0;0;2;2;3;0;0;0;0;0;0;0;0;0;0;0;0;0;0;0;0;0;0;0;0;0;0;2;Fuera de intersección o nudo;;;;999;Sin especificar;999;Sin especificar;999;Sin especificar;999;Sin especificar;999;Sin especificar;999;Sin especificar;999;Sin especificar;999;Sin especificar;999;Sin especificar;999;Sin especificar;999;Sin especificar;999;Sin especificar;999;Sin especificar;1;Nivel blanco;1;Seco y limpio;2;Amanecer o atardecer, sin luz artificial;1;Despejado;;;;;1;Buena visibilidad;998;No aplica;1;Recta;4.041.669;-3.700.346;POINT (-3.700346 40.41669)
43744;2019;11;Noviembre;2;MARTES;6;20;Gipuzkoa;20032;Elgoibar;;No aplica;1;Carretera;1;VÍAS INTERURBANAS;GI-2634;36.5;1;Ascendente;3;Provincial, Cabildo/Consell;6;Carretera Convencional de calzada única;6;Colisión contra obstáculo o elemento de la vía     ;0;0;1;1;0;0;1;1;1;0;0;0;0;0;0;0;0;0;0;0;0;0;0;0;0;0;0;0;0;0;0;2;Fuera de intersección o nudo;;;;999;Sin especificar;999;Sin especificar;999;Sin especificar;999;Sin especificar;999;Sin especificar;999;Sin especificar;999;Sin especificar;999;Sin especificar;999;Sin especificar;999;Sin especificar;999;Sin especificar;999;Sin especificar;999;Sin especificar;1;Nivel blanco;3;Mojado;2;Amanecer o atardecer, sin luz artificial;3;Lluvia débil;;;;;1;Buena visibilidad;998;No aplica;1;Recta;4.321.519;-2.415.703;POINT (-2.415703 43.21519)
49661;2017;1;Enero;5;VIERNES;13;24;León;0;;;No aplica;1;Carretera;1;VÍAS INTERURBANAS;LE-5225;5.8;2;Descendente;3;Provincial, Cabildo/Consell;6;Carretera Convencional de calzada única;17;Salida de la vía por la derecha con despeñamiento  ;0;0;1;1;0;0;1;1;1;0;0;0;0;0;0;0;0;0;0;0;0;0;0;0;0;0;0;0;0;0;0;2;Fuera de intersección o nudo;;;;999;Sin especificar;999;Sin especificar;999;Sin especificar;999;Sin especificar;999;Sin especificar;999;Sin especificar;999;Sin especificar;999;Sin especificar;999;Sin especificar;999;Sin especificar;999;Sin especificar;999;Sin especificar;999;Sin especificar;1;Nivel blanco;5;Con hielo;1;Luz del día natural, solar;1;Despejado;;;;;1;Buena visibilidad;998;No aplica;2;Curva señalizada;4.264.714;-680.522;POINT (-6.80522 42.64714)
37148;2016;6;Junio;4;JUEVES;14;14;Córdoba;14021;Córdoba;;No aplica;1;Carretera;1;VÍAS INTERURBANAS;N-437;2.8;1;Ascendente;1;Estatal;6;Carretera Convencional de calzada única;2;Fronto-lateral                                     ;0;0;1;1;0;0;1;1;2;0;0;0;0;0;0;0;0;0;0;0;0;0;0;0;0;0;0;0;0;0;0;1;En intersección o nudo;1;En X o +;CO-32;0;No;0;No;0;No;0;No;1;Sí;0;No;0;No;0;No;0;No;0;No;0;No;0;No;0;No;2;Nivel verde;1;Seco y limpio;1;Luz del día natural, solar;1;Despejado;;;;;999;Sin especificar;998;No aplica;1;Recta;3.788.473;-4.779.152;POINT (-4.779152 37.88473)
50214;2017;5;Mayo;5;VIERNES;23;25;Lleida;25072;Cervera;;No aplica;1;Carretera;1;VÍAS INTERURBANAS;A-2;520.1;4;Se desconoce;1;Estatal;3;Autovía;19;Salida de la vía por la derecha otro tipo          ;0;0;1;1;0;0;1;1;1;0;0;0;0;0;0;0;0;0;0;0;0;0;0;0;0;0;0;0;0;0;0;2;Fuera de intersección o nudo;;;;999;Sin especificar;999;Sin especificar;999;Sin especificar;999;Sin especificar;999;Sin especificar;999;Sin especificar;999;Sin especificar;999;Sin especificar;999;Sin especificar;999;Sin especificar;999;Sin especificar;999;Sin especificar;999;Sin especificar;6;Se desconoce;1;Seco y limpio;6;Sin luz natural ni artificial;1;Despejado;;;;;18;Se desconoce;998;No aplica;4;Se desconoce;4.166.832;1.275.151;POINT (1.275151 41.66832)
49918;2019;9;Septiembre;3;MIÉRCOLES;17;26;Rioja, La;0;;;No aplica;1;Carretera;1;VÍAS INTERURBANAS;LR-204;9.4;3;Ambos;2;Autonómica;6;Carretera Convencional de calzada única;2;Fronto-lateral                                     ;0;0;1;1;0;0;1;1;2;0;0;0;0;0;0;0;0;0;0;0;0;0;0;0;0;0;0;0;0;0;0;1;En intersección o nudo;1;En X o +;LR-420;0;No;0;No;0;No;0;No;0;No;0;No;0;No;1;Sí;0;No;0;No;0;No;0;No;0;No;1;Nivel blanco;1;Seco y limpio;1;Luz del día natural, solar;1;Despejado;;;;;4;Configuración del terreno;998;No aplica;1;Recta;4.238.811;-287.598;POINT (-2.87598 42.38811)
9823;2020;7;Julio;2;MARTES;17;8;Barcelona;8125;Montcada i Reixac;;No aplica;1;Carretera;1;VÍAS INTERURBANAS;BV-5001;8.4;4;Se desconoce;4;Municipal;5;Carretera Convencional de doble calzada;4;Por alcance                                        ;0;0;1;1;0;0;1;1;2;0;0;0;0;0;0;0;0;0;0;0;0;0;0;0;0;0;0;0;0;0;0;2;Fuera de intersección o nudo;;;;999;Sin especificar;999;Sin especificar;999;Sin especificar;999;Sin especificar;999;Sin especificar;999;Sin especificar;999;Sin especificar;999;Sin especificar;999;Sin especificar;999;Sin especificar;999;Sin especificar;999;Sin especificar;999;Sin especificar;6;Se desconoce;1;Seco y limpio;1;Luz del día natural, solar;1;Despejado;;;;;18;Se desconoce;998;No aplica;4;Se desconoce;4.149.232;219.522;POINT (2.19522 41.49232)
53378;2016;1;Enero;3;MIÉRCOLES;10;28;Madrid;28022;Boadilla del Monte;;No aplica;1;Carretera;1;VÍAS INTERURBANAS;M-513;10.2;2;Descendente;2;Autonómica;6;Carretera Convencional de calzada única;16;Salida de la vía por la derecha con colisión       ;0;0;1;1;0;0;1;1;1;0;0;0;0;0;0;0;0;0;0;0;0;0;0;0;0;0;0;0;0;0;0;1;En intersección o nudo;4;Glorieta;;1;Sí;0;No;0;No;0;No;0;No;0;No;0;No;0;No;0;No;0;No;0;No;0;No;0;No;1;Nivel blanco;7;Con aceite;1;Luz del día natural, solar;1;Despejado;;;;;999;Sin especificar;998;No aplica;2;Curva señalizada;4.040.525;-3.876.992;POINT (-3.876992 40.40525)
4170;2017;10;Octubre;1;LUNES;9;3;Alicante/Alacant;3111;Redován;;No aplica;1;Carretera;1;VÍAS INTERURBANAS;N-340;692.2;2;Descendente;1;Estatal;6;Carretera Convencional de calzada única;4;Por alcance                                        ;0;0;1;1;0;0;1;1;2;0;0;0;0;0;0;0;0;0;0;0;0;0;0;0;0;0;0;0;0;0;0;1;En intersección o nudo;1;En X o +;;0;No;0;No;1;Sí;0;No;0;No;0;No;0;No;0;No;0;No;0;No;0;No;0;No;0;No;1;Nivel blanco;1;Seco y limpio;1;Luz del día natural, solar;2;Nublado;;;;;1;Buena visibilidad;998;No aplica;1;Recta;3.811.617;-0.9107296;POINT (-0.9107296 38.11617)
74907;2017;7;Julio;4;JUEVES;0;33;Asturias;33031;Langreo;;No aplica;1;Carretera;1;VÍAS INTERURBANAS;LA-4;1;2;Descendente;2;Autonómica;6;Carretera Convencional de calzada única;15;Salida de la vía por la izquierda, otro tipo       ;0;0;4;4;0;0;4;4;1;0;0;0;0;0;0;0;0;0;0;0;0;0;0;0;0;0;0;0;0;0;0;2;Fuera de intersección o nudo;;;;999;Sin especificar;999;Sin especificar;999;Sin especificar;999;Sin especificar;999;Sin especificar;999;Sin especificar;999;Sin especificar;999;Sin especificar;999;Sin especificar;999;Sin especificar;999;Sin especificar;999;Sin especificar;999;Sin especificar;1;Nivel blanco;3;Mojado;5;Sin luz natural y con iluminación artificial no en;3;Lluvia débil;;;;;1;Buena visibilidad;998;No aplica;3;Curva sin señalizar;4.329.636;-5.682.541;POINT (-5.682541 43.29636)
46358;2018;5;Mayo;4;JUEVES;17;22;Huesca;0;;;No aplica;1;Carretera;1;VÍAS INTERURBANAS;A-1234;27;2;Descendente;2;Autonómica;6;Carretera Convencional de calzada única;18;Salida de la vía por la derecha con vuelco         ;0;0;3;3;0;0;3;3;1;0;0;0;0;0;0;0;0;0;0;0;0;0;0;0;0;0;0;0;0;0;0;2;Fuera de intersección o nudo;;;;999;Sin especificar;999;Sin especificar;999;Sin especificar;999;Sin especificar;999;Sin especificar;999;Sin especificar;999;Sin especificar;999;Sin especificar;999;Sin especificar;999;Sin especificar;999;Sin especificar;999;Sin especificar;999;Sin especificar;1;Nivel blanco;1;Seco y limpio;1;Luz del día natural, solar;1;Despejado;;;;;1;Buena visibilidad;998;No aplica;1;Recta;4.171.198;0.15375;POINT (0.15375 41.71198)
78507;2016;9;Septiembre;4;JUEVES;20;36;Pontevedra;36054;Tomiño;;No aplica;1;Carretera;1;VÍAS INTERURBANAS;PO-552;61.3;3;Ambos;2;Autonómica;6;Carretera Convencional de calzada única;2;Fronto-lateral                                     ;0;0;2;2;0;0;2;2;2;0;0;0;0;0;0;0;0;0;0;0;0;0;0;0;0;0;0;0;0;0;0;2;Fuera de intersección o nudo;;;;999;Sin especificar;999;Sin especificar;999;Sin especificar;999;Sin especificar;999;Sin especificar;999;Sin especificar;999;Sin especificar;999;Sin especificar;999;Sin especificar;999;Sin especificar;999;Sin especificar;999;Sin especificar;999;Sin especificar;999;Sin especificar;1;Seco y limpio;1;Luz del día natural, solar;1;Despejado;;;;;1;Buena visibilidad;998;No aplica;3;Curva sin señalizar;4.198.744;-8.745.583;POINT (-8.745583 41.98744)
15735;2016;8;Agosto;4;JUEVES;0;8;Barcelona;8135;Montmeló;;No aplica;1;Carretera;1;VÍAS INTERURBANAS;AP-7;135;4;Se desconoce;1;Estatal;1;Autopista de peaje;19;Salida de la vía por la derecha otro tipo          ;0;0;1;1;0;0;1;1;1;0;0;0;0;0;0;0;0;0;0;0;0;0;0;0;0;0;0;0;0;0;0;2;Fuera de intersección o nudo;;;;999;Sin especificar;999;Sin especificar;999;Sin especificar;999;Sin especificar;999;Sin especificar;999;Sin especificar;999;Sin especificar;999;Sin especificar;999;Sin especificar;999;Sin especificar;999;Sin especificar;999;Sin especificar;999;Sin especificar;6;Se desconoce;1;Seco y limpio;4;Sin luz natural y con iluminación artificial encen;1;Despejado;;;;;18;Se desconoce;998;No aplica;4;Se desconoce;4.154.255;2.263.779;POINT (2.263779 41.54255)
49752;2017;1;Enero;7;DOMINGO;11;25;Lleida;0;;;No aplica;1;Carretera;1;VÍAS INTERURBANAS;C-13;38.7;4;Se desconoce;4;Municipal;5;Carretera Convencional de doble calzada;19;Salida de la vía por la derecha otro tipo          ;0;0;1;1;0;0;1;1;1;0;0;0;0;0;0;0;0;0;0;0;0;0;0;0;0;0;0;0;0;0;0;2;Fuera de intersección o nudo;;;;999;Sin especificar;999;Sin especificar;999;Sin especificar;999;Sin especificar;999;Sin especificar;999;Sin especificar;999;Sin especificar;999;Sin especificar;999;Sin especificar;999;Sin especificar;999;Sin especificar;999;Sin especificar;999;Sin especificar;6;Se desconoce;1;Seco y limpio;1;Luz del día natural, solar;1;Despejado;;;;;18;Se desconoce;998;No aplica;4;Se desconoce;418.386;0.85836;POINT (0.85836 41.8386)
43132;2018;1;Enero;2;MARTES;13;18;Granada;18127;Maracena;;No aplica;1;Carretera;1;VÍAS INTERURBANAS;N-432;433;1;Ascendente;5;Otra;5;Carretera Convencional de doble calzada;3;Lateral                                            ;0;0;1;1;0;0;1;1;2;0;0;0;0;0;0;0;0;0;0;0;0;0;0;0;0;0;0;0;0;0;0;1;En intersección o nudo;4;Glorieta;N-432;0;No;0;No;0;No;0;No;0;No;0;No;1;Sí;0;No;0;No;0;No;0;No;0;No;0;No;3;Nivel amarillo;1;Seco y limpio;1;Luz del día natural, solar;1;Despejado;;;;;1;Buena visibilidad;998;No aplica;1;Recta;3.720.568;-3.636.805;POINT (-3.636805 37.20568)
3954;2020;9;Septiembre;3;MIÉRCOLES;18;4;Almería;4902;Ejido, El;;No aplica;1;Carretera;1;VÍAS INTERURBANAS;AL-4301;3.3;1;Ascendente;3;Provincial, Cabildo/Consell;6;Carretera Convencional de calzada única;1;Frontal                                            ;0;0;1;1;0;0;1;1;2;0;0;0;0;0;0;0;0;0;0;0;0;0;0;0;0;0;0;0;0;0;0;2;Fuera de intersección o nudo;;;;999;Sin especificar;999;Sin especificar;999;Sin especificar;999;Sin especificar;999;Sin especificar;999;Sin especificar;999;Sin especificar;999;Sin especificar;999;Sin especificar;999;Sin especificar;999;Sin especificar;999;Sin especificar;999;Sin especificar;2;Nivel verde;1;Seco y limpio;1;Luz del día natural, solar;1;Despejado;;;;;1;Buena visibilidad;998;No aplica;2;Curva señalizada;3.677.506;-2.812.738;POINT (-2.812738 36.77506)
17014;2017;11;Noviembre;7;DOMINGO;0;8;Barcelona;8291;Vacarisses;;No aplica;1;Carretera;1;VÍAS INTERURBANAS;C-58;32.9;4;Se desconoce;4;Municipal;5;Carretera Convencional de doble calzada;4;Por alcance                                        ;0;0;3;3;0;0;3;3;2;0;0;0;0;0;0;0;0;0;0;0;0;0;0;0;0;0;0;0;0;0;0;2;Fuera de intersección o nudo;;;;999;Sin especificar;999;Sin especificar;999;Sin especificar;999;Sin especificar;999;Sin especificar;999;Sin especificar;999;Sin especificar;999;Sin especificar;999;Sin especificar;999;Sin especificar;999;Sin especificar;999;Sin especificar;999;Sin especificar;6;Se desconoce;3;Mojado;5;Sin luz natural y con iluminación artificial no en;3;Lluvia débil;;;;;18;Se desconoce;998;No aplica;4;Se desconoce;4.160.627;1.919.159;POINT (1.919159 41.60627)
15346;2018;10;Octubre;2;MARTES;20;8;Barcelona;8113;Manresa;;No aplica;1;Carretera;1;VÍAS INTERURBANAS;C-25;131.8;4;Se desconoce;4;Municipal;3;Autovía;19;Salida de la vía por la derecha otro tipo          ;0;0;1;1;0;0;1;1;1;0;0;0;0;0;0;0;0;0;0;0;0;0;0;0;0;0;0;0;0;0;0;1;En intersección o nudo;999;Sin especificar;;0;No;0;No;0;No;0;No;0;No;0;No;0;No;0;No;0;No;0;No;0;No;0;No;1;Sí;6;Se desconoce;1;Seco y limpio;6;Sin luz natural ni artificial;1;Despejado;;;;;18;Se desconoce;998;No aplica;4;Se desconoce;4.172.517;1.823.353;POINT (1.823353 41.72517)
62796;2021;7;Julio;5;VIERNES;17;32;Ourense;0;;;No aplica;1;Carretera;1;VÍAS INTERURBANAS;OU-0111;5.45;1;Ascendente;3;Provincial, Cabildo/Consell;6;Carretera Convencional de calzada única;1;Frontal                                            ;0;0;2;2;0;0;2;2;2;0;0;0;0;0;0;0;0;0;0;0;0;0;0;0;0;0;0;0;0;0;0;2;Fuera de intersección o nudo;;;;999;Sin especificar;999;Sin especificar;999;Sin especificar;999;Sin especificar;999;Sin especificar;999;Sin especificar;999;Sin especificar;999;Sin especificar;999;Sin especificar;999;Sin especificar;999;Sin especificar;999;Sin especificar;999;Sin especificar;1;Nivel blanco;1;Seco y limpio;1;Luz del día natural, solar;1;Despejado;;;;;12;Vegetacion o árboles;998;No aplica;3;Curva sin señalizar;4.217.108;-77.382;POINT (-7.7382 42.17108)
34940;2018;10;Octubre;5;VIERNES;21;11;Cádiz;11033;San Roque;;No aplica;1;Carretera;1;VÍAS INTERURBANAS;N-351;3.8;2;Descendente;1;Estatal;6;Carretera Convencional de calzada única;2;Fronto-lateral                                     ;0;0;1;1;0;0;1;1;2;0;0;0;0;0;0;0;0;0;0;0;0;0;0;0;0;0;0;0;0;0;0;1;En intersección o nudo;2;En T o Y;;0;No;0;No;0;No;0;No;0;No;0;No;1;Sí;0;No;0;No;0;No;0;No;0;No;0;No;1;Nivel blanco;1;Seco y limpio;4;Sin luz natural y con iluminación artificial encen;1;Despejado;;;;;1;Buena visibilidad;998;No aplica;1;Recta;3.620.975;-5.384.572;POINT (-5.384572 36.20975)
83354;2019;6;Junio;2;MARTES;9;39;Cantabria;39073;Santa Cruz de Bezana;;No aplica;1;Carretera;1;VÍAS INTERURBANAS;CA-303;0.3;3;Ambos;2;Autonómica;6;Carretera Convencional de calzada única;1;Frontal                                            ;0;0;2;2;0;0;2;2;2;0;0;0;0;0;0;0;0;0;0;0;0;0;0;0;0;0;0;0;0;0;0;2;Fuera de intersección o nudo;;;;999;Sin especificar;999;Sin especificar;999;Sin especificar;999;Sin especificar;999;Sin especificar;999;Sin especificar;999;Sin especificar;999;Sin especificar;999;Sin especificar;999;Sin especificar;999;Sin especificar;999;Sin especificar;999;Sin especificar;1;Nivel blanco;3;Mojado;1;Luz del día natural, solar;2;Nublado;;;;;1;Buena visibilidad;998;No aplica;1;Recta;4.344.282;-3.904.777;POINT (-3.904777 43.44282)
49568;2017;8;Agosto;5;VIERNES;21;24;León;0;;;No aplica;1;Carretera;1;VÍAS INTERURBANAS;CL-622;33.5;2;Descendente;2;Autonómica;6;Carretera Convencional de calzada única;18;Salida de la vía por la derecha con vuelco         ;0;0;1;1;0;0;1;1;1;0;0;0;0;0;0;0;0;0;0;0;0;0;0;0;0;0;0;0;0;0;0;2;Fuera de intersección o nudo;;;;999;Sin especificar;999;Sin especificar;999;Sin especificar;999;Sin especificar;999;Sin especificar;999;Sin especificar;999;Sin especificar;999;Sin especificar;999;Sin especificar;999;Sin especificar;999;Sin especificar;999;Sin especificar;999;Sin especificar;1;Nivel blanco;1;Seco y limpio;6;Sin luz natural ni artificial;1;Despejado;;;;;1;Buena visibilidad;998;No aplica;3;Curva sin señalizar;4.232.918;-581.006;POINT (-5.81006 42.32918)
97451;2018;10;Octubre;6;SÁBADO;19;49;Zamora;0;;;No aplica;1;Carretera;1;VÍAS INTERURBANAS;N-525;62.98;2;Descendente;1;Estatal;6;Carretera Convencional de calzada única;19;Salida de la vía por la derecha otro tipo          ;0;0;1;1;0;0;1;1;1;0;0;0;0;0;0;0;0;0;0;0;0;0;0;0;0;0;0;0;0;0;0;2;Fuera de intersección o nudo;;;;999;Sin especificar;999;Sin especificar;999;Sin especificar;999;Sin especificar;999;Sin especificar;999;Sin especificar;999;Sin especificar;999;Sin especificar;999;Sin especificar;999;Sin especificar;999;Sin especificar;999;Sin especificar;999;Sin especificar;1;Nivel blanco;1;Seco y limpio;1;Luz del día natural, solar;1;Despejado;;;;;1;Buena visibilidad;998;No aplica;1;Recta;4.203.098;-6.399;POINT (-6.399 42.03098)
49341;2017;11;Noviembre;1;LUNES;8;24;León;0;;;No aplica;1;Carretera;1;VÍAS INTERURBANAS;LE-6610;2;3;Ambos;3;Provincial, Cabildo/Consell;6;Carretera Convencional de calzada única;2;Fronto-lateral                                     ;0;0;1;1;0;0;1;1;2;0;0;0;0;0;0;0;0;0;0;0;0;0;0;0;0;0;0;0;0;0;0;2;Fuera de intersección o nudo;;;;999;Sin especificar;999;Sin especificar;999;Sin especificar;999;Sin especificar;999;Sin especificar;999;Sin especificar;999;Sin especificar;999;Sin especificar;999;Sin especificar;999;Sin especificar;999;Sin especificar;999;Sin especificar;999;Sin especificar;1;Nivel blanco;1;Seco y limpio;1;Luz del día natural, solar;1;Despejado;;;;;1;Buena visibilidad;998;No aplica;1;Recta;4.237.982;-53.909;POINT (-5.3909 42.37982)
31083;2019;6;Junio;7;DOMINGO;19;9;Burgos;0;;;No aplica;1;Carretera;1;VÍAS INTERURBANAS;CL-629;103;1;Ascendente;2;Autonómica;6;Carretera Convencional de calzada única;3;Lateral                                            ;0;0;2;2;0;0;2;2;2;0;0;0;0;0;0;0;0;0;0;0;0;0;0;0;0;0;0;0;0;0;0;2;Fuera de intersección o nudo;;;;999;Sin especificar;999;Sin especificar;999;Sin especificar;999;Sin especificar;999;Sin especificar;999;Sin especificar;999;Sin especificar;999;Sin especificar;999;Sin especificar;999;Sin especificar;999;Sin especificar;999;Sin especificar;999;Sin especificar;3;Nivel amarillo;1;Seco y limpio;1;Luz del día natural, solar;2;Nublado;;;;;18;Se desconoce;998;No aplica;1;Recta;4.312.494;-326.168;POINT (-3.26168 43.12494)
40603;2019;10;Octubre;2;MARTES;14;17;Girona;17213;Vidreres;;No aplica;1;Carretera;1;VÍAS INTERURBANAS;N-II;692.5;4;Se desconoce;1;Estatal;5;Carretera Convencional de doble calzada;19;Salida de la vía por la derecha otro tipo          ;0;0;1;1;0;0;1;1;1;0;0;0;0;0;0;0;0;0;0;0;0;0;0;0;0;0;0;0;0;0;0;2;Fuera de intersección o nudo;;;;999;Sin especificar;999;Sin especificar;999;Sin especificar;999;Sin especificar;999;Sin especificar;999;Sin especificar;999;Sin especificar;999;Sin especificar;999;Sin especificar;999;Sin especificar;999;Sin especificar;999;Sin especificar;999;Sin especificar;6;Se desconoce;1;Seco y limpio;1;Luz del día natural, solar;1;Despejado;;;;;18;Se desconoce;998;No aplica;4;Se desconoce;4.179.027;2.780.014;POINT (2.780014 41.79027)