secuencial;anyo;mes;nombre_mes;dia_semana;nombre_dia_semana;hora;cod_provincia;nombre_provincia;cod_municipio;nombre_codigo_municipio;isla;nombre_isla;zona;nombre_zona;zona_agrupada;nombre_zona_agrupada;carretera;km;sentido_1f;nombre_sentido;titularidad_via;nombre_titularidad_via;tipo_via;nombre_tipo_via;tipo_accidente;nombre_tipo_accidente;total_mu24h;total_hg24h;total_hl24h;total_victimas_24h;total_mu30df;total_hg30df;total_hl30df;total_victimas_30df;total_vehiculos;tot_peat_mu24h;tot_bici_mu24h;tot_ciclo_mu24h;tot_moto_mu24h;tot_tur_mu24h;tot_furg_mu24h;tot_cam_menos3500_mu24h;tot_cam_mas3500_mu24h;tot_bus_mu24h;tot_otro_mu24h;tot_sinespecif_mu24h;tot_peat_mu30df;tot_bici_mu30df;tot_ciclo_mu30df;tot_moto_mu30df;tot_tur_mu30df;tot_furg_mu30df;tot_cam_menos3500_mu30df;tot_cam_mas3500_mu30df;tot_bus_mu30df;tot_otro_mu30df;tot_sinespecif_mu30df;nudo;nombre_nudo;nudo_info;nombre_nudo_info;carretera_cruce;priori_norma;nombre_priori_norma;priori_agente;nombre_priori_agente;priori_semaforo;nombre_priori_semaforo;priori_vert_stop;nombre_priori_vert_stop;priori_vert_ceda;nombre_priori_priori_vert_ceda;priori_horiz_stop;nombre_priori_horiz_stop;priori_horiz_ceda;nombre_priori_horiz_ceda;priori_marcas;nombre_priori_marcas;priori_pea_no_elev;nombre_priori_pea_no_elev;priori_pea_elev;nombre_priori_pea_elev;priori_marca_ciclos;nombre_priori_marca_ciclos;priori_circunstancial;nombre_priori_circunstancial;priori_otra;nombre_priori_otra;condicion_nivel_circula;nombre_condicion_nivel_circula;condicion_firme;nombre_condicion_firme;condicion_iluminacion;nombre_condicion_iluminacion;condicion_meteo;nombre_condicion_meteo;condicion_niebla;nombre_condicion_niebla;condicion_viento;nombre_condicion_viento;visib_restringida_por;nombre_visib_restringida_por;acera;nombre_acera;trazado_planta;nombre_trazado_planta;latitud;longitud;geom
53550;2017;1;Enero;6;SÁBADO;5;28;Madrid;28040;Ciempozuelos;;No aplica;1;Carretera;1;VÍAS INTERURBANAS;A-4;32;1;Ascendente;1;Estatal;3;Autovía;12;Salida de la vía por la izquierda con colisión     ;0;0;1;1;0;0;1;1;1;0;0;0;0;0;0;0;0;0;0;0;0;0;0;0;0;0;0;0;0;0;0;2;Fuera de intersección o nudo;;;;999;Sin especificar;999;Sin especificar;999;Sin especificar;999;Sin especificar;999;Sin especificar;999;Sin especificar;999;Sin especificar;999;Sin especificar;999;Sin especificar;999;Sin especificar;999;Sin especificar;999;Sin especificar;999;Sin especificar;1;Nivel blanco;1;Seco y limpio;3;Amanecer o atardecer, con luz artificial;1;Despejado;;;;;1;Buena visibilidad;998;No aplica;1;Recta;4.015.934;-36.184;POINT (-3.6184 40.15934)
45486;2017;11;Noviembre;6;SÁBADO;13;20;Gipuzkoa;20045;Irun;;No aplica;1;Carretera;1;VÍAS INTERURBANAS;N-121-A;75;2;Descendente;3;Provincial, Cabildo/Consell;5;Carretera Convencional de doble calzada;7;Atropello a personas                               ;0;0;1;1;0;0;1;1;1;0;0;0;0;0;0;0;0;0;0;0;0;0;0;0;0;0;0;0;0;0;0;2;Fuera de intersección o nudo;;;;999;Sin especificar;999;Sin especificar;999;Sin especificar;999;Sin especificar;999;Sin especificar;999;Sin especificar;999;Sin especificar;999;Sin especificar;999;Sin especificar;999;Sin especificar;999;Sin especificar;999;Sin especificar;999;Sin especificar;1;Nivel blanco;1;Seco y limpio;1;Luz del día natural, solar;1;Despejado;;;;;1;Buena visibilidad;4;Elevada;2;Curva señalizada;4.333.823;-1.789.272;POINT (-1.789272 43.33823)
42924;2019;4;Abril;4;JUEVES;15;18;Granada;18150;Padul;;No aplica;1;Carretera;1;VÍAS INTERURBANAS;A-44;147.8;2;Descendente;1;Estatal;3;Autovía;19;Salida de la vía por la derecha otro tipo          ;0;0;1;1;0;0;1;1;1;0;0;0;0;0;0;0;0;0;0;0;0;0;0;0;0;0;0;0;0;0;0;2;Fuera de intersección o nudo;;;;999;Sin especificar;999;Sin especificar;999;Sin especificar;999;Sin especificar;999;Sin especificar;999;Sin especificar;999;Sin especificar;999;Sin especificar;999;Sin especificar;999;Sin especificar;999;Sin especificar;999;Sin especificar;999;Sin especificar;1;Nivel blanco;3;Mojado;1;Luz del día natural, solar;3;Lluvia débil;;;;;1;Buena visibilidad;998;No aplica;1;Recta;3.702.432;-3.626.719;POINT (-3.626719 37.02432)
42888;2018;10;Octubre;6;SÁBADO;20;18;Granada;18087;Granada;;No aplica;1;Carretera;1;VÍAS INTERURBANAS;A-44;124.4;2;Descendente;1;Estatal;3;Autovía;5;Múltiple o en caravana                             ;0;0;1;1;0;0;1;1;3;0;0;0;0;0;0;0;0;0;0;0;0;0;0;0;0;0;0;0;0;0;0;2;Fuera de intersección o nudo;;;;999;Sin especificar;999;Sin especificar;999;Sin especificar;999;Sin especificar;999;Sin especificar;999;Sin especificar;999;Sin especificar;999;Sin especificar;999;Sin especificar;999;Sin especificar;999;Sin especificar;999;Sin especificar;999;Sin especificar;1;Nivel blanco;1;Seco y limpio;4;Sin luz natural y con iluminación artificial encen;1;Despejado;;;;;1;Buena visibilidad;998;No aplica;1;Recta;3.717.649;-3.597.929;POINT (-3.597929 37.17649)
13489;2019;5;Mayo;4;JUEVES;13;8;Barcelona;0;;;No aplica;1;Carretera;1;VÍAS INTERURBANAS;B-124;18.5;4;Se desconoce;4;Municipal;5;Carretera Convencional de doble calzada;19;Salida de la vía por la derecha otro tipo          ;0;0;1;1;0;0;1;1;1;0;0;0;0;0;0;0;0;0;0;0;0;0;0;0;0;0;0;0;0;0;0;2;Fuera de intersección o nudo;;;;999;Sin especificar;999;Sin especificar;999;Sin especificar;999;Sin especificar;999;Sin especificar;999;Sin especificar;999;Sin especificar;999;Sin especificar;999;Sin especificar;999;Sin especificar;999;Sin especificar;999;Sin especificar;999;Sin especificar;6;Se desconoce;1;Seco y limpio;1;Luz del día natural, solar;1;Despejado;;;;;18;Se desconoce;998;No aplica;4;Se desconoce;4.167.335;205.516;POINT (2.05516 41.67335)
44833;2017;11;Noviembre;6;SÁBADO;5;19;Guadalajara;19024;Alovera;;No aplica;1;Carretera;1;VÍAS INTERURBANAS;A-2;47.9;2;Descendente;1;Estatal;3;Autovía;16;Salida de la vía por la derecha con colisión       ;0;0;3;3;0;0;3;3;1;0;0;0;0;0;0;0;0;0;0;0;0;0;0;0;0;0;0;0;0;0;0;2;Fuera de intersección o nudo;;;;999;Sin especificar;999;Sin especificar;999;Sin especificar;999;Sin especificar;999;Sin especificar;999;Sin especificar;999;Sin especificar;999;Sin especificar;999;Sin especificar;999;Sin especificar;999;Sin especificar;999;Sin especificar;999;Sin especificar;1;Nivel blanco;3;Mojado;6;Sin luz natural ni artificial;1;Despejado;;;;;1;Buena visibilidad;998;No aplica;1;Recta;4.063.814;-3.238.199;POINT (-3.238199 40.63814)
24626;2017;6;Junio;3;MIÉRCOLES;7;8;Barcelona;8019;Barcelona;;No aplica;1;Carretera;1;VÍAS INTERURBANAS;B-10;12.9;4;Se desconoce;1;Estatal;3;Autovía;20;Otro tipo de accidente                             ;0;0;2;2;0;0;2;2;4;0;0;0;0;0;0;0;0;0;0;0;0;0;0;0;0;0;0;0;0;0;0;2;Fuera de intersección o nudo;;;;999;Sin especificar;999;Sin especificar;999;Sin especificar;999;Sin especificar;999;Sin especificar;999;Sin especificar;999;Sin especificar;999;Sin especificar;999;Sin especificar;999;Sin especificar;999;Sin especificar;999;Sin especificar;999;Sin especificar;6;Se desconoce;1;Seco y limpio;1;Luz del día natural, solar;1;Despejado;1;Niebla ligera;;;18;Se desconoce;998;No aplica;4;Se desconoce;4.138.792;2.169.919;POINT (2.169919 41.38792)
60196;2021;6;Junio;3;MIÉRCOLES;16;30;Murcia;30029;Mula;;No aplica;1;Carretera;1;VÍAS INTERURBANAS;RM-552;16.12;2;Descendente;2;Autonómica;6;Carretera Convencional de calzada única;16;Salida de la vía por la derecha con colisión       ;0;0;2;2;0;0;2;2;1;0;0;0;0;0;0;0;0;0;0;0;0;0;0;0;0;0;0;0;0;0;0;2;Fuera de intersección o nudo;;;;999;Sin especificar;999;Sin especificar;999;Sin especificar;999;Sin especificar;999;Sin especificar;999;Sin especificar;999;Sin especificar;999;Sin especificar;999;Sin especificar;999;Sin especificar;999;Sin especificar;999;Sin especificar;999;Sin especificar;1;Nivel blanco;1;Seco y limpio;1;Luz del día natural, solar;1;Despejado;;;;;1;Buena visibilidad;998;No aplica;1;Recta;3.812.903;-15.793;POINT (-1.5793 38.12903)
68141;2017;4;Abril;2;MARTES;19;28;Madrid;28161;Valdemoro;;No aplica;1;Carretera;1;VÍAS INTERURBANAS;M-423;5.4;1;Ascendente;2;Autonómica;3;Autovía;2;Fronto-lateral                                     ;0;0;1;1;0;0;1;1;2;0;0;0;0;0;0;0;0;0;0;0;0;0;0;0;0;0;0;0;0;0;0;1;En intersección o nudo;4;Glorieta;R-4;0;No;0;No;0;No;0;No;1;Sí;0;No;0;No;0;No;0;No;0;No;0;No;0;No;0;No;1;Nivel blanco;1;Seco y limpio;1;Luz del día natural, solar;1;Despejado;;;;;1;Buena visibilidad;998;No aplica;2;Curva señalizada;4.019.269;-3.679.874;POINT (-3.679874 40.19269)
71006;2019;9;Septiembre;1;LUNES;18;29;Málaga;29082;Rincón de la Victoria;;No aplica;1;Carretera;1;VÍAS INTERURBANAS;A-7;258;1;Ascendente;1;Estatal;3;Autovía;5;Múltiple o en caravana                             ;2;1;2;5;2;1;2;5;5;0;0;0;1;0;0;0;1;0;0;0;0;0;0;1;0;0;0;1;0;0;0;2;Fuera de intersección o nudo;;;;999;Sin especificar;999;Sin especificar;999;Sin especificar;999;Sin especificar;999;Sin especificar;999;Sin especificar;999;Sin especificar;999;Sin especificar;999;Sin especificar;999;Sin especificar;999;Sin especificar;999;Sin especificar;999;Sin especificar;1;Nivel blanco;1;Seco y limpio;1;Luz del día natural, solar;1;Despejado;;;;;1;Buena visibilidad;998;No aplica;3;Curva sin señalizar;3.671.566;-4.275.504;POINT (-4.275504 36.71566)
100130;2016;12;Diciembre;3;MIÉRCOLES;10;3;Alicante/Alacant;3009;Alcoy/Alcoi;;No aplica;1;Carretera;1;VÍAS INTERURBANAS;A-7;449;1;Ascendente;1;Estatal;3;Autovía;2;Fronto-lateral                                     ;0;0;1;1;0;0;1;1;2;0;0;0;0;0;0;0;0;0;0;0;0;0;0;0;0;0;0;0;0;0;0;1;En intersección o nudo;4;Glorieta;A-7;0;No;0;No;0;No;0;No;1;Sí;0;No;1;Sí;0;No;0;No;0;No;0;No;0;No;0;No;1;Nivel blanco;3;Mojado;1;Luz del día natural, solar;3;Lluvia débil;;;;;1;Buena visibilidad;998;No aplica;2;Curva señalizada;3.869.763;-0.4730959;POINT (-0.4730959 38.69763)
67403;2017;10;Octubre;5;VIERNES;8;28;Madrid;28130;San Fernando de Henares;;No aplica;1;Carretera;1;VÍAS INTERURBANAS;M-45;32.3;1;Ascendente;2;Autonómica;2;Autopista libre;5;Múltiple o en caravana                             ;0;0;1;1;0;0;1;1;3;0;0;0;0;0;0;0;0;0;0;0;0;0;0;0;0;0;0;0;0;0;0;2;Fuera de intersección o nudo;;;;999;Sin especificar;999;Sin especificar;999;Sin especificar;999;Sin especificar;999;Sin especificar;999;Sin especificar;999;Sin especificar;999;Sin especificar;999;Sin especificar;999;Sin especificar;999;Sin especificar;999;Sin especificar;999;Sin especificar;3;Nivel amarillo;1;Seco y limpio;2;Amanecer o atardecer, sin luz artificial;1;Despejado;;;;;1;Buena visibilidad;998;No aplica;1;Recta;4.042.553;-3.536.694;POINT (-3.536694 40.42553)
90626;2016;8;Agosto;6;SÁBADO;18;45;Toledo;0;;;No aplica;1;Carretera;1;VÍAS INTERURBANAS;A-4;101.7;2;Descendente;1;Estatal;3;Autovía;18;Salida de la vía por la derecha con vuelco         ;0;1;1;2;0;1;1;2;1;0;0;0;0;0;0;0;0;0;0;0;0;0;0;0;0;0;0;0;0;0;0;2;Fuera de intersección o nudo;;;;999;Sin especificar;999;Sin especificar;999;Sin especificar;999;Sin especificar;999;Sin especificar;999;Sin especificar;999;Sin especificar;999;Sin especificar;999;Sin especificar;999;Sin especificar;999;Sin especificar;999;Sin especificar;999;Sin especificar;1;Nivel blanco;1;Seco y limpio;1;Luz del día natural, solar;2;Nublado;;;;;1;Buena visibilidad;998;No aplica;1;Recta;396.583;-351.349;POINT (-3.51349 39.6583)
69199;2020;8;Agosto;2;MARTES;17;50;Zaragoza;0;;;No aplica;1;Carretera;1;VÍAS INTERURBANAS;N-II;379;1;Ascendente;1;Estatal;6;Carretera Convencional de calzada única;12;Salida de la vía por la izquierda con colisión     ;0;0;1;1;0;0;1;1;3;0;0;0;0;0;0;0;0;0;0;0;0;0;0;0;0;0;0;0;0;0;0;2;Fuera de intersección o nudo;;;;999;Sin especificar;999;Sin especificar;999;Sin especificar;999;Sin especificar;999;Sin especificar;999;Sin especificar;999;Sin especificar;999;Sin especificar;999;Sin especificar;999;Sin especificar;999;Sin especificar;999;Sin especificar;999;Sin especificar;2;Nivel verde;1;Seco y limpio;1;Luz del día natural, solar;1;Despejado;;;;;1;Buena visibilidad;998;No aplica;2;Curva señalizada;4.149.673;-0.29509;POINT (-0.29509 41.49673)
82340;2018;8;Agosto;5;VIERNES;11;39;Cantabria;0;;;No aplica;1;Carretera;1;VÍAS INTERURBANAS;CA-141;30.34;2;Descendente;2;Autonómica;6;Carretera Convencional de calzada única;4;Por alcance                                        ;0;1;0;1;0;1;0;1;2;0;0;0;0;0;0;0;0;0;0;0;0;0;0;0;0;0;0;0;0;0;0;1;En intersección o nudo;2;En T o Y;;1;Sí;0;No;0;No;0;No;0;No;0;No;0;No;0;No;0;No;0;No;0;No;0;No;0;No;1;Nivel blanco;1;Seco y limpio;1;Luz del día natural, solar;1;Despejado;;;;;1;Buena visibilidad;998;No aplica;1;Recta;4.346.652;-354.064;POINT (-3.54064 43.46652)
79164;2021;3;Marzo;7;DOMINGO;10;46;Valencia/València;46244;Torrent;;No aplica;1;Carretera;1;VÍAS INTERURBANAS;CV-405;7.25;1;Ascendente;3;Provincial, Cabildo/Consell;6;Carretera Convencional de calzada única;15;Salida de la vía por la izquierda, otro tipo       ;0;1;0;1;0;1;0;1;2;0;0;0;0;0;0;0;0;0;0;0;0;0;0;0;0;0;0;0;0;0;0;2;Fuera de intersección o nudo;;;;999;Sin especificar;999;Sin especificar;999;Sin especificar;999;Sin especificar;999;Sin especificar;999;Sin especificar;999;Sin especificar;999;Sin especificar;999;Sin especificar;999;Sin especificar;999;Sin especificar;999;Sin especificar;999;Sin especificar;1;Nivel blanco;1;Seco y limpio;1;Luz del día natural, solar;1;Despejado;;;;;1;Buena visibilidad;998;No aplica;2;Curva señalizada;3.939.049;-0.54058;POINT (-0.54058 39.39049)
90192;2016;5;Mayo;2;MARTES;19;45;Toledo;0;;;No aplica;1;Carretera;1;VÍAS INTERURBANAS;A-4;83.8;2;Descendente;1;Estatal;3;Autovía;18;Salida de la vía por la derecha con vuelco         ;0;1;2;3;0;1;2;3;1;0;0;0;0;0;0;0;0;0;0;0;0;0;0;0;0;0;0;0;0;0;0;1;En intersección o nudo;10;Enlace con carriles de cambio de velocidad paralelos al tronco;A-4;1;Sí;0;No;0;No;0;No;0;No;0;No;0;No;0;No;0;No;0;No;0;No;0;No;0;No;1;Nivel blanco;1;Seco y limpio;1;Luz del día natural, solar;1;Despejado;;;;;1;Buena visibilidad;998;No aplica;1;Recta;3.980.655;-347.879;POINT (-3.47879 39.80655)
9905;2021;3;Marzo;1;LUNES;8;8;Barcelona;8022;Berga;;No aplica;1;Carretera;1;VÍAS INTERURBANAS;C-26;146.1;4;Se desconoce;5;Otra;6;Carretera Convencional de calzada única;4;Por alcance                                        ;0;0;1;1;0;0;1;1;3;0;0;0;0;0;0;0;0;0;0;0;0;0;0;0;0;0;0;0;0;0;0;2;Fuera de intersección o nudo;;;;0;No;0;No;0;No;0;No;0;No;0;No;0;No;0;No;0;No;0;No;0;No;0;No;1;Sí;999;Sin especificar;1;Seco y limpio;1;Luz del día natural, solar;1;Despejado;;;1;Viento fuerte;999;Sin especificar;998;No aplica;4;Se desconoce;420.944;185.124;POINT (1.85124 42.0944)
63780;2020;11;Noviembre;1;LUNES;11;44;Teruel;44216;Teruel;;No aplica;1;Carretera;1;VÍAS INTERURBANAS;TE-V-6014;0.9;1;Ascendente;3;Provincial, Cabildo/Consell;6;Carretera Convencional de calzada única;14;Salida de la vía por la izquierda con vuelco       ;0;0;1;1;0;0;1;1;1;0;0;0;0;0;0;0;0;0;0;0;0;0;0;0;0;0;0;0;0;0;0;2;Fuera de intersección o nudo;;;;999;Sin especificar;999;Sin especificar;999;Sin especificar;999;Sin especificar;999;Sin especificar;999;Sin especificar;999;Sin especificar;999;Sin especificar;999;Sin especificar;999;Sin especificar;999;Sin especificar;999;Sin especificar;999;Sin especificar;2;Nivel verde;1;Seco y limpio;1;Luz del día natural, solar;1;Despejado;;;;;1;Buena visibilidad;998;No aplica;1;Recta;4.034.411;-110.691;POINT (-1.10691 40.34411)
79550;2016;5;Mayo;5;VIERNES;17;38;Santa Cruz de Tenerife;38001;Adeje;10;Tenerife;1;Carretera;1;VÍAS INTERURBANAS;TF-1;78.48;2;Descendente;3;Provincial, Cabildo/Consell;2;Autopista libre;4;Por alcance                                        ;0;1;1;2;0;1;1;2;2;0;0;0;0;0;0;0;0;0;0;0;0;0;0;0;0;0;0;0;0;0;0;2;Fuera de intersección o nudo;;;;999;Sin especificar;999;Sin especificar;999;Sin especificar;999;Sin especificar;999;Sin especificar;999;Sin especificar;999;Sin especificar;999;Sin especificar;999;Sin especificar;999;Sin especificar;999;Sin especificar;999;Sin especificar;999;Sin especificar;3;Nivel amarillo;1;Seco y limpio;1;Luz del día natural, solar;1;Despejado;;;;;4;Configuración del terreno;998;No aplica;3;Curva sin señalizar;2.812.185;-1.672.464;POINT (-16.72464 28.12185)
5217;2019;4;Abril;6;SÁBADO;23;4;Almería;4079;Roquetas de Mar;;No aplica;1;Carretera;1;VÍAS INTERURBANAS;CV-50.EJ;0.8;2;Descendente;4;Municipal;10;Camino vecinal;6;Colisión contra obstáculo o elemento de la vía     ;0;0;1;1;0;0;1;1;1;0;0;0;0;0;0;0;0;0;0;0;0;0;0;0;0;0;0;0;0;0;0;2;Fuera de intersección o nudo;;;;999;Sin especificar;999;Sin especificar;999;Sin especificar;999;Sin especificar;999;Sin especificar;999;Sin especificar;999;Sin especificar;999;Sin especificar;999;Sin especificar;999;Sin especificar;999;Sin especificar;999;Sin especificar;999;Sin especificar;1;Nivel blanco;1;Seco y limpio;6;Sin luz natural ni artificial;1;Despejado;;;;;1;Buena visibilidad;998;No aplica;1;Recta;3.683.145;-2.642.515;POINT (-2.642515 36.83145)
37070;2017;7;Julio;1;LUNES;17;13;Ciudad Real;13082;Tomelloso;;No aplica;1;Carretera;1;VÍAS INTERURBANAS;CR-1225;9.2;2;Descendente;3;Provincial, Cabildo/Consell;6;Carretera Convencional de calzada única;18;Salida de la vía por la derecha con vuelco         ;0;0;2;2;0;0;2;2;1;0;0;0;0;0;0;0;0;0;0;0;0;0;0;0;0;0;0;0;0;0;0;2;Fuera de intersección o nudo;;;;999;Sin especificar;999;Sin especificar;999;Sin especificar;999;Sin especificar;999;Sin especificar;999;Sin especificar;999;Sin especificar;999;Sin especificar;999;Sin especificar;999;Sin especificar;999;Sin especificar;999;Sin especificar;999;Sin especificar;1;Nivel blanco;1;Seco y limpio;1;Luz del día natural, solar;1;Despejado;;;;;1;Buena visibilidad;998;No aplica;1;Recta;3.915.775;-3.020.807;POINT (-3.020807 39.15775)
5084;2020;2;Febrero;7;DOMINGO;10;7;Balears, Illes;7014;Capdepera;1;Mallorca;1;Carretera;1;VÍAS INTERURBANAS;Ma-4042;4;3;Ambos;3;Provincial, Cabildo/Consell;6;Carretera Convencional de calzada única;2;Fronto-lateral                                     ;0;0;1;1;0;0;1;1;2;0;0;0;0;0;0;0;0;0;0;0;0;0;0;0;0;0;0;0;0;0;0;1;En intersección o nudo;2;En T o Y;;1;Sí;0;No;0;No;0;No;0;No;0;No;0;No;0;No;0;No;0;No;0;No;0;No;0;No;1;Nivel blanco;1;Seco y limpio;1;Luz del día natural, solar;1;Despejado;;;;;1;Buena visibilidad;998;No aplica;1;Recta;3.970.133;3.435.561;POINT (3.435561 39.70133)
52527;2018;12;Diciembre;2;MARTES;8;28;Madrid;28059;Fuente el Saz de Jarama;;No aplica;1;Carretera;1;VÍAS INTERURBANAS;M-103;14.6;2;Descendente;2;Autonómica;6;Carretera Convencional de calzada única;5;Múltiple o en caravana                             ;0;0;1;1;0;0;1;1;4;0;0;0;0;0;0;0;0;0;0;0;0;0;0;0;0;0;0;0;0;0;0;1;En intersección o nudo;4;Glorieta;;0;No;0;No;0;No;0;No;1;Sí;0;No;0;No;0;No;0;No;0;No;0;No;0;No;0;No;1;Nivel blanco;1;Seco y limpio;1;Luz del día natural, solar;1;Despejado;;;;;1;Buena visibilidad;998;No aplica;1;Recta;4.063.877;-351.129;POINT (-3.51129 40.63877)
53520;2021;9;Septiembre;5;VIERNES;10;28;Madrid;28104;Paracuellos de Jarama;;No aplica;1;Carretera;1;VÍAS INTERURBANAS;M-50;10.3;2;Descendente;1;Estatal;2;Autopista libre;4;Por alcance                                        ;0;1;0;1;1;0;0;1;2;0;0;0;0;0;0;0;0;0;0;0;0;0;0;0;1;0;0;0;0;0;0;2;Fuera de intersección o nudo;;;;999;Sin especificar;999;Sin especificar;999;Sin especificar;999;Sin especificar;999;Sin especificar;999;Sin especificar;999;Sin especificar;999;Sin especificar;999;Sin especificar;999;Sin especificar;999;Sin especificar;999;Sin especificar;999;Sin especificar;2;Nivel verde;1;Seco y limpio;1;Luz del día natural, solar;1;Despejado;;;;;1;Buena visibilidad;998;No aplica;1;Recta;4.050.481;-353.227;POINT (-3.53227 40.50481)
77051;2021;6;Junio;2;MARTES;20;43;Tarragona;43148;Tarragona;;No aplica;2;Travesía;2;VÍAS URBANAS;N-340;1161;4;Se desconoce;5;Otra;6;Carretera Convencional de calzada única;4;Por alcance                                        ;0;0;1;1;0;0;1;1;2;0;0;0;0;0;0;0;0;0;0;0;0;0;0;0;0;0;0;0;0;0;0;1;En intersección o nudo;4;Glorieta;;0;No;0;No;0;No;0;No;0;No;0;No;0;No;0;No;0;No;0;No;0;No;0;No;1;Sí;999;Sin especificar;1;Seco y limpio;2;Amanecer o atardecer, sin luz artificial;1;Despejado;;;1;Viento fuerte;17;Otras restricciones;998;No aplica;4;Se desconoce;4.111.771;123.725;POINT (1.23725 41.11771)
77158;2021;8;Agosto;1;LUNES;14;43;Tarragona;43129;Riudoms;;No aplica;1;Carretera;1;VÍAS INTERURBANAS;TV-3101;0.5;4;Se desconoce;5;Otra;6;Carretera Convencional de calzada única;1;Frontal                                            ;0;0;1;1;0;0;1;1;2;0;0;0;0;0;0;0;0;0;0;0;0;0;0;0;0;0;0;0;0;0;0;1;En intersección o nudo;2;En T o Y;;1;Sí;0;No;0;No;0;No;0;No;0;No;0;No;0;No;0;No;0;No;0;No;0;No;0;No;999;Sin especificar;1;Seco y limpio;1;Luz del día natural, solar;1;Despejado;;;1;Viento fuerte;999;Sin especificar;998;No aplica;4;Se desconoce;4.116.047;102.688;POINT (1.02688 41.16047)
64055;2020;9;Septiembre;6;SÁBADO;22;45;Toledo;0;;;No aplica;1;Carretera;1;VÍAS INTERURBANAS;CM-4005;0.73;2;Descendente;2;Autonómica;6;Carretera Convencional de calzada única;12;Salida de la vía por la izquierda con colisión     ;1;0;0;1;1;0;0;1;1;0;0;0;0;1;0;0;0;0;0;0;0;0;0;0;1;0;0;0;0;0;0;1;En intersección o nudo;4;Glorieta;;0;No;0;No;0;No;0;No;1;Sí;0;No;0;No;0;No;0;No;0;No;0;No;0;No;0;No;1;Nivel blanco;1;Seco y limpio;5;Sin luz natural y con iluminación artificial no en;1;Despejado;;;;;1;Buena visibilidad;998;No aplica;1;Recta;3.998.821;-360.451;POINT (-3.60451 39.98821)
67176;2019;3;Marzo;4;JUEVES;15;29;Málaga;29038;Cártama;;No aplica;1;Carretera;1;VÍAS INTERURBANAS;A-7052;1;1;Ascendente;2;Autonómica;6;Carretera Convencional de calzada única;2;Fronto-lateral                                     ;0;0;1;1;0;0;1;1;2;0;0;0;0;0;0;0;0;0;0;0;0;0;0;0;0;0;0;0;0;0;0;2;Fuera de intersección o nudo;;;;999;Sin especificar;999;Sin especificar;999;Sin especificar;999;Sin especificar;999;Sin especificar;999;Sin especificar;999;Sin especificar;999;Sin especificar;999;Sin especificar;999;Sin especificar;999;Sin especificar;999;Sin especificar;999;Sin especificar;999;Sin especificar;1;Seco y limpio;1;Luz del día natural, solar;1;Despejado;;;;;1;Buena visibilidad;998;No aplica;1;Recta;3.671.131;-4.630.741;POINT (-4.630741 36.71131)
36855;2017;7;Julio;4;JUEVES;8;13;Ciudad Real;13054;Membrilla;;No aplica;2;Travesía;2;VÍAS URBANAS;N-430a;167.3;1;Ascendente;5;Otra;6;Carretera Convencional de calzada única;2;Fronto-lateral                                     ;0;0;1;1;0;0;1;1;2;0;0;0;0;0;0;0;0;0;0;0;0;0;0;0;0;0;0;0;0;0;0;1;En intersección o nudo;2;En T o Y;;1;Sí;0;No;0;No;0;No;0;No;0;No;0;No;0;No;0;No;0;No;0;No;0;No;0;No;2;Nivel verde;1;Seco y limpio;1;Luz del día natural, solar;1;Despejado;;;;;6;Deslumbramiento por sol;998;No aplica;1;Recta;3.897.219;-3.348.246;POINT (-3.348246 38.97219)
15765;2017;8;Agosto;5;VIERNES;6;8;Barcelona;0;;;No aplica;1;Carretera;1;VÍAS INTERURBANAS;N-II;654.3;4;Se desconoce;4;Municipal;5;Carretera Convencional de doble calzada;19;Salida de la vía por la derecha otro tipo          ;0;0;1;1;0;0;1;1;1;0;0;0;0;0;0;0;0;0;0;0;0;0;0;0;0;0;0;0;0;0;0;2;Fuera de intersección o nudo;;;;999;Sin especificar;999;Sin especificar;999;Sin especificar;999;Sin especificar;999;Sin especificar;999;Sin especificar;999;Sin especificar;999;Sin especificar;999;Sin especificar;999;Sin especificar;999;Sin especificar;999;Sin especificar;999;Sin especificar;6;Se desconoce;1;Seco y limpio;1;Luz del día natural, solar;1;Despejado;;;;;18;Se desconoce;998;No aplica;4;Se desconoce;4.156.683;252.042;POINT (2.52042 41.56683)
67970;2017;10;Octubre;4;JUEVES;22;28;Madrid;28148;Torrejón de Ardoz;;No aplica;1;Carretera;1;VÍAS INTERURBANAS;A-2;21;2;Descendente;1;Estatal;3;Autovía;5;Múltiple o en caravana                             ;0;0;3;3;0;0;3;3;3;0;0;0;0;0;0;0;0;0;0;0;0;0;0;0;0;0;0;0;0;0;0;2;Fuera de intersección o nudo;;;;999;Sin especificar;999;Sin especificar;999;Sin especificar;999;Sin especificar;999;Sin especificar;999;Sin especificar;999;Sin especificar;999;Sin especificar;999;Sin especificar;999;Sin especificar;999;Sin especificar;999;Sin especificar;999;Sin especificar;1;Nivel blanco;1;Seco y limpio;4;Sin luz natural y con iluminación artificial encen;1;Despejado;;;;;9;Un vehículo (parado, en movimiento, aparcado...);998;No aplica;1;Recta;404.589;-3.479.771;POINT (-3.479771 40.4589)