secuencial;anyo;mes;nombre_mes;dia_semana;nombre_dia_semana;hora;cod_provincia;nombre_provincia;cod_municipio;nombre_codigo_municipio;isla;nombre_isla;zona;nombre_zona;zona_agrupada;nombre_zona_agrupada;carretera;km;sentido_1f;nombre_sentido;titularidad_via;nombre_titularidad_via;tipo_via;nombre_tipo_via;tipo_accidente;nombre_tipo_accidente;total_mu24h;total_hg24h;total_hl24h;total_victimas_24h;total_mu30df;total_hg30df;total_hl30df;total_victimas_30df;total_vehiculos;tot_peat_mu24h;tot_bici_mu24h;tot_ciclo_mu24h;tot_moto_mu24h;tot_tur_mu24h;tot_furg_mu24h;tot_cam_menos3500_mu24h;tot_cam_mas3500_mu24h;tot_bus_mu24h;tot_otro_mu24h;tot_sinespecif_mu24h;tot_peat_mu30df;tot_bici_mu30df;tot_ciclo_mu30df;tot_moto_mu30df;tot_tur_mu30df;tot_furg_mu30df;tot_cam_menos3500_mu30df;tot_cam_mas3500_mu30df;tot_bus_mu30df;tot_otro_mu30df;tot_sinespecif_mu30df;nudo;nombre_nudo;nudo_info;nombre_nudo_info;carretera_cruce;priori_norma;nombre_priori_norma;priori_agente;nombre_priori_agente;priori_semaforo;nombre_priori_semaforo;priori_vert_stop;nombre_priori_vert_stop;priori_vert_ceda;nombre_priori_priori_vert_ceda;priori_horiz_stop;nombre_priori_horiz_stop;priori_horiz_ceda;nombre_priori_horiz_ceda;priori_marcas;nombre_priori_marcas;priori_pea_no_elev;nombre_priori_pea_no_elev;priori_pea_elev;nombre_priori_pea_elev;priori_marca_ciclos;nombre_priori_marca_ciclos;priori_circunstancial;nombre_priori_circunstancial;priori_otra;nombre_priori_otra;condicion_nivel_circula;nombre_condicion_nivel_circula;condicion_firme;nombre_condicion_firme;condicion_iluminacion;nombre_condicion_iluminacion;condicion_meteo;nombre_condicion_meteo;condicion_niebla;nombre_condicion_niebla;condicion_viento;nombre_condicion_viento;visib_restringida_por;nombre_visib_restringida_por;acera;nombre_acera;trazado_planta;nombre_trazado_planta;latitud;longitud;geom
78119;2021;10;Octubre;6;SÁBADO;14;44;Teruel;0;;;No aplica;1;Carretera;1;VÍAS INTERURBANAS;A-1512;54.5;1;Ascendente;2;Autonómica;6;Carretera Convencional de calzada única;9;Vuelco                                             ;0;0;1;1;0;0;1;1;1;0;0;0;0;0;0;0;0;0;0;0;0;0;0;0;0;0;0;0;0;0;0;2;Fuera de intersección o nudo;;;;999;Sin especificar;999;Sin especificar;999;Sin especificar;999;Sin especificar;999;Sin especificar;999;Sin especificar;999;Sin especificar;999;Sin especificar;999;Sin especificar;999;Sin especificar;999;Sin especificar;999;Sin especificar;999;Sin especificar;6;Se desconoce;2;Con barro o gravilla suelta;1;Luz del día natural, solar;2;Nublado;;;;;1;Buena visibilidad;998;No aplica;3;Curva sin señalizar;4.046.602;-161.182;POINT (-1.61182 40.46602)
91754;2019;9;Septiembre;3;MIÉRCOLES;18;46;Valencia/València;0;;;No aplica;1;Carretera;1;VÍAS INTERURBANAS;CV-310;32.1;1;Ascendente;3;Provincial, Cabildo/Consell;6;Carretera Convencional de calzada única;18;Salida de la vía por la derecha con vuelco         ;0;0;1;1;0;0;1;1;1;0;0;0;0;0;0;0;0;0;0;0;0;0;0;0;0;0;0;0;0;0;0;2;Fuera de intersección o nudo;;;;999;Sin especificar;999;Sin especificar;999;Sin especificar;999;Sin especificar;999;Sin especificar;999;Sin especificar;999;Sin especificar;999;Sin especificar;999;Sin especificar;999;Sin especificar;999;Sin especificar;999;Sin especificar;999;Sin especificar;1;Nivel blanco;1;Seco y limpio;1;Luz del día natural, solar;1;Despejado;;;;;1;Buena visibilidad;998;No aplica;3;Curva sin señalizar;3.974.631;-0.37931;POINT (-0.37931 39.74631)
37258;2016;8;Agosto;7;DOMINGO;9;14;Córdoba;14021;Córdoba;;No aplica;1;Carretera;1;VÍAS INTERURBANAS;A-431;15.5;1;Ascendente;2;Autonómica;6;Carretera Convencional de calzada única;19;Salida de la vía por la derecha otro tipo          ;0;0;1;1;0;0;1;1;1;0;0;0;0;0;0;0;0;0;0;0;0;0;0;0;0;0;0;0;0;0;0;2;Fuera de intersección o nudo;;;;999;Sin especificar;999;Sin especificar;999;Sin especificar;999;Sin especificar;999;Sin especificar;999;Sin especificar;999;Sin especificar;999;Sin especificar;999;Sin especificar;999;Sin especificar;999;Sin especificar;999;Sin especificar;999;Sin especificar;1;Nivel blanco;1;Seco y limpio;1;Luz del día natural, solar;1;Despejado;;;;;1;Buena visibilidad;998;No aplica;1;Recta;3.788.473;-4.779.152;POINT (-4.779152 37.88473)
50782;2018;3;Marzo;1;LUNES;18;27;Lugo;0;;;No aplica;1;Carretera;1;VÍAS INTERURBANAS;N-120;513.2;2;Descendente;1;Estatal;6;Carretera Convencional de calzada única;18;Salida de la vía por la derecha con vuelco         ;0;0;2;2;0;0;2;2;1;0;0;0;0;0;0;0;0;0;0;0;0;0;0;0;0;0;0;0;0;0;0;2;Fuera de intersección o nudo;;;;999;Sin especificar;999;Sin especificar;999;Sin especificar;999;Sin especificar;999;Sin especificar;999;Sin especificar;999;Sin especificar;999;Sin especificar;999;Sin especificar;999;Sin especificar;999;Sin especificar;999;Sin especificar;999;Sin especificar;1;Nivel blanco;3;Mojado;1;Luz del día natural, solar;5;Granizando;;;;;5;Factores atmosféricos;998;No aplica;1;Recta;4.253.738;-74.054;POINT (-7.4054 42.53738)
32119;2020;7;Julio;6;SÁBADO;21;23;Jaén;23050;Jaén;;No aplica;1;Carretera;1;VÍAS INTERURBANAS;JA-3209;4.1;2;Descendente;3;Provincial, Cabildo/Consell;6;Carretera Convencional de calzada única;8;Atropello a animales                               ;0;0;1;1;0;0;1;1;1;0;0;0;0;0;0;0;0;0;0;0;0;0;0;0;0;0;0;0;0;0;0;2;Fuera de intersección o nudo;;;;999;Sin especificar;999;Sin especificar;999;Sin especificar;999;Sin especificar;999;Sin especificar;999;Sin especificar;999;Sin especificar;999;Sin especificar;999;Sin especificar;999;Sin especificar;999;Sin especificar;999;Sin especificar;999;Sin especificar;1;Nivel blanco;1;Seco y limpio;1;Luz del día natural, solar;1;Despejado;;;;;1;Buena visibilidad;998;No aplica;1;Recta;3.776.574;-3.789.518;POINT (-3.789518 37.76574)
29661;2020;12;Diciembre;5;VIERNES;20;20;Gipuzkoa;0;;;No aplica;1;Carretera;1;VÍAS INTERURBANAS;A-15;146.6;1;Ascendente;3;Provincial, Cabildo/Consell;3;Autovía;20;Otro tipo de accidente                             ;0;0;1;1;0;0;1;1;2;0;0;0;0;0;0;0;0;0;0;0;0;0;0;0;0;0;0;0;0;0;0;2;Fuera de intersección o nudo;;;;999;Sin especificar;999;Sin especificar;999;Sin especificar;999;Sin especificar;999;Sin especificar;999;Sin especificar;999;Sin especificar;999;Sin especificar;999;Sin especificar;999;Sin especificar;999;Sin especificar;999;Sin especificar;999;Sin especificar;1;Nivel blanco;5;Con hielo;5;Sin luz natural y con iluminación artificial no en;5;Granizando;;;;;5;Factores atmosféricos;998;No aplica;3;Curva sin señalizar;4.314.753;-199.729;POINT (-1.99729 43.14753)
36043;2018;7;Julio;6;SÁBADO;13;13;Ciudad Real;13028;Campo de Criptana;;No aplica;1;Carretera;1;VÍAS INTERURBANAS;CM-310;12.1;2;Descendente;2;Autonómica;6;Carretera Convencional de calzada única;18;Salida de la vía por la derecha con vuelco         ;0;0;2;2;0;0;2;2;1;0;0;0;0;0;0;0;0;0;0;0;0;0;0;0;0;0;0;0;0;0;0;2;Fuera de intersección o nudo;;;;999;Sin especificar;999;Sin especificar;999;Sin especificar;999;Sin especificar;999;Sin especificar;999;Sin especificar;999;Sin especificar;999;Sin especificar;999;Sin especificar;999;Sin especificar;999;Sin especificar;999;Sin especificar;999;Sin especificar;1;Nivel blanco;1;Seco y limpio;1;Luz del día natural, solar;1;Despejado;;;;;1;Buena visibilidad;998;No aplica;2;Curva señalizada;3.940.229;-312.215;POINT (-3.12215 39.40229)
13499;2017;5;Mayo;1;LUNES;13;8;Barcelona;8114;Martorell;;No aplica;1;Carretera;1;VÍAS INTERURBANAS;AP-7;171;4;Se desconoce;1;Estatal;1;Autopista de peaje;20;Otro tipo de accidente                             ;0;0;3;3;0;0;3;3;3;0;0;0;0;0;0;0;0;0;0;0;0;0;0;0;0;0;0;0;0;0;0;2;Fuera de intersección o nudo;;;;999;Sin especificar;999;Sin especificar;999;Sin especificar;999;Sin especificar;999;Sin especificar;999;Sin especificar;999;Sin especificar;999;Sin especificar;999;Sin especificar;999;Sin especificar;999;Sin especificar;999;Sin especificar;999;Sin especificar;6;Se desconoce;1;Seco y limpio;1;Luz del día natural, solar;1;Despejado;;;;;18;Se desconoce;998;No aplica;4;Se desconoce;4.147.355;1.927.682;POINT (1.927682 41.47355)
80977;2016;9;Septiembre;7;DOMINGO;15;38;Santa Cruz de Tenerife;38032;Rosario, El;10;Tenerife;1;Carretera;1;VÍAS INTERURBANAS;TF-1;9.2;1;Ascendente;3;Provincial, Cabildo/Consell;7;Vía de servicio;2;Fronto-lateral                                     ;0;0;1;1;0;0;1;1;2;0;0;0;0;0;0;0;0;0;0;0;0;0;0;0;0;0;0;0;0;0;0;1;En intersección o nudo;2;En T o Y;;1;Sí;0;No;0;No;0;No;0;No;0;No;0;No;0;No;0;No;0;No;0;No;0;No;0;No;1;Nivel blanco;1;Seco y limpio;1;Luz del día natural, solar;1;Despejado;;;;;1;Buena visibilidad;998;No aplica;2;Curva señalizada;2.842.729;-1.635.815;POINT (-16.35815 28.42729)
14664;2018;7;Julio;7;DOMINGO;11;8;Barcelona;8101;Hospitalet de Llobregat, L';;No aplica;1;Carretera;1;VÍAS INTERURBANAS;C-31;195.3;4;Se desconoce;4;Municipal;3;Autovía;9;Vuelco                                             ;0;0;1;1;0;0;1;1;1;0;0;0;0;0;0;0;0;0;0;0;0;0;0;0;0;0;0;0;0;0;0;1;En intersección o nudo;999;Sin especificar;;0;No;0;No;0;No;0;No;0;No;0;No;0;No;0;No;0;No;0;No;0;No;0;No;1;Sí;6;Se desconoce;8;Otra;1;Luz del día natural, solar;1;Despejado;;;;;18;Se desconoce;998;No aplica;4;Se desconoce;4.135.958;2.099.704;POINT (2.099704 41.35958)
12783;2021;4;Abril;2;MARTES;8;8;Barcelona;8019;Barcelona;;No aplica;1;Carretera;1;VÍAS INTERURBANAS;B-20;13.5;4;Se desconoce;5;Otra;3;Autovía;3;Lateral                                            ;0;0;1;1;0;0;1;1;2;0;0;0;0;0;0;0;0;0;0;0;0;0;0;0;0;0;0;0;0;0;0;2;Fuera de intersección o nudo;;;;999;Sin especificar;999;Sin especificar;999;Sin especificar;999;Sin especificar;999;Sin especificar;999;Sin especificar;999;Sin especificar;999;Sin especificar;999;Sin especificar;999;Sin especificar;999;Sin especificar;999;Sin especificar;999;Sin especificar;999;Sin especificar;1;Seco y limpio;1;Luz del día natural, solar;1;Despejado;1;Niebla ligera;1;Viento fuerte;999;Sin especificar;998;No aplica;4;Se desconoce;4.138.792;2.169.919;POINT (2.169919 41.38792)
50295;2020;9;Septiembre;7;DOMINGO;5;30;Murcia;30035;San Javier;;No aplica;1;Carretera;1;VÍAS INTERURBANAS;C. SIFON;0;2;Descendente;5;Otra;14;Otro;16;Salida de la vía por la derecha con colisión       ;0;0;1;1;0;0;1;1;1;0;0;0;0;0;0;0;0;0;0;0;0;0;0;0;0;0;0;0;0;0;0;1;En intersección o nudo;1;En X o +;S-II T-5;0;No;0;No;0;No;1;Sí;0;No;0;No;0;No;0;No;0;No;0;No;0;No;0;No;0;No;1;Nivel blanco;1;Seco y limpio;6;Sin luz natural ni artificial;1;Despejado;;;;;1;Buena visibilidad;998;No aplica;1;Recta;3.780.569;-0.8345491;POINT (-0.8345491 37.80569)
81340;2021;7;Julio;4;JUEVES;13;46;Valencia/València;46257;Villanueva de Castellón;;No aplica;1;Carretera;1;VÍAS INTERURBANAS;CV-560;3.2;2;Descendente;3;Provincial, Cabildo/Consell;6;Carretera Convencional de calzada única;4;Por alcance                                        ;0;0;3;3;0;0;3;3;2;0;0;0;0;0;0;0;0;0;0;0;0;0;0;0;0;0;0;0;0;0;0;1;En intersección o nudo;1;En X o +;;0;No;0;No;0;No;1;Sí;0;No;0;No;0;No;0;No;0;No;0;No;0;No;0;No;0;No;2;Nivel verde;1;Seco y limpio;1;Luz del día natural, solar;1;Despejado;;;;;1;Buena visibilidad;998;No aplica;1;Recta;3.906.971;-0.52024;POINT (-0.52024 39.06971)
6719;2019;10;Octubre;3;MIÉRCOLES;16;7;Balears, Illes;7003;Alcúdia;1;Mallorca;1;Carretera;1;VÍAS INTERURBANAS;Ma-3433;7.8;1;Ascendente;3;Provincial, Cabildo/Consell;6;Carretera Convencional de calzada única;2;Fronto-lateral                                     ;0;0;2;2;0;0;2;2;2;0;0;0;0;0;0;0;0;0;0;0;0;0;0;0;0;0;0;0;0;0;0;1;En intersección o nudo;2;En T o Y;;0;No;0;No;0;No;1;Sí;0;No;0;No;0;No;0;No;0;No;0;No;0;No;0;No;0;No;1;Nivel blanco;1;Seco y limpio;1;Luz del día natural, solar;1;Despejado;;;;;1;Buena visibilidad;998;No aplica;1;Recta;3.985.231;3.122.027;POINT (3.122027 39.85231)
87578;2017;2;Febrero;7;DOMINGO;19;43;Tarragona;0;;;No aplica;1;Carretera;1;VÍAS INTERURBANAS;AP-2;212.2;4;Se desconoce;1;Estatal;1;Autopista de peaje;20;Otro tipo de accidente                             ;0;0;2;2;0;0;2;2;1;0;0;0;0;0;0;0;0;0;0;0;0;0;0;0;0;0;0;0;0;0;0;2;Fuera de intersección o nudo;;;;999;Sin especificar;999;Sin especificar;999;Sin especificar;999;Sin especificar;999;Sin especificar;999;Sin especificar;999;Sin especificar;999;Sin especificar;999;Sin especificar;999;Sin especificar;999;Sin especificar;999;Sin especificar;999;Sin especificar;6;Se desconoce;1;Seco y limpio;6;Sin luz natural ni artificial;1;Despejado;;;;;18;Se desconoce;998;No aplica;4;Se desconoce;4.132.281;132.788;POINT (1.32788 41.32281)
85648;2021;11;Noviembre;2;MARTES;20;50;Zaragoza;50297;Zaragoza;;No aplica;1;Carretera;1;VÍAS INTERURBANAS;N-330;504.4;1;Ascendente;1;Estatal;5;Carretera Convencional de doble calzada;15;Salida de la vía por la izquierda, otro tipo       ;0;0;1;1;0;0;1;1;1;0;0;0;0;0;0;0;0;0;0;0;0;0;0;0;0;0;0;0;0;0;0;2;Fuera de intersección o nudo;;;;999;Sin especificar;999;Sin especificar;999;Sin especificar;999;Sin especificar;999;Sin especificar;999;Sin especificar;999;Sin especificar;999;Sin especificar;999;Sin especificar;999;Sin especificar;999;Sin especificar;999;Sin especificar;999;Sin especificar;1;Nivel blanco;3;Mojado;4;Sin luz natural y con iluminación artificial encen;5;Granizando;;;;;4;Configuración del terreno;998;No aplica;1;Recta;4.165.629;-0.8765379;POINT (-0.8765379 41.65629)
41109;2017;5;Mayo;3;MIÉRCOLES;20;17;Girona;17118;Palamós;;No aplica;1;Carretera;1;VÍAS INTERURBANAS;C-31;324.9;4;Se desconoce;4;Municipal;3;Autovía;3;Lateral                                            ;0;0;2;2;0;0;2;2;2;0;0;0;0;0;0;0;0;0;0;0;0;0;0;0;0;0;0;0;0;0;0;2;Fuera de intersección o nudo;;;;999;Sin especificar;999;Sin especificar;999;Sin especificar;999;Sin especificar;999;Sin especificar;999;Sin especificar;999;Sin especificar;999;Sin especificar;999;Sin especificar;999;Sin especificar;999;Sin especificar;999;Sin especificar;999;Sin especificar;6;Se desconoce;1;Seco y limpio;2;Amanecer o atardecer, sin luz artificial;1;Despejado;;;;;18;Se desconoce;998;No aplica;4;Se desconoce;4.184.676;3.128.636;POINT (3.128636 41.84676)
82279;2016;6;Junio;6;SÁBADO;8;39;Cantabria;0;;;No aplica;1;Carretera;1;VÍAS INTERURBANAS;CA-265;7.5;1;Ascendente;2;Autonómica;6;Carretera Convencional de calzada única;12;Salida de la vía por la izquierda con colisión     ;0;0;1;1;0;0;1;1;1;0;0;0;0;0;0;0;0;0;0;0;0;0;0;0;0;0;0;0;0;0;0;2;Fuera de intersección o nudo;;;;999;Sin especificar;999;Sin especificar;999;Sin especificar;999;Sin especificar;999;Sin especificar;999;Sin especificar;999;Sin especificar;999;Sin especificar;999;Sin especificar;999;Sin especificar;999;Sin especificar;999;Sin especificar;999;Sin especificar;1;Nivel blanco;3;Mojado;1;Luz del día natural, solar;3;Lluvia débil;;;;;999;Sin especificar;998;No aplica;3;Curva sin señalizar;4.321.231;-358.968;POINT (-3.58968 43.21231)
70574;2018;8;Agosto;7;DOMINGO;14;29;Málaga;29068;Manilva;;No aplica;1;Carretera;1;VÍAS INTERURBANAS;A-7;143;1;Ascendente;1;Estatal;3;Autovía;10;Caída                                              ;0;0;2;2;0;0;2;2;1;0;0;0;0;0;0;0;0;0;0;0;0;0;0;0;0;0;0;0;0;0;0;2;Fuera de intersección o nudo;;;;999;Sin especificar;999;Sin especificar;999;Sin especificar;999;Sin especificar;999;Sin especificar;999;Sin especificar;999;Sin especificar;999;Sin especificar;999;Sin especificar;999;Sin especificar;999;Sin especificar;999;Sin especificar;999;Sin especificar;1;Nivel blanco;1;Seco y limpio;1;Luz del día natural, solar;1;Despejado;;;;;1;Buena visibilidad;998;No aplica;1;Recta;3.637.706;-5.249.271;POINT (-5.249271 36.37706)
46703;2018;8;Agosto;5;VIERNES;18;22;Huesca;0;;;No aplica;1;Carretera;1;VÍAS INTERURBANAS;N-230;75.45;1;Ascendente;1;Estatal;6;Carretera Convencional de calzada única;19;Salida de la vía por la derecha otro tipo          ;0;0;1;1;0;0;1;1;1;0;0;0;0;0;0;0;0;0;0;0;0;0;0;0;0;0;0;0;0;0;0;2;Fuera de intersección o nudo;;;;999;Sin especificar;999;Sin especificar;999;Sin especificar;999;Sin especificar;999;Sin especificar;999;Sin especificar;999;Sin especificar;999;Sin especificar;999;Sin especificar;999;Sin especificar;999;Sin especificar;999;Sin especificar;999;Sin especificar;1;Nivel blanco;1;Seco y limpio;1;Luz del día natural, solar;1;Despejado;;;;;1;Buena visibilidad;998;No aplica;1;Recta;4.212.017;0.59627;POINT (0.59627 42.12017)
97711;2017;2;Febrero;5;VIERNES;9;50;Zaragoza;0;;;No aplica;1;Carretera;1;VÍAS INTERURBANAS;A-2;254.95;1;Ascendente;1;Estatal;3;Autovía;6;Colisión contra obstáculo o elemento de la vía     ;0;1;0;1;0;1;0;1;1;0;0;0;0;0;0;0;0;0;0;0;0;0;0;0;0;0;0;0;0;0;0;2;Fuera de intersección o nudo;;;;999;Sin especificar;999;Sin especificar;999;Sin especificar;999;Sin especificar;999;Sin especificar;999;Sin especificar;999;Sin especificar;999;Sin especificar;999;Sin especificar;999;Sin especificar;999;Sin especificar;999;Sin especificar;999;Sin especificar;1;Nivel blanco;1;Seco y limpio;1;Luz del día natural, solar;2;Nublado;;;;;10;Obras;1;No;2;Curva señalizada;4.143.899;-148.023;POINT (-1.48023 41.43899)
42664;2019;8;Agosto;4;JUEVES;19;18;Granada;18105;Iznalloz;;No aplica;1;Carretera;1;VÍAS INTERURBANAS;A-44;92;1;Ascendente;1;Estatal;3;Autovía;4;Por alcance                                        ;0;0;4;4;0;0;4;4;2;0;0;0;0;0;0;0;0;0;0;0;0;0;0;0;0;0;0;0;0;0;0;2;Fuera de intersección o nudo;;;;999;Sin especificar;999;Sin especificar;999;Sin especificar;999;Sin especificar;999;Sin especificar;999;Sin especificar;999;Sin especificar;999;Sin especificar;999;Sin especificar;999;Sin especificar;999;Sin especificar;999;Sin especificar;999;Sin especificar;2;Nivel verde;1;Seco y limpio;1;Luz del día natural, solar;1;Despejado;;;;;1;Buena visibilidad;998;No aplica;1;Recta;373.927;-3.527.549;POINT (-3.527549 37.3927)
80312;2021;8;Agosto;5;VIERNES;0;46;Valencia/València;46193;Picanya;;No aplica;1;Carretera;1;VÍAS INTERURBANAS;CV-36;3.4;2;Descendente;2;Autonómica;3;Autovía;12;Salida de la vía por la izquierda con colisión     ;0;0;1;1;0;0;1;1;1;0;0;0;0;0;0;0;0;0;0;0;0;0;0;0;0;0;0;0;0;0;0;1;En intersección o nudo;2;En T o Y;CV-33;1;Sí;0;No;0;No;0;No;0;No;0;No;0;No;0;No;0;No;0;No;0;No;0;No;0;No;1;Nivel blanco;1;Seco y limpio;4;Sin luz natural y con iluminación artificial encen;1;Despejado;;;;;1;Buena visibilidad;998;No aplica;2;Curva señalizada;3.943.625;-0.4346522;POINT (-0.4346522 39.43625)
93483;2018;8;Agosto;2;MARTES;19;46;Valencia/València;46250;València;;No aplica;1;Carretera;1;VÍAS INTERURBANAS;CV-500;13;1;Ascendente;2;Autonómica;6;Carretera Convencional de calzada única;7;Atropello a personas                               ;0;0;1;1;0;0;1;1;1;0;0;0;0;0;0;0;0;0;0;0;0;0;0;0;0;0;0;0;0;0;0;2;Fuera de intersección o nudo;;;;999;Sin especificar;999;Sin especificar;999;Sin especificar;999;Sin especificar;999;Sin especificar;999;Sin especificar;999;Sin especificar;999;Sin especificar;999;Sin especificar;999;Sin especificar;999;Sin especificar;999;Sin especificar;999;Sin especificar;3;Nivel amarillo;1;Seco y limpio;1;Luz del día natural, solar;1;Despejado;;;;;1;Buena visibilidad;1;No;1;Recta;3.947.024;-0.3768049;POINT (-0.3768049 39.47024)
97949;2019;3;Marzo;6;SÁBADO;8;49;Zamora;0;;;No aplica;1;Carretera;1;VÍAS INTERURBANAS;CL-527;23.41;2;Descendente;2;Autonómica;6;Carretera Convencional de calzada única;18;Salida de la vía por la derecha con vuelco         ;0;1;0;1;0;1;0;1;1;0;0;0;0;0;0;0;0;0;0;0;0;0;0;0;0;0;0;0;0;0;0;2;Fuera de intersección o nudo;;;;999;Sin especificar;999;Sin especificar;999;Sin especificar;999;Sin especificar;999;Sin especificar;999;Sin especificar;999;Sin especificar;999;Sin especificar;999;Sin especificar;999;Sin especificar;999;Sin especificar;999;Sin especificar;999;Sin especificar;1;Nivel blanco;1;Seco y limpio;1;Luz del día natural, solar;1;Despejado;;;;;1;Buena visibilidad;998;No aplica;2;Curva señalizada;4.139.775;-596.124;POINT (-5.96124 41.39775)
52889;2021;3;Marzo;3;MIÉRCOLES;14;28;Madrid;28080;Majadahonda;;No aplica;1;Carretera;1;VÍAS INTERURBANAS;M-503;12.4;3;Ambos;2;Autonómica;5;Carretera Convencional de doble calzada;3;Lateral                                            ;0;0;1;1;0;0;1;1;2;0;0;0;0;0;0;0;0;0;0;0;0;0;0;0;0;0;0;0;0;0;0;1;En intersección o nudo;4;Glorieta;M-516;1;Sí;0;No;0;No;0;No;0;No;0;No;0;No;0;No;0;No;0;No;0;No;0;No;0;No;2;Nivel verde;1;Seco y limpio;1;Luz del día natural, solar;1;Despejado;;;;;1;Buena visibilidad;998;No aplica;2;Curva señalizada;4.047.283;-3.872.304;POINT (-3.872304 40.47283)
88810;2018;10;Octubre;5;VIERNES;18;43;Tarragona;0;;;No aplica;1;Carretera;1;VÍAS INTERURBANAS;TP-2124;2.1;4;Se desconoce;4;Municipal;5;Carretera Convencional de doble calzada;6;Colisión contra obstáculo o elemento de la vía     ;0;0;1;1;0;0;1;1;1;0;0;0;0;0;0;0;0;0;0;0;0;0;0;0;0;0;0;0;0;0;0;1;En intersección o nudo;4;Glorieta;;0;No;0;No;0;No;0;No;0;No;0;No;0;No;0;No;0;No;0;No;0;No;0;No;1;Sí;6;Se desconoce;1;Seco y limpio;1;Luz del día natural, solar;1;Despejado;;;;;18;Se desconoce;998;No aplica;4;Se desconoce;4.127.795;158.752;POINT (1.58752 41.27795)
9538;2019;9;Septiembre;3;MIÉRCOLES;23;7;Balears, Illes;7046;Sant Antoni de Portmany;3;Ibiza;1;Carretera;1;VÍAS INTERURBANAS;EI-600;11.1;2;Descendente;3;Provincial, Cabildo/Consell;5;Carretera Convencional de doble calzada;16;Salida de la vía por la derecha con colisión       ;0;0;1;1;0;0;1;1;1;0;0;0;0;0;0;0;0;0;0;0;0;0;0;0;0;0;0;0;0;0;0;1;En intersección o nudo;4;Glorieta;EI-600;0;No;0;No;0;No;0;No;1;Sí;0;No;0;No;0;No;0;No;0;No;0;No;0;No;0;No;1;Nivel blanco;1;Seco y limpio;4;Sin luz natural y con iluminación artificial encen;1;Despejado;;;;;1;Buena visibilidad;998;No aplica;1;Recta;3.898.012;1.306.587;POINT (1.306587 38.98012)
76495;2018;12;Diciembre;6;SÁBADO;10;33;Asturias;33051;Pravia;;No aplica;1;Carretera;1;VÍAS INTERURBANAS;AS-16;5;3;Ambos;2;Autonómica;6;Carretera Convencional de calzada única;2;Fronto-lateral                                     ;0;0;1;1;0;0;1;1;2;0;0;0;0;0;0;0;0;0;0;0;0;0;0;0;0;0;0;0;0;0;0;2;Fuera de intersección o nudo;;;;999;Sin especificar;999;Sin especificar;999;Sin especificar;999;Sin especificar;999;Sin especificar;999;Sin especificar;999;Sin especificar;999;Sin especificar;999;Sin especificar;999;Sin especificar;999;Sin especificar;999;Sin especificar;999;Sin especificar;1;Nivel blanco;3;Mojado;1;Luz del día natural, solar;2;Nublado;;;;;4;Configuración del terreno;998;No aplica;2;Curva señalizada;4.349.004;-6.112.017;POINT (-6.112017 43.49004)
31591;2016;7;Julio;4;JUEVES;19;9;Burgos;9059;Burgos;;No aplica;1;Carretera;1;VÍAS INTERURBANAS;A-1;235;1;Ascendente;1;Estatal;3;Autovía;4;Por alcance                                        ;0;0;2;2;0;0;2;2;2;0;0;0;0;0;0;0;0;0;0;0;0;0;0;0;0;0;0;0;0;0;0;1;En intersección o nudo;2;En T o Y;;1;Sí;0;No;0;No;0;No;0;No;0;No;0;No;0;No;0;No;0;No;0;No;0;No;0;No;3;Nivel amarillo;1;Seco y limpio;1;Luz del día natural, solar;1;Despejado;;;;;1;Buena visibilidad;998;No aplica;1;Recta;4.234.087;-3.699.731;POINT (-3.699731 42.34087)
78035;2021;12;Diciembre;5;VIERNES;18;44;Teruel;44025;Andorra;;No aplica;1;Carretera;1;VÍAS INTERURBANAS;A-223;11.1;2;Descendente;2;Autonómica;6;Carretera Convencional de calzada única;4;Por alcance                                        ;0;0;1;1;0;0;1;1;2;0;0;0;0;0;0;0;0;0;0;0;0;0;0;0;0;0;0;0;0;0;0;2;Fuera de intersección o nudo;;;;999;Sin especificar;999;Sin especificar;999;Sin especificar;999;Sin especificar;999;Sin especificar;999;Sin especificar;999;Sin especificar;999;Sin especificar;999;Sin especificar;999;Sin especificar;999;Sin especificar;999;Sin especificar;999;Sin especificar;2;Nivel verde;1;Seco y limpio;6;Sin luz natural ni artificial;1;Despejado;;;;;1;Buena visibilidad;998;No aplica;1;Recta;4.097.728;-0.43794;POINT (-0.43794 40.97728)
3714;2018;2;Febrero;5;VIERNES;18;3;Alicante/Alacant;3088;Monforte del Cid;;No aplica;1;Carretera;1;VÍAS INTERURBANAS;A-31;225.9;2;Descendente;1;Estatal;3;Autovía;12;Salida de la vía por la izquierda con colisión     ;0;1;0;1;0;1;0;1;2;0;0;0;0;0;0;0;0;0;0;0;0;0;0;0;0;0;0;0;0;0;0;2;Fuera de intersección o nudo;;;;999;Sin especificar;999;Sin especificar;999;Sin especificar;999;Sin especificar;999;Sin especificar;999;Sin especificar;999;Sin especificar;999;Sin especificar;999;Sin especificar;999;Sin especificar;999;Sin especificar;999;Sin especificar;999;Sin especificar;1;Nivel blanco;1;Seco y limpio;6;Sin luz natural ni artificial;1;Despejado;;;;;1;Buena visibilidad;998;No aplica;2;Curva señalizada;3.837.923;-0.7292369;POINT (-0.7292369 38.37923)