secuencial;anyo;mes;nombre_mes;dia_semana;nombre_dia_semana;hora;cod_provincia;nombre_provincia;cod_municipio;nombre_codigo_municipio;isla;nombre_isla;zona;nombre_zona;zona_agrupada;nombre_zona_agrupada;carretera;km;sentido_1f;nombre_sentido;titularidad_via;nombre_titularidad_via;tipo_via;nombre_tipo_via;tipo_accidente;nombre_tipo_accidente;total_mu24h;total_hg24h;total_hl24h;total_victimas_24h;total_mu30df;total_hg30df;total_hl30df;total_victimas_30df;total_vehiculos;tot_peat_mu24h;tot_bici_mu24h;tot_ciclo_mu24h;tot_moto_mu24h;tot_tur_mu24h;tot_furg_mu24h;tot_cam_menos3500_mu24h;tot_cam_mas3500_mu24h;tot_bus_mu24h;tot_otro_mu24h;tot_sinespecif_mu24h;tot_peat_mu30df;tot_bici_mu30df;tot_ciclo_mu30df;tot_moto_mu30df;tot_tur_mu30df;tot_furg_mu30df;tot_cam_menos3500_mu30df;tot_cam_mas3500_mu30df;tot_bus_mu30df;tot_otro_mu30df;tot_sinespecif_mu30df;nudo;nombre_nudo;nudo_info;nombre_nudo_info;carretera_cruce;priori_norma;nombre_priori_norma;priori_agente;nombre_priori_agente;priori_semaforo;nombre_priori_semaforo;priori_vert_stop;nombre_priori_vert_stop;priori_vert_ceda;nombre_priori_priori_vert_ceda;priori_horiz_stop;nombre_priori_horiz_stop;priori_horiz_ceda;nombre_priori_horiz_ceda;priori_marcas;nombre_priori_marcas;priori_pea_no_elev;nombre_priori_pea_no_elev;priori_pea_elev;nombre_priori_pea_elev;priori_marca_ciclos;nombre_priori_marca_ciclos;priori_circunstancial;nombre_priori_circunstancial;priori_otra;nombre_priori_otra;condicion_nivel_circula;nombre_condicion_nivel_circula;condicion_firme;nombre_condicion_firme;condicion_iluminacion;nombre_condicion_iluminacion;condicion_meteo;nombre_condicion_meteo;condicion_niebla;nombre_condicion_niebla;condicion_viento;nombre_condicion_viento;visib_restringida_por;nombre_visib_restringida_por;acera;nombre_acera;trazado_planta;nombre_trazado_planta;latitud;longitud;geom
20871;2020;11;Noviembre;6;SÁBADO;17;10;Cáceres;0;;;No aplica;1;Carretera;1;VÍAS INTERURBANAS;N-V;287.7;1;Ascendente;1;Estatal;6;Carretera Convencional de calzada única;1;Frontal                                            ;0;0;2;2;0;0;2;2;2;0;0;0;0;0;0;0;0;0;0;0;0;0;0;0;0;0;0;0;0;0;0;2;Fuera de intersección o nudo;;;;999;Sin especificar;999;Sin especificar;999;Sin especificar;999;Sin especificar;999;Sin especificar;999;Sin especificar;999;Sin especificar;999;Sin especificar;999;Sin especificar;999;Sin especificar;999;Sin especificar;999;Sin especificar;999;Sin especificar;1;Nivel blanco;1;Seco y limpio;1;Luz del día natural, solar;2;Nublado;;;;;1;Buena visibilidad;998;No aplica;1;Recta;3.917.261;-58.974;POINT (-5.8974 39.17261)
10322;2018;11;Noviembre;4;JUEVES;7;7;Balears, Illes;7054;Santa Eulària des Riu;3;Ibiza;1;Carretera;1;VÍAS INTERURBANAS;EI-300;5;3;Ambos;3;Provincial, Cabildo/Consell;6;Carretera Convencional de calzada única;2;Fronto-lateral                                     ;0;0;1;1;0;0;1;1;2;0;0;0;0;0;0;0;0;0;0;0;0;0;0;0;0;0;0;0;0;0;0;2;Fuera de intersección o nudo;;;;999;Sin especificar;999;Sin especificar;999;Sin especificar;999;Sin especificar;999;Sin especificar;999;Sin especificar;999;Sin especificar;999;Sin especificar;999;Sin especificar;999;Sin especificar;999;Sin especificar;999;Sin especificar;999;Sin especificar;1;Nivel blanco;1;Seco y limpio;1;Luz del día natural, solar;1;Despejado;;;;;1;Buena visibilidad;998;No aplica;1;Recta;3.898.257;1.530.198;POINT (1.530198 38.98257)
17220;2016;11;Noviembre;7;DOMINGO;17;8;Barcelona;8252;Barberà del Vallès;;No aplica;1;Carretera;1;VÍAS INTERURBANAS;N-150;6;4;Se desconoce;4;Municipal;5;Carretera Convencional de doble calzada;4;Por alcance                                        ;0;0;2;2;0;0;2;2;2;0;0;0;0;0;0;0;0;0;0;0;0;0;0;0;0;0;0;0;0;0;0;2;Fuera de intersección o nudo;;;;999;Sin especificar;999;Sin especificar;999;Sin especificar;999;Sin especificar;999;Sin especificar;999;Sin especificar;999;Sin especificar;999;Sin especificar;999;Sin especificar;999;Sin especificar;999;Sin especificar;999;Sin especificar;999;Sin especificar;6;Se desconoce;3;Mojado;4;Sin luz natural y con iluminación artificial encen;3;Lluvia débil;;;;;18;Se desconoce;998;No aplica;4;Se desconoce;4.151.596;2.124.723;POINT (2.124723 41.51596)
73984;2017;1;Enero;5;VIERNES;21;33;Asturias;33014;Carreño;;No aplica;1;Carretera;1;VÍAS INTERURBANAS;A-8;397;2;Descendente;1;Estatal;3;Autovía;4;Por alcance                                        ;0;0;1;1;0;0;1;1;2;0;0;0;0;0;0;0;0;0;0;0;0;0;0;0;0;0;0;0;0;0;0;1;En intersección o nudo;2;En T o Y;AS-327;0;No;0;No;0;No;0;No;1;Sí;0;No;0;No;0;No;0;No;0;No;0;No;0;No;0;No;1;Nivel blanco;3;Mojado;6;Sin luz natural ni artificial;3;Lluvia débil;;;;;1;Buena visibilidad;998;No aplica;2;Curva señalizada;4.354.855;-5.789.795;POINT (-5.789795 43.54855)
44962;2020;4;Abril;1;LUNES;15;28;Madrid;28149;Torrejón de la Calzada;;No aplica;1;Carretera;1;VÍAS INTERURBANAS;A-42;28;1;Ascendente;1;Estatal;3;Autovía;4;Por alcance                                        ;0;0;2;2;0;0;2;2;2;0;0;0;0;0;0;0;0;0;0;0;0;0;0;0;0;0;0;0;0;0;0;2;Fuera de intersección o nudo;;;;999;Sin especificar;999;Sin especificar;999;Sin especificar;999;Sin especificar;999;Sin especificar;999;Sin especificar;999;Sin especificar;999;Sin especificar;999;Sin especificar;999;Sin especificar;999;Sin especificar;999;Sin especificar;999;Sin especificar;3;Nivel amarillo;1;Seco y limpio;1;Luz del día natural, solar;1;Despejado;;;;;1;Buena visibilidad;998;No aplica;1;Recta;4.020.154;-3.798.929;POINT (-3.798929 40.20154)
64094;2019;12;Diciembre;5;VIERNES;21;28;Madrid;28079;Madrid;;No aplica;1;Carretera;1;VÍAS INTERURBANAS;M-40;6.8;2;Descendente;1;Estatal;2;Autopista libre;4;Por alcance                                        ;0;0;1;1;0;0;1;1;3;0;0;0;0;0;0;0;0;0;0;0;0;0;0;0;0;0;0;0;0;0;0;2;Fuera de intersección o nudo;;;;999;Sin especificar;999;Sin especificar;999;Sin especificar;999;Sin especificar;999;Sin especificar;999;Sin especificar;999;Sin especificar;999;Sin especificar;999;Sin especificar;999;Sin especificar;999;Sin especificar;999;Sin especificar;999;Sin especificar;3;Nivel amarillo;3;Mojado;4;Sin luz natural y con iluminación artificial encen;4;Lluvia fuerte;;;;;18;Se desconoce;998;No aplica;1;Recta;4.041.669;-3.700.346;POINT (-3.700346 40.41669)
90938;2016;6;Junio;4;JUEVES;14;46;Valencia/València;46005;Alaquàs;;No aplica;1;Carretera;1;VÍAS INTERURBANAS;CV-410;0.4;1;Ascendente;2;Autonómica;6;Carretera Convencional de calzada única;4;Por alcance                                        ;0;0;1;1;0;0;1;1;2;0;0;0;0;0;0;0;0;0;0;0;0;0;0;0;0;0;0;0;0;0;0;1;En intersección o nudo;4;Glorieta;CV-410;0;No;0;No;0;No;0;No;1;Sí;0;No;0;No;0;No;0;No;0;No;0;No;0;No;0;No;999;Sin especificar;1;Seco y limpio;1;Luz del día natural, solar;1;Despejado;;;;;999;Sin especificar;998;No aplica;3;Curva sin señalizar;3.945.708;-0.4610681;POINT (-0.4610681 39.45708)
45317;2020;10;Octubre;1;LUNES;12;29;Málaga;29008;Alhaurín el Grande;;No aplica;1;Carretera;1;VÍAS INTERURBANAS;A-404;10.9;1;Ascendente;2;Autonómica;6;Carretera Convencional de calzada única;19;Salida de la vía por la derecha otro tipo          ;0;0;1;1;0;0;1;1;1;0;0;0;0;0;0;0;0;0;0;0;0;0;0;0;0;0;0;0;0;0;0;2;Fuera de intersección o nudo;;;;999;Sin especificar;999;Sin especificar;999;Sin especificar;999;Sin especificar;999;Sin especificar;999;Sin especificar;999;Sin especificar;999;Sin especificar;999;Sin especificar;999;Sin especificar;999;Sin especificar;999;Sin especificar;999;Sin especificar;1;Nivel blanco;1;Seco y limpio;1;Luz del día natural, solar;1;Despejado;;;;;1;Buena visibilidad;998;No aplica;1;Recta;3.664.186;-4.691.447;POINT (-4.691447 36.64186)
54655;2020;10;Octubre;1;LUNES;22;35;Palmas, Las;35030;Tuineje;8;Fuerteventura;1;Carretera;1;VÍAS INTERURBANAS;JUAN GOPAR;1.35;1;Ascendente;4;Municipal;6;Carretera Convencional de calzada única;14;Salida de la vía por la izquierda con vuelco       ;0;0;1;1;0;0;1;1;1;0;0;0;0;0;0;0;0;0;0;0;0;0;0;0;0;0;0;0;0;0;0;2;Fuera de intersección o nudo;;;;999;Sin especificar;999;Sin especificar;999;Sin especificar;999;Sin especificar;999;Sin especificar;999;Sin especificar;999;Sin especificar;999;Sin especificar;999;Sin especificar;999;Sin especificar;999;Sin especificar;999;Sin especificar;999;Sin especificar;1;Nivel blanco;1;Seco y limpio;6;Sin luz natural ni artificial;1;Despejado;;;;;1;Buena visibilidad;998;No aplica;3;Curva sin señalizar;2.832.417;-1.404.758;POINT (-14.04758 28.32417)
52128;2020;5;Mayo;1;LUNES;20;33;Asturias;33025;Gozón;;No aplica;1;Carretera;1;VÍAS INTERURBANAS;AS-118;0.5;2;Descendente;2;Autonómica;6;Carretera Convencional de calzada única;2;Fronto-lateral                                     ;0;1;1;2;0;1;1;2;2;0;0;0;0;0;0;0;0;0;0;0;0;0;0;0;0;0;0;0;0;0;0;1;En intersección o nudo;2;En T o Y;;0;No;0;No;0;No;0;No;1;Sí;0;No;0;No;0;No;0;No;0;No;0;No;0;No;0;No;1;Nivel blanco;1;Seco y limpio;1;Luz del día natural, solar;1;Despejado;;;;;1;Buena visibilidad;998;No aplica;1;Recta;4.360.997;-5.789.972;POINT (-5.789972 43.60997)
65179;2020;12;Diciembre;7;DOMINGO;15;46;Valencia/València;0;;;No aplica;1;Carretera;1;VÍAS INTERURBANAS;A-35;35.1;2;Descendente;1;Estatal;3;Autovía;14;Salida de la vía por la izquierda con vuelco       ;0;0;2;2;0;0;2;2;1;0;0;0;0;0;0;0;0;0;0;0;0;0;0;0;0;0;0;0;0;0;0;2;Fuera de intersección o nudo;;;;999;Sin especificar;999;Sin especificar;999;Sin especificar;999;Sin especificar;999;Sin especificar;999;Sin especificar;999;Sin especificar;999;Sin especificar;999;Sin especificar;999;Sin especificar;999;Sin especificar;999;Sin especificar;999;Sin especificar;1;Nivel blanco;1;Seco y limpio;1;Luz del día natural, solar;1;Despejado;;;;;1;Buena visibilidad;998;No aplica;1;Recta;3.893.246;-0.65967;POINT (-0.65967 38.93246)
3654;2018;11;Noviembre;1;LUNES;18;3;Alicante/Alacant;0;;;No aplica;2;Travesía;2;VÍAS URBANAS;CV-920;1.2;2;Descendente;2;Autonómica;6;Carretera Convencional de calzada única;7;Atropello a personas                               ;0;0;1;1;0;0;1;1;1;0;0;0;0;0;0;0;0;0;0;0;0;0;0;0;0;0;0;0;0;0;0;2;Fuera de intersección o nudo;;;;1;Sí;0;No;0;No;0;No;0;No;0;No;0;No;0;No;0;No;0;No;0;No;0;No;0;No;1;Nivel blanco;1;Seco y limpio;4;Sin luz natural y con iluminación artificial encen;1;Despejado;;;;;1;Buena visibilidad;4;Elevada;1;Recta;3.805.999;-0.87108;POINT (-0.87108 38.05999)
77025;2019;9;Septiembre;7;DOMINGO;11;33;Asturias;33066;Siero;;No aplica;1;Carretera;1;VÍAS INTERURBANAS;N-634;396.95;2;Descendente;1;Estatal;6;Carretera Convencional de calzada única;15;Salida de la vía por la izquierda, otro tipo       ;0;0;1;1;0;0;1;1;1;0;0;0;0;0;0;0;0;0;0;0;0;0;0;0;0;0;0;0;0;0;0;1;En intersección o nudo;4;Glorieta;;0;No;0;No;0;No;0;No;1;Sí;0;No;1;Sí;0;No;0;No;0;No;0;No;0;No;0;No;1;Nivel blanco;1;Seco y limpio;1;Luz del día natural, solar;2;Nublado;;;;;1;Buena visibilidad;998;No aplica;1;Recta;43.383;-5.65;POINT (-5.65 43.383)
51271;2017;4;Abril;6;SÁBADO;11;26;Rioja, La;26084;Lardero;;No aplica;1;Carretera;1;VÍAS INTERURBANAS;LR-254;6;2;Descendente;2;Autonómica;6;Carretera Convencional de calzada única;4;Por alcance                                        ;0;0;1;1;0;0;1;1;2;0;0;0;0;0;0;0;0;0;0;0;0;0;0;0;0;0;0;0;0;0;0;2;Fuera de intersección o nudo;;;;999;Sin especificar;999;Sin especificar;999;Sin especificar;999;Sin especificar;999;Sin especificar;999;Sin especificar;999;Sin especificar;999;Sin especificar;999;Sin especificar;999;Sin especificar;999;Sin especificar;999;Sin especificar;999;Sin especificar;1;Nivel blanco;1;Seco y limpio;1;Luz del día natural, solar;1;Despejado;;;;;1;Buena visibilidad;998;No aplica;1;Recta;4.242.645;-2.461.432;POINT (-2.461432 42.42645)
32513;2018;5;Mayo;6;SÁBADO;2;10;Cáceres;0;;;No aplica;1;Carretera;1;VÍAS INTERURBANAS;EX-370;31.99;2;Descendente;2;Autonómica;6;Carretera Convencional de calzada única;18;Salida de la vía por la derecha con vuelco         ;0;0;1;1;0;0;1;1;1;0;0;0;0;0;0;0;0;0;0;0;0;0;0;0;0;0;0;0;0;0;0;2;Fuera de intersección o nudo;;;;999;Sin especificar;999;Sin especificar;999;Sin especificar;999;Sin especificar;999;Sin especificar;999;Sin especificar;999;Sin especificar;999;Sin especificar;999;Sin especificar;999;Sin especificar;999;Sin especificar;999;Sin especificar;999;Sin especificar;2;Nivel verde;3;Mojado;6;Sin luz natural ni artificial;2;Nublado;;;;;1;Buena visibilidad;998;No aplica;1;Recta;4.013.133;-640.181;POINT (-6.40181 40.13133)
83755;2017;8;Agosto;2;MARTES;18;41;Sevilla;41058;Mairena del Alcor;;No aplica;1;Carretera;1;VÍAS INTERURBANAS;A-398;5.5;1;Ascendente;2;Autonómica;5;Carretera Convencional de doble calzada;19;Salida de la vía por la derecha otro tipo          ;0;0;1;1;0;0;1;1;1;0;0;0;0;0;0;0;0;0;0;0;0;0;0;0;0;0;0;0;0;0;0;1;En intersección o nudo;4;Glorieta;A-398;1;Sí;0;No;0;No;0;No;0;No;0;No;0;No;0;No;0;No;0;No;0;No;0;No;0;No;1;Nivel blanco;1;Seco y limpio;1;Luz del día natural, solar;1;Despejado;;;;;1;Buena visibilidad;1;No;2;Curva señalizada;3.737.316;-5.747.595;POINT (-5.747595 37.37316)
32237;2017;7;Julio;1;LUNES;16;9;Burgos;0;;;No aplica;1;Carretera;1;VÍAS INTERURBANAS;BU-P-7101;8.6;1;Ascendente;3;Provincial, Cabildo/Consell;6;Carretera Convencional de calzada única;5;Múltiple o en caravana                             ;0;0;2;2;0;0;2;2;3;0;0;0;0;0;0;0;0;0;0;0;0;0;0;0;0;0;0;0;0;0;0;2;Fuera de intersección o nudo;;;;999;Sin especificar;999;Sin especificar;999;Sin especificar;999;Sin especificar;999;Sin especificar;999;Sin especificar;999;Sin especificar;999;Sin especificar;999;Sin especificar;999;Sin especificar;999;Sin especificar;999;Sin especificar;999;Sin especificar;3;Nivel amarillo;1;Seco y limpio;1;Luz del día natural, solar;2;Nublado;;;;;17;Otras restricciones;998;No aplica;1;Recta;4.247.848;-312.955;POINT (-3.12955 42.47848)
9276;2021;2;Febrero;1;LUNES;12;8;Barcelona;8205;Sant Cugat del Vallès;;No aplica;1;Carretera;1;VÍAS INTERURBANAS;BP-1417;11;4;Se desconoce;5;Otra;6;Carretera Convencional de calzada única;20;Otro tipo de accidente                             ;0;0;1;1;0;0;1;1;2;0;0;0;0;0;0;0;0;0;0;0;0;0;0;0;0;0;0;0;0;0;0;1;En intersección o nudo;2;En T o Y;;0;No;0;No;0;No;0;No;0;No;0;No;0;No;0;No;0;No;0;No;0;No;0;No;1;Sí;999;Sin especificar;1;Seco y limpio;1;Luz del día natural, solar;1;Despejado;;;1;Viento fuerte;999;Sin especificar;998;No aplica;4;Se desconoce;4.147.186;2.082.139;POINT (2.082139 41.47186)
68014;2018;10;Octubre;7;DOMINGO;17;29;Málaga;29054;Fuengirola;;No aplica;1;Carretera;1;VÍAS INTERURBANAS;AP-7;115.6;1;Ascendente;5;Otra;2;Autopista libre;5;Múltiple o en caravana                             ;0;0;8;8;0;0;8;8;3;0;0;0;0;0;0;0;0;0;0;0;0;0;0;0;0;0;0;0;0;0;0;2;Fuera de intersección o nudo;;;;999;Sin especificar;999;Sin especificar;999;Sin especificar;999;Sin especificar;999;Sin especificar;999;Sin especificar;999;Sin especificar;999;Sin especificar;999;Sin especificar;999;Sin especificar;999;Sin especificar;999;Sin especificar;999;Sin especificar;2;Nivel verde;1;Seco y limpio;1;Luz del día natural, solar;1;Despejado;;;;;1;Buena visibilidad;998;No aplica;1;Recta;3.653.901;-4.624.353;POINT (-4.624353 36.53901)
54187;2021;10;Octubre;2;MARTES;9;28;Madrid;28127;Rozas de Madrid, Las;;No aplica;1;Carretera;1;VÍAS INTERURBANAS;M-50;84.5;1;Ascendente;1;Estatal;2;Autopista libre;4;Por alcance                                        ;0;0;1;1;0;0;1;1;2;0;0;0;0;0;0;0;0;0;0;0;0;0;0;0;0;0;0;0;0;0;0;2;Fuera de intersección o nudo;;;;999;Sin especificar;999;Sin especificar;999;Sin especificar;999;Sin especificar;999;Sin especificar;999;Sin especificar;999;Sin especificar;999;Sin especificar;999;Sin especificar;999;Sin especificar;999;Sin especificar;999;Sin especificar;999;Sin especificar;1;Nivel blanco;1;Seco y limpio;1;Luz del día natural, solar;1;Despejado;;;;;1;Buena visibilidad;998;No aplica;1;Recta;4.052.165;-388.694;POINT (-3.88694 40.52165)
75628;2017;6;Junio;3;MIÉRCOLES;18;33;Asturias;0;;;No aplica;1;Carretera;1;VÍAS INTERURBANAS;AS-228;19.3;1;Ascendente;2;Autonómica;6;Carretera Convencional de calzada única;18;Salida de la vía por la derecha con vuelco         ;0;0;1;1;0;0;1;1;2;0;0;0;0;0;0;0;0;0;0;0;0;0;0;0;0;0;0;0;0;0;0;2;Fuera de intersección o nudo;;;;999;Sin especificar;999;Sin especificar;999;Sin especificar;999;Sin especificar;999;Sin especificar;999;Sin especificar;999;Sin especificar;999;Sin especificar;999;Sin especificar;999;Sin especificar;999;Sin especificar;999;Sin especificar;999;Sin especificar;1;Nivel blanco;1;Seco y limpio;1;Luz del día natural, solar;1;Despejado;;;;;4;Configuración del terreno;998;No aplica;3;Curva sin señalizar;4.321.689;-604.104;POINT (-6.04104 43.21689)
40155;2017;8;Agosto;2;MARTES;16;16;Cuenca;0;;;No aplica;1;Carretera;1;VÍAS INTERURBANAS;A-3;233.2;2;Descendente;1;Estatal;3;Autovía;4;Por alcance                                        ;0;0;3;3;0;0;3;3;2;0;0;0;0;0;0;0;0;0;0;0;0;0;0;0;0;0;0;0;0;0;0;2;Fuera de intersección o nudo;;;;999;Sin especificar;999;Sin especificar;999;Sin especificar;999;Sin especificar;999;Sin especificar;999;Sin especificar;999;Sin especificar;999;Sin especificar;999;Sin especificar;999;Sin especificar;999;Sin especificar;999;Sin especificar;999;Sin especificar;1;Nivel blanco;1;Seco y limpio;1;Luz del día natural, solar;1;Despejado;;;;;1;Buena visibilidad;998;No aplica;1;Recta;3.950.864;-166.501;POINT (-1.66501 39.50864)
5038;2017;11;Noviembre;1;LUNES;9;4;Almería;4013;Almería;;No aplica;1;Carretera;1;VÍAS INTERURBANAS;AL-12;3.5;1;Ascendente;4;Municipal;5;Carretera Convencional de doble calzada;2;Fronto-lateral                                     ;0;0;1;1;0;0;1;1;2;0;0;0;0;0;0;0;0;0;0;0;0;0;0;0;0;0;0;0;0;0;0;1;En intersección o nudo;4;Glorieta;;1;Sí;0;No;0;No;0;No;0;No;0;No;0;No;0;No;0;No;0;No;0;No;0;No;0;No;1;Nivel blanco;1;Seco y limpio;1;Luz del día natural, solar;1;Despejado;;;;;1;Buena visibilidad;998;No aplica;2;Curva señalizada;3.684.016;-2.467.922;POINT (-2.467922 36.84016)
77020;2018;1;Enero;2;MARTES;13;35;Palmas, Las;35003;Antigua;8;Fuerteventura;1;Carretera;1;VÍAS INTERURBANAS;FV-2;16.85;1;Ascendente;2;Autonómica;6;Carretera Convencional de calzada única;14;Salida de la vía por la izquierda con vuelco       ;0;0;1;1;0;0;1;1;1;0;0;0;0;0;0;0;0;0;0;0;0;0;0;0;0;0;0;0;0;0;0;2;Fuera de intersección o nudo;;;;999;Sin especificar;999;Sin especificar;999;Sin especificar;999;Sin especificar;999;Sin especificar;999;Sin especificar;999;Sin especificar;999;Sin especificar;999;Sin especificar;999;Sin especificar;999;Sin especificar;999;Sin especificar;999;Sin especificar;1;Nivel blanco;1;Seco y limpio;1;Luz del día natural, solar;1;Despejado;;;;;1;Buena visibilidad;998;No aplica;2;Curva señalizada;2.842.347;-1.401.455;POINT (-14.01455 28.42347)
3758;2019;6;Junio;3;MIÉRCOLES;15;3;Alicante/Alacant;3099;Orihuela;;No aplica;1;Carretera;1;VÍAS INTERURBANAS;N-340;686.4;2;Descendente;1;Estatal;6;Carretera Convencional de calzada única;4;Por alcance                                        ;0;0;1;1;0;0;1;1;2;0;0;0;0;0;0;0;0;0;0;0;0;0;0;0;0;0;0;0;0;0;0;2;Fuera de intersección o nudo;;;;999;Sin especificar;999;Sin especificar;999;Sin especificar;999;Sin especificar;999;Sin especificar;999;Sin especificar;999;Sin especificar;999;Sin especificar;999;Sin especificar;999;Sin especificar;999;Sin especificar;999;Sin especificar;999;Sin especificar;1;Nivel blanco;1;Seco y limpio;1;Luz del día natural, solar;1;Despejado;;;;;1;Buena visibilidad;998;No aplica;2;Curva señalizada;3.808.395;-0.9447829;POINT (-0.9447829 38.08395)
11036;2018;1;Enero;2;MARTES;13;8;Barcelona;0;;;No aplica;1;Carretera;1;VÍAS INTERURBANAS;C-17;72.5;4;Se desconoce;4;Municipal;3;Autovía;4;Por alcance                                        ;0;0;2;2;0;0;2;2;2;0;0;0;0;0;0;0;0;0;0;0;0;0;0;0;0;0;0;0;0;0;0;1;En intersección o nudo;1;En X o +;;1;Sí;0;No;0;No;0;No;0;No;0;No;0;No;0;No;0;No;0;No;0;No;0;No;0;No;6;Se desconoce;1;Seco y limpio;1;Luz del día natural, solar;1;Despejado;;;;;18;Se desconoce;998;No aplica;4;Se desconoce;4.202.547;224.225;POINT (2.24225 42.02547)
89312;2019;6;Junio;6;SÁBADO;12;43;Tarragona;43148;Tarragona;;No aplica;1;Carretera;1;VÍAS INTERURBANAS;N-340;1166.5;4;Se desconoce;1;Estatal;5;Carretera Convencional de doble calzada;2;Fronto-lateral                                     ;0;0;1;1;0;0;1;1;2;0;0;0;0;0;0;0;0;0;0;0;0;0;0;0;0;0;0;0;0;0;0;1;En intersección o nudo;999;Sin especificar;;0;No;0;No;0;No;0;No;0;No;0;No;0;No;0;No;0;No;0;No;0;No;0;No;1;Sí;6;Se desconoce;1;Seco y limpio;1;Luz del día natural, solar;1;Despejado;;;;;18;Se desconoce;998;No aplica;4;Se desconoce;4.111.866;124.533;POINT (1.24533 41.11866)
80482;2021;11;Noviembre;7;DOMINGO;9;46;Valencia/València;46214;Riba-roja de Túria;;No aplica;1;Carretera;1;VÍAS INTERURBANAS;CV-370;10.6;2;Descendente;3;Provincial, Cabildo/Consell;6;Carretera Convencional de calzada única;18;Salida de la vía por la derecha con vuelco         ;0;0;1;1;0;0;1;1;1;0;0;0;0;0;0;0;0;0;0;0;0;0;0;0;0;0;0;0;0;0;0;2;Fuera de intersección o nudo;;;;999;Sin especificar;999;Sin especificar;999;Sin especificar;999;Sin especificar;999;Sin especificar;999;Sin especificar;999;Sin especificar;999;Sin especificar;999;Sin especificar;999;Sin especificar;999;Sin especificar;999;Sin especificar;999;Sin especificar;1;Nivel blanco;1;Seco y limpio;1;Luz del día natural, solar;1;Despejado;;;;;1;Buena visibilidad;998;No aplica;1;Recta;3.953.679;-0.54144;POINT (-0.54144 39.53679)
100816;2017;12;Diciembre;4;JUEVES;19;28;Madrid;28079;Madrid;;No aplica;1;Carretera;1;VÍAS INTERURBANAS;M-40;10.4;1;Ascendente;1;Estatal;2;Autopista libre;4;Por alcance                                        ;0;0;1;1;0;0;1;1;2;0;0;0;0;0;0;0;0;0;0;0;0;0;0;0;0;0;0;0;0;0;0;1;En intersección o nudo;10;Enlace con carriles de cambio de velocidad paralelos al tronco;;1;Sí;0;No;0;No;0;No;0;No;0;No;0;No;0;No;0;No;0;No;0;No;0;No;0;No;3;Nivel amarillo;1;Seco y limpio;4;Sin luz natural y con iluminación artificial encen;1;Despejado;;;;;1;Buena visibilidad;998;No aplica;1;Recta;4.041.669;-3.700.346;POINT (-3.700346 40.41669)
3000;2021;10;Octubre;4;JUEVES;17;3;Alicante/Alacant;3088;Monforte del Cid;;No aplica;1;Carretera;1;VÍAS INTERURBANAS;CV-820;16.3;2;Descendente;2;Autonómica;6;Carretera Convencional de calzada única;15;Salida de la vía por la izquierda, otro tipo       ;0;0;1;1;0;0;1;1;1;0;0;0;0;0;0;0;0;0;0;0;0;0;0;0;0;0;0;0;0;0;0;1;En intersección o nudo;2;En T o Y;;1;Sí;0;No;0;No;0;No;0;No;0;No;0;No;0;No;0;No;0;No;0;No;0;No;0;No;1;Nivel blanco;1;Seco y limpio;1;Luz del día natural, solar;1;Despejado;;;;;1;Buena visibilidad;998;No aplica;2;Curva señalizada;3.840.494;-0.72066;POINT (-0.72066 38.40494)
51925;2017;8;Agosto;7;DOMINGO;16;27;Lugo;0;;;No aplica;1;Carretera;1;VÍAS INTERURBANAS;LU-862;98.3;1;Ascendente;2;Autonómica;6;Carretera Convencional de calzada única;2;Fronto-lateral                                     ;0;0;3;3;0;0;3;3;2;0;0;0;0;0;0;0;0;0;0;0;0;0;0;0;0;0;0;0;0;0;0;1;En intersección o nudo;4;Glorieta;CG-2.3;0;No;0;No;0;No;0;No;1;Sí;0;No;1;Sí;0;No;0;No;0;No;0;No;0;No;0;No;1;Nivel blanco;1;Seco y limpio;1;Luz del día natural, solar;2;Nublado;;;;;1;Buena visibilidad;998;No aplica;1;Recta;4.368.481;-747.782;POINT (-7.47782 43.68481)
90269;2018;2;Febrero;3;MIÉRCOLES;20;45;Toledo;0;;;No aplica;1;Carretera;1;VÍAS INTERURBANAS;CM-5001;10.7;1;Ascendente;2;Autonómica;6;Carretera Convencional de calzada única;1;Frontal                                            ;1;0;1;2;1;0;1;2;2;0;0;0;0;1;0;0;0;0;0;0;0;0;0;0;1;0;0;0;0;0;0;2;Fuera de intersección o nudo;;;;999;Sin especificar;999;Sin especificar;999;Sin especificar;999;Sin especificar;999;Sin especificar;999;Sin especificar;999;Sin especificar;999;Sin especificar;999;Sin especificar;999;Sin especificar;999;Sin especificar;999;Sin especificar;999;Sin especificar;1;Nivel blanco;1;Seco y limpio;6;Sin luz natural ni artificial;2;Nublado;;;;;4;Configuración del terreno;998;No aplica;3;Curva sin señalizar;4.004.362;-475.789;POINT (-4.75789 40.04362)