secuencial;anyo;mes;nombre_mes;dia_semana;nombre_dia_semana;hora;cod_provincia;nombre_provincia;cod_municipio;nombre_codigo_municipio;isla;nombre_isla;zona;nombre_zona;zona_agrupada;nombre_zona_agrupada;carretera;km;sentido_1f;nombre_sentido;titularidad_via;nombre_titularidad_via;tipo_via;nombre_tipo_via;tipo_accidente;nombre_tipo_accidente;total_mu24h;total_hg24h;total_hl24h;total_victimas_24h;total_mu30df;total_hg30df;total_hl30df;total_victimas_30df;total_vehiculos;tot_peat_mu24h;tot_bici_mu24h;tot_ciclo_mu24h;tot_moto_mu24h;tot_tur_mu24h;tot_furg_mu24h;tot_cam_menos3500_mu24h;tot_cam_mas3500_mu24h;tot_bus_mu24h;tot_otro_mu24h;tot_sinespecif_mu24h;tot_peat_mu30df;tot_bici_mu30df;tot_ciclo_mu30df;tot_moto_mu30df;tot_tur_mu30df;tot_furg_mu30df;tot_cam_menos3500_mu30df;tot_cam_mas3500_mu30df;tot_bus_mu30df;tot_otro_mu30df;tot_sinespecif_mu30df;nudo;nombre_nudo;nudo_info;nombre_nudo_info;carretera_cruce;priori_norma;nombre_priori_norma;priori_agente;nombre_priori_agente;priori_semaforo;nombre_priori_semaforo;priori_vert_stop;nombre_priori_vert_stop;priori_vert_ceda;nombre_priori_priori_vert_ceda;priori_horiz_stop;nombre_priori_horiz_stop;priori_horiz_ceda;nombre_priori_horiz_ceda;priori_marcas;nombre_priori_marcas;priori_pea_no_elev;nombre_priori_pea_no_elev;priori_pea_elev;nombre_priori_pea_elev;priori_marca_ciclos;nombre_priori_marca_ciclos;priori_circunstancial;nombre_priori_circunstancial;priori_otra;nombre_priori_otra;condicion_nivel_circula;nombre_condicion_nivel_circula;condicion_firme;nombre_condicion_firme;condicion_iluminacion;nombre_condicion_iluminacion;condicion_meteo;nombre_condicion_meteo;condicion_niebla;nombre_condicion_niebla;condicion_viento;nombre_condicion_viento;visib_restringida_por;nombre_visib_restringida_por;acera;nombre_acera;trazado_planta;nombre_trazado_planta;latitud;longitud;geom
73276;2016;12;Diciembre;2;MARTES;17;32;Ourense;32032;Xinzo de Limia;;No aplica;1;Carretera;1;VÍAS INTERURBANAS;OU-1107;5.2;1;Ascendente;3;Provincial, Cabildo/Consell;6;Carretera Convencional de calzada única;18;Salida de la vía por la derecha con vuelco         ;0;0;1;1;0;0;1;1;1;0;0;0;0;0;0;0;0;0;0;0;0;0;0;0;0;0;0;0;0;0;0;2;Fuera de intersección o nudo;;;;999;Sin especificar;999;Sin especificar;999;Sin especificar;999;Sin especificar;999;Sin especificar;999;Sin especificar;999;Sin especificar;999;Sin especificar;999;Sin especificar;999;Sin especificar;999;Sin especificar;999;Sin especificar;999;Sin especificar;6;Se desconoce;1;Seco y limpio;1;Luz del día natural, solar;1;Despejado;;;;;18;Se desconoce;998;No aplica;1;Recta;4.206.366;-7.724.412;POINT (-7.724412 42.06366)
27484;2019;11;Noviembre;1;LUNES;8;8;Barcelona;8019;Barcelona;;No aplica;1;Carretera;1;VÍAS INTERURBANAS;B-10;5.5;4;Se desconoce;4;Municipal;3;Autovía;3;Lateral                                            ;0;0;1;1;0;0;1;1;2;0;0;0;0;0;0;0;0;0;0;0;0;0;0;0;0;0;0;0;0;0;0;2;Fuera de intersección o nudo;;;;999;Sin especificar;999;Sin especificar;999;Sin especificar;999;Sin especificar;999;Sin especificar;999;Sin especificar;999;Sin especificar;999;Sin especificar;999;Sin especificar;999;Sin especificar;999;Sin especificar;999;Sin especificar;999;Sin especificar;6;Se desconoce;1;Seco y limpio;5;Sin luz natural y con iluminación artificial no en;1;Despejado;1;Niebla ligera;;;18;Se desconoce;998;No aplica;4;Se desconoce;4.138.792;2.169.919;POINT (2.169919 41.38792)
6753;2019;9;Septiembre;7;DOMINGO;10;7;Balears, Illes;7006;Artà;1;Mallorca;1;Carretera;1;VÍAS INTERURBANAS;Ma-3331;0.1;2;Descendente;3;Provincial, Cabildo/Consell;6;Carretera Convencional de calzada única;15;Salida de la vía por la izquierda, otro tipo       ;0;0;1;1;0;0;1;1;1;0;0;0;0;0;0;0;0;0;0;0;0;0;0;0;0;0;0;0;0;0;0;2;Fuera de intersección o nudo;;;;999;Sin especificar;999;Sin especificar;999;Sin especificar;999;Sin especificar;999;Sin especificar;999;Sin especificar;999;Sin especificar;999;Sin especificar;999;Sin especificar;999;Sin especificar;999;Sin especificar;999;Sin especificar;999;Sin especificar;1;Nivel blanco;1;Seco y limpio;1;Luz del día natural, solar;1;Despejado;;;;;1;Buena visibilidad;998;No aplica;1;Recta;3.969.215;3.349.073;POINT (3.349073 39.69215)
96503;2018;5;Mayo;2;MARTES;13;48;Bizkaia;48902;Erandio;;No aplica;1;Carretera;1;VÍAS INTERURBANAS;BI-738;10.4;2;Descendente;3;Provincial, Cabildo/Consell;6;Carretera Convencional de calzada única;10;Caída                                              ;0;0;1;1;0;0;1;1;1;0;0;0;0;0;0;0;0;0;0;0;0;0;0;0;0;0;0;0;0;0;0;1;En intersección o nudo;2;En T o Y;;1;Sí;0;No;0;No;0;No;0;No;0;No;0;No;0;No;0;No;0;No;0;No;0;No;0;No;1;Nivel blanco;1;Seco y limpio;1;Luz del día natural, solar;1;Despejado;;;;;1;Buena visibilidad;998;No aplica;1;Recta;4.330.746;-2.946.418;POINT (-2.946418 43.30746)
67148;2021;1;Enero;2;MARTES;17;36;Pontevedra;36027;Meaño;;No aplica;1;Carretera;1;VÍAS INTERURBANAS;PO-550;8.5;1;Ascendente;2;Autonómica;6;Carretera Convencional de calzada única;4;Por alcance                                        ;0;0;1;1;0;0;1;1;2;0;0;0;0;0;0;0;0;0;0;0;0;0;0;0;0;0;0;0;0;0;0;2;Fuera de intersección o nudo;;;;999;Sin especificar;999;Sin especificar;999;Sin especificar;999;Sin especificar;999;Sin especificar;999;Sin especificar;999;Sin especificar;999;Sin especificar;999;Sin especificar;999;Sin especificar;999;Sin especificar;999;Sin especificar;999;Sin especificar;1;Nivel blanco;1;Seco y limpio;2;Amanecer o atardecer, sin luz artificial;1;Despejado;;;;;6;Deslumbramiento por sol;998;No aplica;3;Curva sin señalizar;42.45;-8.783.333;POINT (-8.783333 42.45)
35292;2018;7;Julio;1;LUNES;8;12;Castellón/Castelló;12028;Benicasim/Benicàssim;;No aplica;1;Carretera;1;VÍAS INTERURBANAS;N-340;986.4;2;Descendente;1;Estatal;6;Carretera Convencional de calzada única;5;Múltiple o en caravana                             ;0;0;1;1;0;0;1;1;3;0;0;0;0;0;0;0;0;0;0;0;0;0;0;0;0;0;0;0;0;0;0;2;Fuera de intersección o nudo;;;;999;Sin especificar;999;Sin especificar;999;Sin especificar;999;Sin especificar;999;Sin especificar;999;Sin especificar;999;Sin especificar;999;Sin especificar;999;Sin especificar;999;Sin especificar;999;Sin especificar;999;Sin especificar;999;Sin especificar;3;Nivel amarillo;1;Seco y limpio;1;Luz del día natural, solar;1;Despejado;;;;;1;Buena visibilidad;998;No aplica;1;Recta;4.005.554;0.0656074;POINT (0.0656074 40.05554)
65345;2018;9;Septiembre;5;VIERNES;11;28;Madrid;28096;Navalcarnero;;No aplica;1;Carretera;1;VÍAS INTERURBANAS;A-5;30.1;1;Ascendente;1;Estatal;3;Autovía;5;Múltiple o en caravana                             ;1;0;1;2;1;0;1;2;3;0;0;0;0;1;0;0;0;0;0;0;0;0;0;0;1;0;0;0;0;0;0;2;Fuera de intersección o nudo;;;;999;Sin especificar;999;Sin especificar;999;Sin especificar;999;Sin especificar;999;Sin especificar;999;Sin especificar;999;Sin especificar;999;Sin especificar;999;Sin especificar;999;Sin especificar;999;Sin especificar;999;Sin especificar;999;Sin especificar;2;Nivel verde;1;Seco y limpio;1;Luz del día natural, solar;1;Despejado;;;;;1;Buena visibilidad;998;No aplica;1;Recta;4.028.781;-4.013.766;POINT (-4.013766 40.28781)
95795;2017;10;Octubre;3;MIÉRCOLES;15;48;Bizkaia;0;;;No aplica;1;Carretera;1;VÍAS INTERURBANAS;BI-2713;14.4;1;Ascendente;3;Provincial, Cabildo/Consell;5;Carretera Convencional de doble calzada;4;Por alcance                                        ;0;0;2;2;0;0;2;2;2;0;0;0;0;0;0;0;0;0;0;0;0;0;0;0;0;0;0;0;0;0;0;2;Fuera de intersección o nudo;;;;999;Sin especificar;999;Sin especificar;999;Sin especificar;999;Sin especificar;999;Sin especificar;999;Sin especificar;999;Sin especificar;999;Sin especificar;999;Sin especificar;999;Sin especificar;999;Sin especificar;999;Sin especificar;999;Sin especificar;1;Nivel blanco;1;Seco y limpio;1;Luz del día natural, solar;1;Despejado;;;;;1;Buena visibilidad;998;No aplica;1;Recta;4.326.592;-279.046;POINT (-2.79046 43.26592)
2078;2020;3;Marzo;1;LUNES;5;3;Alicante/Alacant;3059;Crevillent;;No aplica;1;Carretera;1;VÍAS INTERURBANAS;A-7;528.3;3;Ambos;1;Estatal;3;Autovía;12;Salida de la vía por la izquierda con colisión     ;3;0;0;3;3;0;0;3;3;0;0;0;0;1;0;0;2;0;0;0;0;0;0;0;1;0;0;2;0;0;0;2;Fuera de intersección o nudo;;;;999;Sin especificar;999;Sin especificar;999;Sin especificar;999;Sin especificar;999;Sin especificar;999;Sin especificar;999;Sin especificar;999;Sin especificar;999;Sin especificar;999;Sin especificar;999;Sin especificar;999;Sin especificar;999;Sin especificar;1;Nivel blanco;1;Seco y limpio;6;Sin luz natural ni artificial;2;Nublado;;;;;1;Buena visibilidad;998;No aplica;1;Recta;3.824.703;-0.803492;POINT (-0.803492 38.24703)
65127;2019;9;Septiembre;7;DOMINGO;13;28;Madrid;0;;;No aplica;1;Carretera;1;VÍAS INTERURBANAS;M-133;2.35;1;Ascendente;2;Autonómica;6;Carretera Convencional de calzada única;10;Caída                                              ;0;0;1;1;0;0;1;1;1;0;0;0;0;0;0;0;0;0;0;0;0;0;0;0;0;0;0;0;0;0;0;2;Fuera de intersección o nudo;;;;999;Sin especificar;999;Sin especificar;999;Sin especificar;999;Sin especificar;999;Sin especificar;999;Sin especificar;999;Sin especificar;999;Sin especificar;999;Sin especificar;999;Sin especificar;999;Sin especificar;999;Sin especificar;999;Sin especificar;1;Nivel blanco;1;Seco y limpio;1;Luz del día natural, solar;1;Despejado;;;;;1;Buena visibilidad;998;No aplica;2;Curva señalizada;4.087.371;-35.282;POINT (-3.5282 40.87371)
54509;2016;7;Julio;3;MIÉRCOLES;14;28;Madrid;28065;Getafe;;No aplica;1;Carretera;1;VÍAS INTERURBANAS;A-42;13.6;1;Ascendente;1;Estatal;3;Autovía;4;Por alcance                                        ;0;0;1;1;0;0;1;1;2;0;0;0;0;0;0;0;0;0;0;0;0;0;0;0;0;0;0;0;0;0;0;2;Fuera de intersección o nudo;;;;999;Sin especificar;999;Sin especificar;999;Sin especificar;999;Sin especificar;999;Sin especificar;999;Sin especificar;999;Sin especificar;999;Sin especificar;999;Sin especificar;999;Sin especificar;999;Sin especificar;999;Sin especificar;999;Sin especificar;1;Nivel blanco;1;Seco y limpio;1;Luz del día natural, solar;1;Despejado;;;;;1;Buena visibilidad;998;No aplica;1;Recta;4.030.498;-3.732.677;POINT (-3.732677 40.30498)
83698;2021;11;Noviembre;4;JUEVES;8;48;Bizkaia;0;;;No aplica;1;Carretera;1;VÍAS INTERURBANAS;N-637;24.7;2;Descendente;5;Otra;3;Autovía;4;Por alcance                                        ;0;0;1;1;0;0;1;1;3;0;0;0;0;0;0;0;0;0;0;0;0;0;0;0;0;0;0;0;0;0;0;2;Fuera de intersección o nudo;;;;999;Sin especificar;999;Sin especificar;999;Sin especificar;999;Sin especificar;999;Sin especificar;999;Sin especificar;999;Sin especificar;999;Sin especificar;999;Sin especificar;999;Sin especificar;999;Sin especificar;999;Sin especificar;999;Sin especificar;1;Nivel blanco;1;Seco y limpio;1;Luz del día natural, solar;2;Nublado;;;;;1;Buena visibilidad;998;No aplica;1;Recta;4.326.275;-281.942;POINT (-2.81942 43.26275)
79013;2019;7;Julio;5;VIERNES;15;36;Pontevedra;0;;;No aplica;1;Carretera;1;VÍAS INTERURBANAS;A-52;281.5;2;Descendente;1;Estatal;3;Autovía;18;Salida de la vía por la derecha con vuelco         ;0;0;1;1;0;0;1;1;1;0;0;0;0;0;0;0;0;0;0;0;0;0;0;0;0;0;0;0;0;0;0;2;Fuera de intersección o nudo;;;;999;Sin especificar;999;Sin especificar;999;Sin especificar;999;Sin especificar;999;Sin especificar;999;Sin especificar;999;Sin especificar;999;Sin especificar;999;Sin especificar;999;Sin especificar;999;Sin especificar;999;Sin especificar;999;Sin especificar;1;Nivel blanco;1;Seco y limpio;1;Luz del día natural, solar;1;Despejado;;;;;1;Buena visibilidad;998;No aplica;1;Recta;4.217.179;-837.603;POINT (-8.37603 42.17179)
3763;2019;6;Junio;6;SÁBADO;16;3;Alicante/Alacant;3099;Orihuela;;No aplica;1;Carretera;1;VÍAS INTERURBANAS;CV-925;17.5;1;Ascendente;2;Autonómica;6;Carretera Convencional de calzada única;18;Salida de la vía por la derecha con vuelco         ;0;0;1;1;0;0;1;1;1;0;0;0;0;0;0;0;0;0;0;0;0;0;0;0;0;0;0;0;0;0;0;2;Fuera de intersección o nudo;;;;999;Sin especificar;999;Sin especificar;999;Sin especificar;999;Sin especificar;999;Sin especificar;999;Sin especificar;999;Sin especificar;999;Sin especificar;999;Sin especificar;999;Sin especificar;999;Sin especificar;999;Sin especificar;999;Sin especificar;1;Nivel blanco;1;Seco y limpio;1;Luz del día natural, solar;1;Despejado;;;;;1;Buena visibilidad;998;No aplica;2;Curva señalizada;3.808.395;-0.9447829;POINT (-0.9447829 38.08395)
16354;2019;12;Diciembre;3;MIÉRCOLES;16;8;Barcelona;8126;Montgat;;No aplica;1;Carretera;1;VÍAS INTERURBANAS;N-II;632.2;4;Se desconoce;4;Municipal;5;Carretera Convencional de doble calzada;7;Atropello a personas                               ;0;0;1;1;0;0;1;1;1;0;0;0;0;0;0;0;0;0;0;0;0;0;0;0;0;0;0;0;0;0;0;1;En intersección o nudo;2;En T o Y;;0;No;0;No;0;No;0;No;0;No;0;No;0;No;0;No;0;No;0;No;0;No;0;No;1;Sí;6;Se desconoce;1;Seco y limpio;1;Luz del día natural, solar;1;Despejado;;;;;18;Se desconoce;999;Sin especificar;4;Se desconoce;4.146.645;2.279.088;POINT (2.279088 41.46645)
89277;2019;6;Junio;2;MARTES;8;43;Tarragona;43047;Constantí;;No aplica;1;Carretera;1;VÍAS INTERURBANAS;AP-7;248.6;4;Se desconoce;1;Estatal;1;Autopista de peaje;4;Por alcance                                        ;0;0;1;1;0;0;1;1;2;0;0;0;0;0;0;0;0;0;0;0;0;0;0;0;0;0;0;0;0;0;0;2;Fuera de intersección o nudo;;;;999;Sin especificar;999;Sin especificar;999;Sin especificar;999;Sin especificar;999;Sin especificar;999;Sin especificar;999;Sin especificar;999;Sin especificar;999;Sin especificar;999;Sin especificar;999;Sin especificar;999;Sin especificar;999;Sin especificar;6;Se desconoce;1;Seco y limpio;1;Luz del día natural, solar;1;Despejado;;;;;18;Se desconoce;998;No aplica;4;Se desconoce;4.115.104;1.216.675;POINT (1.216675 41.15104)
32516;2019;4;Abril;7;DOMINGO;18;11;Cádiz;11015;Chiclana de la Frontera;;No aplica;1;Carretera;1;VÍAS INTERURBANAS;A-48;0.5;2;Descendente;1;Estatal;3;Autovía;5;Múltiple o en caravana                             ;0;0;1;1;0;0;1;1;4;0;0;0;0;0;0;0;0;0;0;0;0;0;0;0;0;0;0;0;0;0;0;2;Fuera de intersección o nudo;;;;999;Sin especificar;999;Sin especificar;999;Sin especificar;999;Sin especificar;999;Sin especificar;999;Sin especificar;999;Sin especificar;999;Sin especificar;999;Sin especificar;999;Sin especificar;999;Sin especificar;999;Sin especificar;999;Sin especificar;3;Nivel amarillo;1;Seco y limpio;1;Luz del día natural, solar;1;Despejado;;;;;1;Buena visibilidad;998;No aplica;1;Recta;3.641.915;-6.149.412;POINT (-6.149412 36.41915)
44621;2016;5;Mayo;5;VIERNES;16;18;Granada;0;;;No aplica;1;Carretera;1;VÍAS INTERURBANAS;GR-3204;3;1;Ascendente;3;Provincial, Cabildo/Consell;6;Carretera Convencional de calzada única;16;Salida de la vía por la derecha con colisión       ;0;0;1;1;0;0;1;1;1;0;0;0;0;0;0;0;0;0;0;0;0;0;0;0;0;0;0;0;0;0;0;2;Fuera de intersección o nudo;;;;999;Sin especificar;999;Sin especificar;999;Sin especificar;999;Sin especificar;999;Sin especificar;999;Sin especificar;999;Sin especificar;999;Sin especificar;999;Sin especificar;999;Sin especificar;999;Sin especificar;999;Sin especificar;999;Sin especificar;1;Nivel blanco;3;Mojado;1;Luz del día natural, solar;2;Nublado;;;;;999;Sin especificar;998;No aplica;2;Curva señalizada;3.693.759;-35.665;POINT (-3.5665 36.93759)
82119;2017;12;Diciembre;3;MIÉRCOLES;10;39;Cantabria;39042;Medio Cudeyo;;No aplica;2;Travesía;2;VÍAS URBANAS;N-634a;199.3;2;Descendente;4;Municipal;9;Calle;7;Atropello a personas                               ;0;0;1;1;0;0;1;1;1;0;0;0;0;0;0;0;0;0;0;0;0;0;0;0;0;0;0;0;0;0;0;2;Fuera de intersección o nudo;;;;999;Sin especificar;999;Sin especificar;999;Sin especificar;999;Sin especificar;999;Sin especificar;999;Sin especificar;999;Sin especificar;999;Sin especificar;999;Sin especificar;999;Sin especificar;999;Sin especificar;999;Sin especificar;999;Sin especificar;6;Se desconoce;3;Mojado;1;Luz del día natural, solar;3;Lluvia débil;;;;;1;Buena visibilidad;4;Elevada;1;Recta;4.338.139;-3.731.667;POINT (-3.731667 43.38139)
14912;2017;7;Julio;5;VIERNES;15;8;Barcelona;8101;Hospitalet de Llobregat, L';;No aplica;1;Carretera;1;VÍAS INTERURBANAS;C-31;196;4;Se desconoce;4;Municipal;3;Autovía;3;Lateral                                            ;0;0;1;1;0;0;1;1;2;0;0;0;0;0;0;0;0;0;0;0;0;0;0;0;0;0;0;0;0;0;0;2;Fuera de intersección o nudo;;;;999;Sin especificar;999;Sin especificar;999;Sin especificar;999;Sin especificar;999;Sin especificar;999;Sin especificar;999;Sin especificar;999;Sin especificar;999;Sin especificar;999;Sin especificar;999;Sin especificar;999;Sin especificar;999;Sin especificar;6;Se desconoce;1;Seco y limpio;1;Luz del día natural, solar;1;Despejado;;;;;18;Se desconoce;998;No aplica;4;Se desconoce;4.133.047;2.093.149;POINT (2.093149 41.33047)
96961;2019;11;Noviembre;4;JUEVES;18;48;Bizkaia;0;;;No aplica;1;Carretera;1;VÍAS INTERURBANAS;BI-3707;10.1;2;Descendente;3;Provincial, Cabildo/Consell;6;Carretera Convencional de calzada única;4;Por alcance                                        ;0;0;1;1;0;0;1;1;2;0;0;0;0;0;0;0;0;0;0;0;0;0;0;0;0;0;0;0;0;0;0;2;Fuera de intersección o nudo;;;;999;Sin especificar;999;Sin especificar;999;Sin especificar;999;Sin especificar;999;Sin especificar;999;Sin especificar;999;Sin especificar;999;Sin especificar;999;Sin especificar;999;Sin especificar;999;Sin especificar;999;Sin especificar;999;Sin especificar;2;Nivel verde;3;Mojado;4;Sin luz natural y con iluminación artificial encen;2;Nublado;;;;;1;Buena visibilidad;998;No aplica;1;Recta;4.331.213;-293.469;POINT (-2.93469 43.31213)
25448;2020;6;Junio;2;MARTES;17;15;Coruña, A;0;;;No aplica;1;Carretera;1;VÍAS INTERURBANAS;DP-3204;0.2;2;Descendente;3;Provincial, Cabildo/Consell;6;Carretera Convencional de calzada única;12;Salida de la vía por la izquierda con colisión     ;0;0;1;1;0;0;1;1;3;0;0;0;0;0;0;0;0;0;0;0;0;0;0;0;0;0;0;0;0;0;0;2;Fuera de intersección o nudo;;;;999;Sin especificar;999;Sin especificar;999;Sin especificar;999;Sin especificar;999;Sin especificar;999;Sin especificar;999;Sin especificar;999;Sin especificar;999;Sin especificar;999;Sin especificar;999;Sin especificar;999;Sin especificar;999;Sin especificar;1;Nivel blanco;1;Seco y limpio;1;Luz del día natural, solar;1;Despejado;;;;;1;Buena visibilidad;998;No aplica;1;Recta;4.312.412;-814.723;POINT (-8.14723 43.12412)
66103;2019;10;Octubre;1;LUNES;7;28;Madrid;28141;Sevilla la Nueva;;No aplica;1;Carretera;1;VÍAS INTERURBANAS;M-600;41;2;Descendente;2;Autonómica;6;Carretera Convencional de calzada única;5;Múltiple o en caravana                             ;0;0;1;1;0;0;1;1;3;0;0;0;0;0;0;0;0;0;0;0;0;0;0;0;0;0;0;0;0;0;0;2;Fuera de intersección o nudo;;;;999;Sin especificar;999;Sin especificar;999;Sin especificar;999;Sin especificar;999;Sin especificar;999;Sin especificar;999;Sin especificar;999;Sin especificar;999;Sin especificar;999;Sin especificar;999;Sin especificar;999;Sin especificar;999;Sin especificar;1;Nivel blanco;1;Seco y limpio;1;Luz del día natural, solar;2;Nublado;;;;;1;Buena visibilidad;998;No aplica;1;Recta;4.034.781;-4.027.501;POINT (-4.027501 40.34781)
47582;2018;6;Junio;1;LUNES;12;24;León;24008;Astorga;;No aplica;1;Carretera;1;VÍAS INTERURBANAS;LE-6304;0.2;2;Descendente;3;Provincial, Cabildo/Consell;6;Carretera Convencional de calzada única;15;Salida de la vía por la izquierda, otro tipo       ;0;0;2;2;0;0;2;2;1;0;0;0;0;0;0;0;0;0;0;0;0;0;0;0;0;0;0;0;0;0;0;2;Fuera de intersección o nudo;;;;999;Sin especificar;999;Sin especificar;999;Sin especificar;999;Sin especificar;999;Sin especificar;999;Sin especificar;999;Sin especificar;999;Sin especificar;999;Sin especificar;999;Sin especificar;999;Sin especificar;999;Sin especificar;999;Sin especificar;1;Nivel blanco;1;Seco y limpio;1;Luz del día natural, solar;2;Nublado;;;;;1;Buena visibilidad;998;No aplica;1;Recta;424.589;-6.063.526;POINT (-6.063526 42.4589)
25635;2021;6;Junio;1;LUNES;15;10;Cáceres;0;;;No aplica;1;Carretera;1;VÍAS INTERURBANAS;EX-108;9.5;1;Ascendente;2;Autonómica;6;Carretera Convencional de calzada única;1;Frontal                                            ;0;0;2;2;0;0;2;2;2;0;0;0;0;0;0;0;0;0;0;0;0;0;0;0;0;0;0;0;0;0;0;1;En intersección o nudo;2;En T o Y;;1;Sí;0;No;0;No;0;No;0;No;0;No;0;No;0;No;0;No;0;No;0;No;0;No;0;No;1;Nivel blanco;1;Seco y limpio;1;Luz del día natural, solar;1;Despejado;;;;;1;Buena visibilidad;998;No aplica;1;Recta;3.990.118;-568.413;POINT (-5.68413 39.90118)
39403;2017;11;Noviembre;5;VIERNES;8;15;Coruña, A;15058;Oleiros;;No aplica;1;Carretera;1;VÍAS INTERURBANAS;AC-12;4.5;2;Descendente;1;Estatal;5;Carretera Convencional de doble calzada;4;Por alcance                                        ;0;0;2;2;0;0;2;2;2;0;0;0;0;0;0;0;0;0;0;0;0;0;0;0;0;0;0;0;0;0;0;2;Fuera de intersección o nudo;;;;999;Sin especificar;999;Sin especificar;999;Sin especificar;999;Sin especificar;999;Sin especificar;999;Sin especificar;999;Sin especificar;999;Sin especificar;999;Sin especificar;999;Sin especificar;999;Sin especificar;999;Sin especificar;999;Sin especificar;3;Nivel amarillo;3;Mojado;1;Luz del día natural, solar;3;Lluvia débil;;;;;4;Configuración del terreno;998;No aplica;2;Curva señalizada;4.337.087;-8.395.835;POINT (-8.395835 43.37087)
46683;2016;10;Octubre;1;LUNES;17;20;Gipuzkoa;;;;No aplica;1;Carretera;1;VÍAS INTERURBANAS;AP-1;139.5;2;Descendente;3;Provincial, Cabildo/Consell;1;Autopista de peaje;4;Por alcance                                        ;0;0;3;3;0;0;3;3;4;0;0;0;0;0;0;0;0;0;0;0;0;0;0;0;0;0;0;0;0;0;0;2;Fuera de intersección o nudo;;;;999;Sin especificar;999;Sin especificar;999;Sin especificar;999;Sin especificar;999;Sin especificar;999;Sin especificar;999;Sin especificar;999;Sin especificar;999;Sin especificar;999;Sin especificar;999;Sin especificar;999;Sin especificar;999;Sin especificar;1;Nivel blanco;1;Seco y limpio;1;Luz del día natural, solar;1;Despejado;;;;;1;Buena visibilidad;998;No aplica;1;Recta;4.313.936;-242.629;POINT (-2.42629 43.13936)
36983;2019;5;Mayo;2;MARTES;14;15;Coruña, A;15008;Bergondo;;No aplica;1;Carretera;1;VÍAS INTERURBANAS;SD;0.6;1;Ascendente;2;Autonómica;6;Carretera Convencional de calzada única;2;Fronto-lateral                                     ;1;0;0;1;1;0;0;1;2;0;0;0;1;0;0;0;0;0;0;0;0;0;0;1;0;0;0;0;0;0;0;2;Fuera de intersección o nudo;;;;999;Sin especificar;999;Sin especificar;999;Sin especificar;999;Sin especificar;999;Sin especificar;999;Sin especificar;999;Sin especificar;999;Sin especificar;999;Sin especificar;999;Sin especificar;999;Sin especificar;999;Sin especificar;999;Sin especificar;1;Nivel blanco;1;Seco y limpio;1;Luz del día natural, solar;1;Despejado;;;;;1;Buena visibilidad;998;No aplica;1;Recta;4.331.667;-8.233.334;POINT (-8.233334 43.31667)
14523;2017;6;Junio;5;VIERNES;9;8;Barcelona;8076;Esparreguera;;No aplica;1;Carretera;1;VÍAS INTERURBANAS;B-231;3;4;Se desconoce;4;Municipal;5;Carretera Convencional de doble calzada;7;Atropello a personas                               ;0;0;1;1;0;0;1;1;1;0;0;0;0;0;0;0;0;0;0;0;0;0;0;0;0;0;0;0;0;0;0;2;Fuera de intersección o nudo;;;;999;Sin especificar;999;Sin especificar;999;Sin especificar;999;Sin especificar;999;Sin especificar;999;Sin especificar;999;Sin especificar;999;Sin especificar;999;Sin especificar;999;Sin especificar;999;Sin especificar;999;Sin especificar;999;Sin especificar;6;Se desconoce;1;Seco y limpio;1;Luz del día natural, solar;1;Despejado;;;;;18;Se desconoce;999;Sin especificar;4;Se desconoce;4.153.889;1.870.692;POINT (1.870692 41.53889)
76662;2016;3;Marzo;2;MARTES;13;35;Palmas, Las;35019;San Bartolomé de Tirajana;7;Gran Canaria;1;Carretera;1;VÍAS INTERURBANAS;GC-1;36;1;Ascendente;2;Autonómica;2;Autopista libre;12;Salida de la vía por la izquierda con colisión     ;0;0;3;3;0;0;3;3;1;0;0;0;0;0;0;0;0;0;0;0;0;0;0;0;0;0;0;0;0;0;0;2;Fuera de intersección o nudo;;;;999;Sin especificar;999;Sin especificar;999;Sin especificar;999;Sin especificar;999;Sin especificar;999;Sin especificar;999;Sin especificar;999;Sin especificar;999;Sin especificar;999;Sin especificar;999;Sin especificar;999;Sin especificar;999;Sin especificar;1;Nivel blanco;1;Seco y limpio;1;Luz del día natural, solar;1;Despejado;;;;;999;Sin especificar;998;No aplica;1;Recta;2.792.461;-15.573;POINT (-15.573 27.92461)